fixture_id,p,q,tau,is_projection_fall_state,projection_crossings,inflation_level,scale_regime,cell_scale,occupied_tetrahedra,itinerary_transitions,unique_transition_pairs,occupied_type_simplex_classes,occupancy_entropy,maximum_cell_curvature_fraction,mean_cell_diameter,positive_space_form_force_mean_per_mv2,positive_space_form_force_max_per_mv2,negative_space_form_force_mean_per_mv2,negative_space_form_force_min_per_mv2,space_form_force_asymmetry_ratio,visited_defect_class_count,minimum_visited_bounded_relation_residual,median_visited_bounded_relation_residual,nonzero_projected_winding_count,nonzero_projected_winding_fraction,maximum_absolute_projected_winding,total_polygonal_turning,tangent_holonomy_angle
hopf_core_unknot,1,1,0.0,False,0,-2,microscopic,0.06875388202501892,192,192,192,40,4.897582761001868,0.02734288047386336,0.2128087890181121,2.4181658982976577,3.5607222993859358,-2.319454457181132,-3.4153708039258546,1.0425580423926457,40,0.00021040931345984198,0.0015844813345791177,71,0.36979166666666663,1,6.283185307180026,0.0
hopf_core_unknot,1,1,0.0,False,0,-1,microscopic,0.11124611797498106,136,136,136,33,4.509306798749641,0.0527325508802009,0.3413442122766319,1.5062127177932456,1.8027447072407718,-1.4447279254942234,-1.7291552450197556,1.0425580423926457,33,0.00021040931345984198,0.0010959239687638408,76,0.5588235294117647,1,6.283185307180026,0.0
hopf_core_unknot,1,1,0.0,False,0,0,mesoscopic,0.18,93,93,93,34,4.066424534228584,0.0566388375182095,0.5492514440554469,0.937194610396175,1.3600748938657492,-0.8989375864823179,-1.3045555629156242,1.0425580423926457,34,0.00021040931345984198,0.0015154609818577242,51,0.5483870967741936,1,6.283185307180026,0.0
hopf_core_unknot,1,1,0.0,False,0,1,macroscopic,0.29124611797498107,57,57,57,28,3.5555082380049403,0.12499541529335527,0.8594626366375545,0.5977794989072045,0.6885872051269943,-0.5733776678134053,-0.6604785317723925,1.0425580423926457,28,0.00021040931345984198,0.0010959239687636994,27,0.47368421052631576,1,6.283185307180026,0.0
hopf_core_unknot,1,1,0.0,False,0,2,macroscopic,0.47124611797498106,37,38,38,16,3.1981139278667863,0.1562445057255808,1.427364333057794,0.3607087212812302,0.42557029698677845,-0.3459843064980942,-0.40819818147496595,1.0425580423926457,16,0.00021040931346040742,0.0013654373146512206,19,0.5135135135135136,1,6.283185307180026,0.0
hopf_core_unknot,1,1,0.02,False,0,-2,microscopic,0.06875388202501892,193,193,193,40,4.941731078810643,0.0331598560646276,0.2120924233027414,2.429450269024171,3.5607222993859358,-2.3302781909855503,-3.4153708039258546,1.0425580423926457,40,0.00021040931345984198,0.0015844813345791177,94,0.48704663212435234,1,6.283185307179342,0.0
hopf_core_unknot,1,1,0.02,False,0,-1,microscopic,0.11124611797498106,125,125,125,35,4.3928131496411185,0.06746586514161401,0.34167449365381686,1.5051195484257458,1.8027447072407718,-1.443679380163365,-1.7291552450197556,1.0425580423926457,35,0.00021040931345984198,0.0015154609818577242,70,0.56,1,6.283185307179342,0.0
hopf_core_unknot,1,1,0.02,False,0,0,mesoscopic,0.18,86,86,86,33,4.032052455551511,0.05543595322800961,0.5508500877763631,0.9342966094857297,1.3600748938657492,-0.8961578842570159,-1.3045555629156242,1.0425580423926457,33,0.00021040931345984198,0.0015154609818577242,51,0.5930232558139534,1,6.283185307179342,0.0
hopf_core_unknot,1,1,0.02,False,0,1,macroscopic,0.29124611797498107,57,57,57,31,3.583871515071083,0.10562785571239906,0.8553606937980744,0.6008878947662746,0.6885872051269943,-0.5763591764994218,-0.6604785317723925,1.0425580423926457,31,0.00021040931345984198,0.0010959239687638408,26,0.45614035087719296,1,6.283185307179342,0.0
hopf_core_unknot,1,1,0.02,False,0,2,macroscopic,0.47124611797498106,35,35,35,15,3.1609082635272276,0.1509954078453815,1.427394776838657,0.3606161679919584,0.42557029698677845,-0.34589553130716144,-0.40819818147496595,1.042558042392646,15,0.00021040931346040742,0.0010959239687638408,18,0.5142857142857142,1,6.283185307179342,0.0
hopf_core_unknot,1,1,0.1,False,0,-2,microscopic,0.06875388202501892,197,197,197,46,5.005831060684747,0.02788411187818565,0.20871243605204381,2.4788388071814405,3.560722299385938,-2.377650650022866,-3.415370803925857,1.0425580423926457,46,0.00021040931345984198,0.0015499711582184208,77,0.3908629441624365,1,6.283185307179242,0.0
hopf_core_unknot,1,1,0.1,False,0,-1,microscopic,0.11124611797498106,129,129,129,35,4.538097203334662,0.05028291325236688,0.33300766750980976,1.5466330449899943,1.8027447072407718,-1.4834982630228515,-1.7291552450197556,1.0425580423926457,35,0.00021040931345984198,0.0015154609818577242,53,0.4108527131782946,1,6.283185307179242,0.0
hopf_core_unknot,1,1,0.1,False,0,0,mesoscopic,0.18,87,87,87,31,4.084636927582357,0.06261639716072198,0.5582294477127476,0.9198988831090782,1.1141575021137755,-0.8823478844381003,-1.0686767132473611,1.0425580423926457,31,0.00021040931346040742,0.0015844813345791177,55,0.632183908045977,1,6.283185307179242,0.0
hopf_core_unknot,1,1,0.1,False,0,1,macroscopic,0.29124611797498107,55,55,55,27,3.561848321021921,0.07920271291072462,0.840271284351741,0.6127565445173495,0.8405725116544346,-0.5877433385973293,-0.8062596780946036,1.0425580423926457,27,0.00021040931346040742,0.0015154609818577242,23,0.41818181818181815,1,6.283185307179242,0.0
hopf_core_unknot,1,1,0.1,False,0,2,macroscopic,0.47124611797498106,33,33,33,15,3.161118631617609,0.1359663904924107,1.423280016970935,0.3614458968769778,0.42557029698677845,-0.3466913900040214,-0.40819818147496595,1.0425580423926457,15,0.00021040931346040742,0.0010959239687638408,14,0.42424242424242425,1,6.283185307179242,0.0
hopf_core_unknot,1,1,0.5,False,0,-2,microscopic,0.06875388202501892,191,191,191,47,5.049946732538054,0.021016066571535257,0.20487064950050562,2.525189730574427,3.5607222993859358,-2.4221094921287807,-3.4153708039258546,1.0425580423926457,47,0.00021040931345984198,0.0015154609818577242,91,0.47643979057591623,1,6.283185307179501,0.0
hopf_core_unknot,1,1,0.5,False,0,-1,microscopic,0.11124611797498106,122,122,122,32,4.557976147898292,0.034907163309962096,0.3408712399097914,1.5114963397173236,1.8027447072407718,-1.4497958657999277,-1.7291552450197556,1.0425580423926457,32,0.00021040931345984198,0.0010959239687636994,55,0.45081967213114754,1,6.283185307179501,0.0
hopf_core_unknot,1,1,0.5,False,0,0,mesoscopic,0.18,86,86,86,31,4.104453967846267,0.05677172594931701,0.562277817028774,0.9143247697596291,1.1141575021137755,-0.8770013107963521,-1.0686767132473611,1.0425580423926457,31,0.00021040931346040742,0.0015154609818577242,47,0.5465116279069767,1,6.283185307179501,0.0
hopf_core_unknot,1,1,0.5,False,0,1,macroscopic,0.29124611797498107,55,56,56,27,3.629659986835155,0.08580425032626264,0.8586591600628122,0.601927912912302,0.8405725116544346,-0.5773567402836315,-0.8062596780946036,1.0425580423926457,27,0.00021040931346040742,0.0010959239687635583,26,0.4727272727272727,1,6.283185307179501,0.0
hopf_core_unknot,1,1,0.5,False,0,2,macroscopic,0.47124611797498106,33,33,33,15,3.2042751178472075,0.09553208503312748,1.4113835759115432,0.3642704089736307,0.42557029698677845,-0.34940060328692957,-0.40819818147496595,1.0425580423926457,15,0.00021040931346040742,0.0010959239687638408,18,0.5454545454545454,1,6.283185307179501,0.0
hopf_core_unknot,1,1,2.5,False,0,-2,microscopic,0.06875388202501892,199,199,199,47,5.082538551953181,0.025390623757404866,0.2052956880940932,2.527913488871511,3.5607222993859358,-2.424722064461764,-3.4153708039258546,1.0425580423926457,47,0.00021040931345984198,0.0015844813345791177,88,0.44221105527638194,1,6.2831853071801005,0.0
hopf_core_unknot,1,1,2.5,False,0,-1,microscopic,0.11124611797498106,129,129,129,32,4.613387099905357,0.025390622553250496,0.3391992583511093,1.5180833040611286,1.8027447072407718,-1.4561139450587937,-1.7291552450197556,1.042558042392646,32,0.00021040931346040742,0.0013056924753107825,64,0.49612403100775193,1,6.2831853071801005,0.0
hopf_core_unknot,1,1,2.5,False,0,0,mesoscopic,0.18,82,82,82,33,4.06151299451823,0.052734375645525626,0.5609293727931322,0.9174073964916968,1.1141575021137755,-0.8799581022714753,-1.0686767132473611,1.0425580423926457,33,0.00021040931345984198,0.0015154609818577242,49,0.5975609756097561,1,6.2831853071801005,0.0
hopf_core_unknot,1,1,2.5,False,0,1,macroscopic,0.29124611797498107,53,53,53,27,3.538447291518208,0.07421875933657729,0.8779302576001,0.5871706259512112,0.6885872051269943,-0.5632018574272073,-0.6604785317723925,1.0425580423926457,27,0.00021040931346040742,0.0010959239687638408,21,0.3962264150943396,1,6.2831853071801005,0.0
hopf_core_unknot,1,1,2.5,False,0,2,macroscopic,0.47124611797498106,35,35,35,18,3.2566518776331077,0.11328125142350942,1.3947042061571244,0.36885108186746274,0.42557029698677845,-0.35379428949678265,-0.40819818147496595,1.0425580423926457,18,0.00021040931346040742,0.0013402026516714793,17,0.4857142857142857,1,6.2831853071801005,0.0
trefoil_2_3,2,3,0.0,False,3,-2,microscopic,0.06875388202501892,351,351,351,48,5.701387748763973,0.012322026408749177,0.2100858336194565,2.4630085871439733,3.5607222993859358,-2.3624666320653267,-3.4153708039258546,1.0425580423926455,48,0.00021040931345984198,0.0015499711582184208,235,0.6695156695156695,2,15.29162854868636,2.8247700191100282
trefoil_2_3,2,3,0.0,False,3,-1,microscopic,0.11124611797498106,275,275,275,43,5.410165849578723,0.02116419881145389,0.34275202487188305,1.505259070790698,2.200647405520187,-1.4438132071152265,-2.1108152410102305,1.0425580423926457,43,0.00021040931345984198,0.0015154609818577242,186,0.6763636363636364,2,15.29162854868636,2.8247700191100282
trefoil_2_3,2,3,0.0,False,3,0,mesoscopic,0.18,202,202,202,41,5.013738970985361,0.03016921059702756,0.544701244936884,0.9474317761789739,1.3600748938657485,-0.908756863075595,-1.3045555629156236,1.0425580423926457,41,0.00021040931345984198,0.0015844813345791177,127,0.6287128712871287,2,15.29162854868636,2.8247700191100282
trefoil_2_3,2,3,0.0,False,3,1,macroscopic,0.29124611797498107,135,135,135,44,4.566673973331372,0.04964625728238901,0.8644762681597404,0.5990823731645114,0.840572511654435,-0.5746273577149064,-0.806259678094604,1.042558042392646,44,0.00021040931345984198,0.0015154609818577242,84,0.6222222222222222,2,15.29162854868636,2.8247700191100282
trefoil_2_3,2,3,0.0,False,3,2,macroscopic,0.47124611797498106,84,84,84,38,4.049361039569931,0.07824161244168641,1.4146778702588862,0.36695695567507614,0.5195023822113088,-0.35197748303098664,-0.49829588482101517,1.0425580423926457,38,0.00021040931346040742,0.0015154609818577242,66,0.7857142857142857,2,15.29162854868636,2.8247700191100282
trefoil_2_3,2,3,0.02,False,3,-2,microscopic,0.06875388202501892,355,355,355,45,5.731825506424052,0.015290835511482566,0.21002307710591567,2.4635469072198206,3.5607222993859358,-2.3629829774906725,-3.4153708039258546,1.0425580423926457,45,0.00021040931345984198,0.0015154609818577242,219,0.6169014084507043,2,14.972660966249695,-2.9812890976702593
trefoil_2_3,2,3,0.02,False,3,-1,microscopic,0.11124611797498106,280,280,280,46,5.431509232465611,0.015503398829967485,0.3378646626371813,1.5293286887309252,2.2006474055201872,-1.46690028424811,-2.110815241010231,1.0425580423926457,46,0.00021040931345984198,0.0015844813345791177,183,0.6535714285714286,2,14.972660966249695,-2.9812890976702593
trefoil_2_3,2,3,0.02,False,3,0,mesoscopic,0.18,179,179,179,41,4.953350627577024,0.03347175711371503,0.5540449424992673,0.9305115052199098,1.3600748938657492,-0.8925272909356762,-1.3045555629156242,1.0425580423926455,41,0.00021040931345984198,0.0015844813345791177,128,0.7150837988826816,2,14.972660966249695,-2.9812890976702593
trefoil_2_3,2,3,0.02,False,3,1,macroscopic,0.29124611797498107,124,124,124,42,4.562965026341958,0.03545715266528111,0.87741221126633,0.589309153612525,0.8405725116544349,-0.5652530887010133,-0.8062596780946039,1.0425580423926457,42,0.00021040931345984198,0.0015844813345791177,73,0.5887096774193549,2,14.972660966249695,-2.9812890976702593
trefoil_2_3,2,3,0.02,False,3,2,macroscopic,0.47124611797498106,83,83,83,37,4.096711743764738,0.06920090172104187,1.4183855908126266,0.36529784983806907,0.5195023822113088,-0.3503861032041144,-0.49829588482101517,1.0425580423926457,37,0.00021040931346040742,0.0015154609818577242,61,0.7349397590361446,2,14.972660966249695,-2.9812890976702593
trefoil_2_3,2,3,0.1,False,3,-2,microscopic,0.06875388202501892,332,332,332,45,5.699522364241162,0.009995916920813298,0.21161920481265278,2.4400171717791035,3.5607222993859344,-2.3404137444274307,-3.4153708039258532,1.0425580423926455,45,0.00021040931345984198,0.0015154609818577242,221,0.6656626506024097,2,13.824789730242141,-2.192061424537768
trefoil_2_3,2,3,0.1,False,3,-1,microscopic,0.11124611797498106,246,246,246,46,5.327444097389252,0.01686075545228107,0.3368247848401219,1.5353324740929888,2.200647405520186,-1.4726589903516905,-2.1108152410102297,1.042558042392646,46,0.00021040931345984198,0.0015499711582184208,163,0.6626016260162603,2,13.824789730242141,-2.192061424537768
trefoil_2_3,2,3,0.1,False,3,0,mesoscopic,0.18,169,169,169,44,4.920926043970855,0.03756606665205157,0.5576170759122154,0.9255494215080864,1.360074893865749,-0.8877677633985468,-1.304555562915624,1.0425580423926457,44,0.00021040931345984198,0.0015499711582184208,104,0.6153846153846154,2,13.824789730242141,-2.192061424537768
trefoil_2_3,2,3,0.1,False,3,1,macroscopic,0.29124611797498107,112,112,112,43,4.516415144628614,0.034788427251314764,0.8714515047846276,0.5941460380422374,0.840572511654435,-0.5698925276895725,-0.806259678094604,1.0425580423926457,43,0.00021040931345984198,0.0015844813345791177,64,0.5714285714285714,2,13.824789730242141,-2.192061424537768
trefoil_2_3,2,3,0.1,False,3,2,macroscopic,0.47124611797498106,71,77,76,41,3.948008066324392,0.07082551601416101,1.398828806842813,0.3698411180069767,0.5195023822113088,-0.3547439115794457,-0.49829588482101517,1.0425580423926457,41,0.00021040931345984198,0.0010959239687638408,45,0.6338028169014085,2,13.824789730242141,-2.192061424537768
trefoil_2_3,2,3,0.5,False,3,-2,microscopic,0.06875388202501892,221,229,229,42,5.095520108026002,0.25388593388551356,0.20617957749922308,2.5039862934490418,3.5607222993859393,-2.4017715960470203,-3.415370803925858,1.0425580423926457,42,0.00021040931346040742,0.0015844813345791177,109,0.49321266968325794,1,12.528043723936285,-2.5062267839577315
trefoil_2_3,2,3,0.5,False,3,-1,microscopic,0.11124611797498106,158,167,167,48,4.7616422047307925,0.23666351130705188,0.32282581948783473,1.6018797192649847,2.200647405520187,-1.5364897244365494,-2.1108152410102305,1.0425580423926457,48,0.00021040931345984198,0.0015499711582184208,76,0.4810126582278481,1,12.528043723936285,-2.5062267839577315
trefoil_2_3,2,3,0.5,False,3,0,mesoscopic,0.18,102,115,115,39,4.3088414289223245,0.23599826721236014,0.5119846152599796,1.008313223977216,1.360074893865749,-0.9671530821086578,-1.304555562915624,1.0425580423926455,39,0.00021040931346040742,0.0015844813345791177,31,0.30392156862745096,1,12.528043723936285,-2.5062267839577315
trefoil_2_3,2,3,0.5,False,3,1,macroscopic,0.29124611797498107,62,71,71,24,3.631544037047478,0.3108654408365145,0.8012195023099185,0.6452690223060518,0.840572511654435,-0.6189286313740143,-0.806259678094604,1.0425580423926457,24,0.0003872277528176844,0.0016327790973718697,14,0.22580645161290322,1,12.528043723936285,-2.5062267839577315
trefoil_2_3,2,3,0.5,False,3,2,macroscopic,0.47124611797498106,35,44,44,17,3.142881193199682,0.31014328241713746,1.342677160754688,0.3840109099380399,0.5195023822113088,-0.3683352814167968,-0.49829588482101517,1.0425580423926457,17,0.0003872277528176844,0.001959909055591529,3,0.08571428571428572,1,12.528043723936285,-2.5062267839577315
trefoil_2_3,2,3,0.6020136074640411,True,0,-2,microscopic,0.06875388202501892,205,207,207,48,4.993679727160837,0.3244143905943688,0.2051492933602926,2.523151440377272,3.5607222993859393,-2.420154406546709,-3.415370803925858,1.0425580423926457,48,0.00021040931345984198,0.0015499711582184208,103,0.5024390243902439,1,10.087813485290042,-3.1005257832573876
trefoil_2_3,2,3,0.6020136074640411,True,0,-1,microscopic,0.11124611797498106,145,154,154,44,4.616494136297888,0.3204138810625664,0.3271611721421589,1.5775329011857813,2.2006474055201837,-1.5131367626932128,-2.110815241010228,1.0425580423926457,44,0.00021040931345984198,0.0015844813345791177,79,0.5448275862068965,1,10.087813485290042,-3.1005257832573876
trefoil_2_3,2,3,0.6020136074640411,True,0,0,mesoscopic,0.18,94,98,98,35,4.05868139956426,0.32666339716544884,0.5078971339808467,1.0163774345287444,1.360074893865749,-0.9748881052187582,-1.304555562915624,1.042558042392646,35,0.00021040931346040742,0.0015154609818577242,48,0.5106382978723404,1,10.087813485290042,-3.1005257832573876
trefoil_2_3,2,3,0.6020136074640411,True,0,1,macroscopic,0.29124611797498107,53,60,60,21,3.6080065242561368,0.327776806841122,0.7905378706867459,0.6531926151427527,0.840572511654435,-0.6265287768954247,-0.806259678094604,1.0425580423926457,21,0.0003872277528176844,0.001630607534205139,21,0.3962264150943396,1,10.087813485290042,-3.1005257832573876
trefoil_2_3,2,3,0.6020136074640411,True,0,2,macroscopic,0.47124611797498106,39,43,43,18,3.3417384231544753,0.3275199996281388,1.3292891786940504,0.3883698561977353,0.5195023822113088,-0.37251629204877246,-0.49829588482101517,1.0425580423926457,18,0.0003872277528176844,0.0016349506605386002,14,0.358974358974359,1,10.087813485290042,-3.1005257832573876
trefoil_2_3,2,3,2.5,False,0,-2,microscopic,0.06875388202501892,216,216,216,39,5.21125320430867,0.015742776345283593,0.21274181683089807,2.426814527736277,3.5607222993859344,-2.327750042737952,-3.4153708039258532,1.042558042392646,39,0.00021040931345984198,0.0015154609818577242,102,0.4722222222222222,1,6.283185307180436,4.822547495972092e-10
trefoil_2_3,2,3,2.5,False,0,-1,microscopic,0.11124611797498106,146,146,146,45,4.775413184569926,0.021281857060425253,0.3345416398480117,1.5476485358501528,2.2006474055201837,-1.4844723007443656,-2.110815241010228,1.0425580423926457,45,0.00021040931345984198,0.0015154609818577242,71,0.48630136986301364,1,6.283185307180436,4.822547495972092e-10
trefoil_2_3,2,3,2.5,False,0,0,mesoscopic,0.18,86,86,86,36,4.20764274016395,0.03108346494512223,0.5182645505920205,1.0057886339789437,1.3600748938657492,-0.964731547867285,-1.3045555629156242,1.0425580423926457,36,0.00021040931345984198,0.0016327790973718697,47,0.5465116279069767,1,6.283185307180436,4.822547495972092e-10
trefoil_2_3,2,3,2.5,False,0,1,macroscopic,0.29124611797498107,60,60,60,19,3.829011782454478,0.046318461250731364,0.8176695436495443,0.629584279085809,0.840572511654435,-0.6038841517551657,-0.806259678094604,1.042558042392646,19,0.0003872277528176844,0.0016349506605386002,20,0.3333333333333333,1,6.283185307180436,4.822547495972092e-10
trefoil_2_3,2,3,2.5,False,0,2,macroscopic,0.47124611797498106,40,40,40,19,3.488705747990942,0.06188999276834281,1.2781806149228159,0.40278639849449205,0.5195023822113088,-0.38634433970707943,-0.49829588482101517,1.0425580423926457,19,0.0003872277528176844,0.0016349506605386002,16,0.4,1,6.283185307180436,4.822547495972092e-10
cinquefoil_2_5,2,5,0.0,False,5,-2,microscopic,0.06875388202501892,415,415,415,48,5.958894756286927,0.00676545425147363,0.20917755428728782,2.473047320298163,3.560722299385938,-2.372095576206557,-3.415370803925857,1.0425580423926457,48,0.00021040931345984198,0.0015499711582184208,294,0.7084337349397591,2,26.109650555790502,1.0240156618267469
cinquefoil_2_5,2,5,0.0,False,5,-1,microscopic,0.11124611797498106,336,336,336,45,5.6598300133100246,0.01384222452796813,0.3402102073967932,1.5208454272778742,2.2006474055201832,-1.4587633162251288,-2.1108152410102274,1.0425580423926457,45,0.00021040931345984198,0.0015844813345791177,240,0.7142857142857142,2,26.109650555790502,1.0240156618267469
cinquefoil_2_5,2,5,0.0,False,5,0,mesoscopic,0.18,235,236,236,46,5.2580778842615095,0.01724822032494427,0.5407770899965393,0.9576550308306523,1.3600748938657492,-0.9185627964011067,-1.3045555629156242,1.0425580423926457,46,0.00021040931345984198,0.0015499711582184208,164,0.6978723404255319,2,26.109650555790502,1.0240156618267469
cinquefoil_2_5,2,5,0.0,False,5,1,macroscopic,0.29124611797498107,161,161,161,36,4.844958398205826,0.026086769787519802,0.8939534872936663,0.5777783735963623,0.840572511654435,-0.55419300422869,-0.806259678094604,1.0425580423926457,36,0.00021040931345984198,0.0010658867965583872,102,0.6335403726708074,2,26.109650555790502,1.0240156618267469
cinquefoil_2_5,2,5,0.0,False,5,2,macroscopic,0.47124611797498106,115,117,117,46,4.442885065034453,0.04540846138750525,1.3975430878764867,0.3713527297717838,0.5195023822113088,-0.3561938181585921,-0.49829588482101517,1.0425580423926457,46,0.00021040931345984198,0.0015154609818577242,68,0.591304347826087,2,26.109650555790502,1.0240156618267469
cinquefoil_2_5,2,5,0.02,False,5,-2,microscopic,0.06875388202501892,390,390,390,47,5.882229983394845,0.013563950091042663,0.2084232556635694,2.4792250041950927,3.5607222993859358,-2.3780210821695174,-3.4153708039258546,1.0425580423926457,47,0.00021040931345984198,0.0015154609818577242,251,0.6435897435897436,2,21.558770071935946,-1.2472150141501948
cinquefoil_2_5,2,5,0.02,False,5,-1,microscopic,0.11124611797498106,306,306,306,44,5.581221529707355,0.011056159427348349,0.3393161909807324,1.522135755766541,2.2006474055201863,-1.4600009724861707,-2.11081524101023,1.0425580423926455,44,0.00021040931345984198,0.0015499711582184208,166,0.542483660130719,2,21.558770071935946,-1.2472150141501948
cinquefoil_2_5,2,5,0.02,False,5,0,mesoscopic,0.18,212,212,212,41,5.17821943566557,0.0188735855440882,0.552452788712944,0.9314124356169926,1.114157502113776,-0.893391444642663,-1.0686767132473616,1.042558042392646,41,0.00021040931345984198,0.0015154609818577242,139,0.6556603773584906,2,21.558770071935946,-1.2472150141501948
cinquefoil_2_5,2,5,0.02,False,5,1,macroscopic,0.29124611797498107,137,139,139,40,4.687505405076843,0.029710801859416974,0.889125179720692,0.580886057756559,0.840572511654435,-0.557173830267943,-0.806259678094604,1.042558042392646,40,0.00021040931345984198,0.0015154609818577242,92,0.6715328467153284,2,21.558770071935946,-1.2472150141501948
cinquefoil_2_5,2,5,0.02,False,5,2,macroscopic,0.47124611797498106,95,102,101,40,4.287998097687891,0.051494302015720146,1.367938784740189,0.38105098603922394,0.5195023822113088,-0.3654961839483978,-0.49829588482101517,1.0425580423926457,40,0.00021040931345984198,0.0015499711582184208,56,0.5894736842105263,2,21.558770071935946,-1.2472150141501948
cinquefoil_2_5,2,5,0.1,False,5,-2,microscopic,0.06875388202501892,346,346,346,46,5.716079008576984,0.017598194083146827,0.20825776022615738,2.4870739336617715,3.5607222993859353,-2.3855496121386164,-3.415370803925854,1.042558042392646,46,0.00021040931345984198,0.0015499711582184208,236,0.6820809248554913,2,13.11587514511708,-1.0838481506195714
cinquefoil_2_5,2,5,0.1,False,5,-1,microscopic,0.11124611797498106,245,245,245,46,5.34400817129531,0.020440206863688987,0.33367954401232014,1.5504365431761506,2.2006474055201837,-1.4871464994101777,-2.110815241010228,1.0425580423926457,46,0.00021040931345984198,0.0015499711582184208,166,0.6775510204081633,2,13.11587514511708,-1.0838481506195714
cinquefoil_2_5,2,5,0.1,False,5,0,mesoscopic,0.18,178,180,180,44,4.978374796862598,0.04078544244632757,0.5211885491716322,0.9959314326539856,1.3600748938657492,-0.9552767252826968,-1.3045555629156242,1.0425580423926457,44,0.00021040931345984198,0.001607544434391563,117,0.6573033707865168,2,13.11587514511708,-1.0838481506195714
cinquefoil_2_5,2,5,0.1,False,5,1,macroscopic,0.29124611797498107,107,118,111,35,4.397308239418481,0.056812291705701276,0.825290917874867,0.6277590128425703,0.840572511654435,-0.6021333943210283,-0.806259678094604,1.0425580423926457,35,0.00021040931345984198,0.0015844813345791177,62,0.5794392523364486,2,13.11587514511708,-1.0838481506195714
cinquefoil_2_5,2,5,0.1,False,5,2,macroscopic,0.47124611797498106,60,77,67,22,3.8695195206116497,0.06375666620574627,1.2763058955079192,0.40431943397879844,0.5195023822113088,-0.3878147954725811,-0.49829588482101517,1.0425580423926457,22,0.0003872277528176844,0.0016306075342045734,26,0.43333333333333335,2,13.11587514511708,-1.0838481506195714
cinquefoil_2_5,2,5,0.5,False,5,-2,microscopic,0.06875388202501892,284,359,323,45,5.50668295933444,0.011753533736208452,0.21270472514121241,2.4261902150571886,3.5607222993859344,-2.327151214995321,-3.4153708039258532,1.0425580423926457,45,0.00021040931345984198,0.0015154609818577242,170,0.5985915492957746,2,12.566370640640745,-3.130677888633267e-05
cinquefoil_2_5,2,5,0.5,False,5,-1,microscopic,0.11124611797498106,182,257,211,47,4.979011001568431,0.019355278406082914,0.33477341096369134,1.5475863004967678,2.2006474055201837,-1.4844126058872407,-2.110815241010228,1.042558042392646,47,0.00021040931345984198,0.0015154609818577242,107,0.5879120879120879,2,12.566370640640745,-3.130677888633267e-05
cinquefoil_2_5,2,5,0.5,False,5,0,mesoscopic,0.18,100,162,113,41,4.324126072873984,0.03111454014877268,0.5202866598907627,1.001262128455176,1.3600748938657492,-0.9603898178726848,-1.3045555629156242,1.0425580423926457,41,0.00021040931345984198,0.0015844813345791177,57,0.5700000000000001,2,12.566370640640745,-3.130677888633267e-05
cinquefoil_2_5,2,5,0.5,False,5,1,macroscopic,0.29124611797498107,62,114,68,19,3.871717899380134,0.04519485476960684,0.8171509746037244,0.6300841317067573,0.840572511654435,-0.6043635999974921,-0.806259678094604,1.0425580423926455,19,0.0003872277528176844,0.0016349506605386002,25,0.4032258064516129,2,12.566370640640745,-3.130677888633267e-05
cinquefoil_2_5,2,5,0.5,False,5,2,macroscopic,0.47124611797498106,44,78,49,21,3.540688029709823,0.06048001282819072,1.2785362698937996,0.4027369400145951,0.5195023822113088,-0.3862969001613794,-0.49829588482101517,1.042558042392646,21,0.0003872277528176844,0.001630607534205139,18,0.4090909090909091,2,12.566370640640745,-3.130677888633267e-05
cinquefoil_2_5,2,5,2.468967873261005,True,3,-2,microscopic,0.06875388202501892,177,354,177,38,5.079974049480929,0.015625000000205527,0.21279955110677617,2.4261971925971,3.5607222993859344,-2.3271579077065447,-3.4153708039258532,1.0425580423926455,38,0.00021040931345984198,0.0013402026516714793,86,0.4858757062146893,2,12.566370614359155,-1.8849009607316668e-26
cinquefoil_2_5,2,5,2.468967873261005,True,3,-1,microscopic,0.11124611797498106,134,268,134,44,4.743994503408406,0.023437499999855466,0.33453232781441433,1.5479404136861765,2.2006474055201832,-1.4847522638966846,-2.1108152410102274,1.0425580423926457,44,0.00021040931345984198,0.0015154609818577242,66,0.4925373134328358,2,12.566370614359155,-1.8849009607316668e-26
cinquefoil_2_5,2,5,2.468967873261005,True,3,0,mesoscopic,0.18,79,158,79,34,4.178751712089235,0.03125000000015817,0.5176358974870587,1.0073861034737148,1.3600748938657492,-0.9662638073960735,-1.3045555629156242,1.0425580423926457,34,0.00021040931345984198,0.0013332285792791777,43,0.5443037974683544,2,12.566370614359155,-1.8849009607316668e-26
cinquefoil_2_5,2,5,2.468967873261005,True,3,1,macroscopic,0.29124611797498107,59,118,59,19,3.818986156706628,0.04687500000049281,0.8174241940359938,0.6297768598760211,0.840572511654435,-0.6040688712454783,-0.806259678094604,1.042558042392646,19,0.0003872277528176844,0.0016349506605386002,20,0.3389830508474576,2,12.566370614359155,-1.8849009607316668e-26
cinquefoil_2_5,2,5,2.468967873261005,True,3,2,macroscopic,0.47124611797498106,40,80,40,19,3.4826397135145886,0.06249999999960799,1.2777817482734246,0.40290607995203076,0.5195023822113088,-0.3864591356730326,-0.49829588482101517,1.0425580423926457,19,0.0003872277528176844,0.0016349506605386002,16,0.4,2,12.566370614359155,-1.8849009607316668e-26
cinquefoil_2_5,2,5,2.5,False,3,-2,microscopic,0.06875388202501892,177,354,177,38,5.079974049480929,0.015625000000151046,0.21279955110677617,2.4261971925971,3.5607222993859344,-2.3271579077065447,-3.4153708039258532,1.0425580423926455,38,0.00021040931345984198,0.0013402026516714793,86,0.4858757062146893,2,12.566370614359203,-2.144923729060764e-26
cinquefoil_2_5,2,5,2.5,False,3,-1,microscopic,0.11124611797498106,134,268,134,44,4.743994503408406,0.0234374999998949,0.33453232781441433,1.5479404136861765,2.2006474055201832,-1.4847522638966846,-2.1108152410102274,1.0425580423926457,44,0.00021040931345984198,0.0015154609818577242,66,0.4925373134328358,2,12.566370614359203,-2.144923729060764e-26
cinquefoil_2_5,2,5,2.5,False,3,0,mesoscopic,0.18,79,158,79,34,4.178751712089235,0.031250000000114804,0.5176358974870587,1.0073861034737148,1.3600748938657492,-0.9662638073960735,-1.3045555629156242,1.0425580423926457,34,0.00021040931345984198,0.0013332285792791777,43,0.5443037974683544,2,12.566370614359203,-2.144923729060764e-26
cinquefoil_2_5,2,5,2.5,False,3,1,macroscopic,0.29124611797498107,59,118,59,19,3.818986156706628,0.04687500000036256,0.8174241940359938,0.6297768598760211,0.840572511654435,-0.6040688712454783,-0.806259678094604,1.042558042392646,19,0.0003872277528176844,0.0016349506605386002,20,0.3389830508474576,2,12.566370614359203,-2.144923729060764e-26
cinquefoil_2_5,2,5,2.5,False,3,2,macroscopic,0.47124611797498106,40,80,40,19,3.4826397135145886,0.06249999999971148,1.2777817482734246,0.40290607995203076,0.5195023822113088,-0.3864591356730326,-0.49829588482101517,1.0425580423926457,19,0.0003872277528176844,0.0016349506605386002,16,0.4,2,12.566370614359203,-2.144923729060764e-26
torus_knot_3_4,3,4,0.0,False,8,-2,microscopic,0.06875388202501892,410,410,410,48,5.930438424597206,0.0069155139541678765,0.20814022271077065,2.485691813703302,3.5607222993859358,-2.3842239114080392,-3.4153708039258546,1.0425580423926457,48,0.00021040931345984198,0.0015499711582184208,331,0.8073170731707318,3,21.261367331611602,2.916975412705637
torus_knot_3_4,3,4,0.0,False,8,-1,microscopic,0.11124611797498106,337,337,337,46,5.663594559345604,0.011527817792567932,0.3397848017312477,1.5211487203025955,2.2006474055201872,-1.45905422858913,-2.110815241010231,1.042558042392646,46,0.00021040931345984198,0.0015154609818577242,265,0.7863501483679526,3,21.261367331611602,2.916975412705637
torus_knot_3_4,3,4,0.0,False,8,0,mesoscopic,0.18,254,254,254,42,5.32010410758002,0.023245390405907406,0.5460876271579282,0.9447380398357841,1.360074893865749,-0.9061730871766457,-1.304555562915624,1.0425580423926457,42,0.00021040931345984198,0.0015154609818577242,169,0.6653543307086615,3,21.261367331611602,2.916975412705637
torus_knot_3_4,3,4,0.0,False,8,1,macroscopic,0.29124611797498107,176,177,177,43,4.857967735660684,0.023034996131286924,0.874662995386893,0.5912440078654901,0.840572511654435,-0.5671089606758002,-0.8062596780946041,1.0425580423926457,43,0.00021040931345984198,0.0010959239687638408,122,0.6931818181818182,3,21.261367331611602,2.916975412705637
torus_knot_3_4,3,4,0.0,False,8,2,macroscopic,0.47124611797498106,115,118,117,40,4.411191596320519,0.036177364573415666,1.404657456886826,0.36922771685711425,0.5195023822113088,-0.35415554994880233,-0.49829588482101517,1.0425580423926457,40,0.00021040931345984198,0.0013056924753107825,84,0.7304347826086957,3,21.261367331611602,2.916975412705637
torus_knot_3_4,3,4,0.02,False,8,-2,microscopic,0.06875388202501892,427,427,427,47,5.997294741823831,0.005058169485516189,0.2099553407702172,2.4638672631720686,3.560722299385938,-2.3632902562600275,-3.415370803925857,1.042558042392646,47,0.00021040931345984198,0.0015154609818577242,324,0.7587822014051522,3,20.84601469428394,-2.705430094585445
torus_knot_3_4,3,4,0.02,False,8,-1,microscopic,0.11124611797498106,345,346,346,45,5.725082957850963,0.011788098104824368,0.33766211800015733,1.5311844126899945,2.200647405520188,-1.4686802560900714,-2.110815241010232,1.0425580423926457,45,0.00021040931345984198,0.0015154609818577242,255,0.7391304347826088,3,20.84601469428394,-2.705430094585445
torus_knot_3_4,3,4,0.02,False,8,0,mesoscopic,0.18,230,230,230,44,5.263911760822313,0.016500873402335883,0.5501696250567264,0.9385660756817693,1.360074893865749,-0.9002530674721789,-1.304555562915624,1.0425580423926457,44,0.00021040931345984198,0.0015844813345791177,153,0.6652173913043479,3,20.84601469428394,-2.705430094585445
torus_knot_3_4,3,4,0.02,False,8,1,macroscopic,0.29124611797498107,170,170,170,42,4.89944137583558,0.023661953724280458,0.886810614471203,0.5826746405291208,0.840572511654435,-0.5588894016796382,-0.8062596780946041,1.042558042392646,42,0.00021040931345984198,0.0013056924753107825,121,0.711764705882353,3,20.84601469428394,-2.705430094585445
torus_knot_3_4,3,4,0.02,False,8,2,macroscopic,0.47124611797498106,109,110,110,41,4.444520320219319,0.044568487142564166,1.401120453763819,0.36938494995415494,0.5195023822113088,-0.35430636466668586,-0.49829588482101517,1.042558042392646,41,0.00021040931345984198,0.0010959239687638408,79,0.724770642201835,3,20.84601469428394,-2.705430094585445
torus_knot_3_4,3,4,0.1,False,8,-2,microscopic,0.06875388202501892,396,396,396,43,5.906428269948954,0.014806102833903819,0.2092653867674597,2.4650604912330008,3.5607222993859344,-2.364434775809456,-3.4153708039258532,1.0425580423926457,43,0.00021040931345984198,0.0015154609818577242,265,0.6691919191919192,3,19.552017873221676,-2.7806887939022618
torus_knot_3_4,3,4,0.1,False,8,-1,microscopic,0.11124611797498106,281,281,281,46,5.4824846727803305,0.024698111575383225,0.34166466999181466,1.5146329727310408,2.200647405520183,-1.4528044589776452,-2.110815241010227,1.042558042392646,46,0.00021040931345984198,0.0015499711582184208,194,0.6903914590747331,3,19.552017873221676,-2.7806887939022618
torus_knot_3_4,3,4,0.1,False,8,0,mesoscopic,0.18,194,198,198,46,5.06486034821627,0.030337722222773384,0.5536788260839721,0.9348327829784888,1.360074893865749,-0.8966721707244905,-1.304555562915624,1.0425580423926455,46,0.00021040931345984198,0.0015499711582184208,131,0.6752577319587628,3,19.552017873221676,-2.7806887939022618
torus_knot_3_4,3,4,0.1,False,8,1,macroscopic,0.29124611797498107,135,144,142,43,4.683146836010436,0.03368062656293739,0.864605211340449,0.5991850739922795,0.840572511654435,-0.5747258662138025,-0.8062596780946041,1.0425580423926457,43,0.00021040931345984198,0.0015844813345791177,94,0.6962962962962963,3,19.552017873221676,-2.7806887939022618
torus_knot_3_4,3,4,0.1,False,8,2,macroscopic,0.47124611797498106,83,94,90,41,4.136119530945819,0.05393368489669981,1.3328306160846286,0.3874440528835713,0.5195023822113088,-0.37162828075681664,-0.49829588482101517,1.0425580423926457,41,0.00021040931345984198,0.0015844813345791177,39,0.46987951807228917,3,19.552017873221676,-2.7806887939022618
torus_knot_3_4,3,4,0.14679023874587108,True,4,-2,microscopic,0.06875388202501892,355,356,356,47,5.761356740868697,0.02202562105038535,0.2081806823912283,2.480878709901006,3.5607222993859367,-2.37960728230291,-3.4153708039258555,1.042558042392646,47,0.00021040931345984198,0.0015154609818577242,160,0.4507042253521127,1,19.156694192810058,3.011190144500832
torus_knot_3_4,3,4,0.14679023874587108,True,4,-1,microscopic,0.11124611797498106,249,250,250,47,5.307235117054317,0.04559133617300587,0.3367403149794066,1.541711448051237,2.2006474055201832,-1.4787775695567473,-2.1108152410102274,1.0425580423926457,47,0.00021040931345984198,0.0015154609818577242,121,0.48594377510040154,1,19.156694192810058,3.011190144500832
torus_knot_3_4,3,4,0.14679023874587108,True,4,0,mesoscopic,0.18,166,174,172,46,4.8698115992305535,0.035789354425028015,0.5341746553203827,0.9715269031952332,1.3600748938657492,-0.9318684079838877,-1.3045555629156242,1.0425580423926455,46,0.00021040931345984198,0.0015844813345791177,68,0.4096385542168675,1,19.156694192810058,3.011190144500832
torus_knot_3_4,3,4,0.14679023874587108,True,4,1,macroscopic,0.29124611797498107,114,124,123,45,4.4935511262562695,0.047666694996689275,0.8276318817553556,0.6267699816695034,0.840572511654435,-0.6011847361812885,-0.8062596780946041,1.0425580423926457,45,0.00021040931345984198,0.0015844813345791177,56,0.49122807017543857,1,19.156694192810058,3.011190144500832
torus_knot_3_4,3,4,0.14679023874587108,True,4,2,macroscopic,0.47124611797498106,61,73,73,35,3.8578533365336263,0.08327448095071979,1.291313356164059,0.40019756925863204,0.5195023822113088,-0.38386118852451434,-0.49829588482101517,1.042558042392646,35,0.00021040931346040742,0.001630607534205139,38,0.6229508196721312,1,19.156694192810058,3.011190144500832
torus_knot_3_4,3,4,0.5,False,0,-2,microscopic,0.06875388202501892,220,220,220,41,5.232708182386601,0.02549006908088174,0.21233976086696318,2.427671458706869,3.560722299385934,-2.3285719931097755,-3.415370803925853,1.0425580423926457,41,0.00021040931345984198,0.0015154609818577242,109,0.4954545454545454,1,6.2836893491959165,0.010460809354809794
torus_knot_3_4,3,4,0.5,False,0,-1,microscopic,0.11124611797498106,146,146,146,43,4.801532533800023,0.029175701412304814,0.33645184671228856,1.5392567844838898,2.2006474055201832,-1.4764231072941822,-2.1108152410102274,1.0425580423926457,43,0.00021040931345984198,0.0015154609818577242,63,0.43150684931506844,1,6.2836893491959165,0.010460809354809794
torus_knot_3_4,3,4,0.5,False,0,0,mesoscopic,0.18,93,93,93,43,4.211722523962931,0.06950730748087207,0.5224618138576544,0.9946995530362372,1.3600748938657492,-0.954095131963517,-1.3045555629156242,1.0425580423926457,43,0.00021040931345984198,0.0015154609818577242,55,0.5913978494623656,1,6.2836893491959165,0.010460809354809794
torus_knot_3_4,3,4,0.5,False,0,1,macroscopic,0.29124611797498107,58,58,58,20,3.7691414719113245,0.09168082432863667,0.8166056992719377,0.6306976074923212,0.840572511654435,-0.6049520332171485,-0.806259678094604,1.0425580423926457,20,0.0003872277528176844,0.0016327790973718697,19,0.3275862068965517,1,6.2836893491959165,0.010460809354809794
torus_knot_3_4,3,4,0.5,False,0,2,macroscopic,0.47124611797498106,40,40,40,19,3.523701857673718,0.12261176743720514,1.277263994036028,0.4027168451815776,0.5195023822113088,-0.3862776256153107,-0.49829588482101517,1.0425580423926455,19,0.0003872277528176844,0.0016349506605386002,16,0.4,1,6.2836893491959165,0.010460809354809794
torus_knot_3_4,3,4,2.5,False,0,-2,microscopic,0.06875388202501892,216,216,216,39,5.212357437797047,0.015625001087639916,0.2126439855012268,2.4274706772052896,3.5607222993859344,-2.328379407667608,-3.4153708039258532,1.0425580423926457,39,0.00021040931345984198,0.0015154609818577242,102,0.4722222222222222,1,6.283185307179867,1.0782158537887724e-22
torus_knot_3_4,3,4,2.5,False,0,-1,microscopic,0.11124611797498106,151,151,151,45,4.799039198866839,0.021484376048432122,0.33443873244089645,1.5484447589728545,2.2006474055201837,-1.4852360214105786,-2.110815241010228,1.0425580423926457,45,0.00021040931345984198,0.0015154609818577242,74,0.4900662251655629,1,6.283185307179867,1.0782158537887724e-22
torus_knot_3_4,3,4,2.5,False,0,0,mesoscopic,0.18,86,86,86,37,4.20490395579812,0.031250000185769594,0.5182339899037418,1.0060714148940013,1.3600748938657492,-0.9650027854421337,-1.3045555629156242,1.0425580423926457,37,0.00021040931345984198,0.001630607534205139,48,0.5581395348837209,1,6.283185307179867,1.0782158537887724e-22
torus_knot_3_4,3,4,2.5,False,0,1,macroscopic,0.29124611797498107,60,60,60,19,3.836406245441756,0.04687500361215652,0.8179148932630946,0.6293916982955969,0.840572511654435,-0.6036994322648531,-0.806259678094604,1.0425580423926457,19,0.0003872277528176844,0.0016349506605386002,20,0.3333333333333333,1,6.283185307179867,1.0782158537887724e-22
torus_knot_3_4,3,4,2.5,False,0,2,macroscopic,0.47124611797498106,40,40,40,19,3.4822121771636265,0.06249999550292002,1.2773847642595733,0.4030251014259621,0.5195023822113088,-0.3865732985964303,-0.49829588482101517,1.0425580423926457,19,0.0003872277528176844,0.0016349506605386002,16,0.4,1,6.283185307179867,1.0782158537887724e-22
