case_id,structure,color_bound,exact_diagnosis,certificate,z2_curvature,klein_flux,weighted_lift_status,implementation_status,notes
bipartite_planar_graph,planar graph with no odd cycle,2,bipartiteness,two vertex classes,False,False,not_tested,standard_graph_check,Four Color is unnecessary.
triangle_free_planar_graph,planar graph with no triangle,3,Groetzsch theorem gives an upper bound,constructive three-coloring when supplied,False,False,not_tested,theorem_only,The chromatic number may still be one or two.
generic_knot_diagram_regions,regions of a generic link projection,2,checkerboard face coloring,black-white region partition,False,False,not_applicable,conceptual_control,Ordinary diagram regions do not expose a Four Color effect.
eulerian_sphere_triangulation,sphere triangulation with every degree even,3,Heawood parity criterion,all degrees even plus explicit three-coloring,True,True,not_tested,exact_fixture,The triangle lower bound makes the chromatic number exactly three.
non_eulerian_sphere_triangulation,sphere triangulation with at least one odd degree,4,parity obstruction plus Four Color,odd vertex and explicit four-coloring,True,True,not_tested,exact_fixture_and_sweeps,The chromatic number is exactly four.
dual_cubic_tait_instance,dual cubic graph of a sphere triangulation,4,Tait/Klein-four reformulation,nonzero conserved Z2xZ2 edge flow,False,True,not_tested,exact_flux_certificate,Discrete flux labels are not physical magnetic flux.
curvature_generated_triangulation,mixed-curvature diagonal map with exterior compactification,4,local XOR defects and degree parity,3/4 classification plus explicit coloring,True,True,not_tested,exact_cuda_fractional_and_knot_sweeps,"Projection, grid, kernel, and scale remain declared choices."
weighted_planar_conflict_triangle,three pairwise-incompatible weighted choices,3,planar coloring plus relaxation audit,three-coloring and exact 58/60 arithmetic,False,False,fails_edge_relaxation_lift,exact_goemans_style_control,Colorability does not imply weighted integral route selection.
arbitrary_planar_graph,finite loopless planar graph,4,Four Color theorem,proper four-coloring,False,False,not_tested,scope_boundary,A coloring alone supplies no weighted optimization guarantee.
