case_id,target_k,problem_formulation,primary_solver_route,structural_bypass_generic_search,zamir_fixed_palette_applicable,zamir_role,generic_time_bound,certificate_recovery,weighted_objective_in_scope,weighted_warning,recommendation
bipartite_planar_graph,2,vertex coloring,bipartite BFS/DFS,True,True,polynomial base case,polynomial via 2-list-coloring / 2-SAT,"decision-to-search, polynomial overhead",False,False,use structural certificate first
triangle_free_planar_graph,3,vertex coloring,bipartite test; otherwise Groetzsch certifies exact chi=3,True,True,theoretical fixed-palette fallback,"O*((2-epsilon_3)^n), randomized","decision-to-search, polynomial overhead",False,False,use structural certificate first
generic_knot_diagram_regions,2,vertex coloring of the region-dual graph,checkerboard face coloring,True,True,polynomial base case,polynomial via 2-list-coloring / 2-SAT,"decision-to-search, polynomial overhead",False,False,use structural certificate first
eulerian_sphere_triangulation,3,vertex coloring,degree parity plus explicit 3-coloring,True,True,theoretical fixed-palette fallback,"O*((2-epsilon_3)^n), randomized","decision-to-search, polynomial overhead",False,False,use structural certificate first
non_eulerian_sphere_triangulation,3,vertex coloring decision returning NO,odd-degree obstruction plus explicit 4-coloring,True,True,theoretical fixed-palette fallback,"O*((2-epsilon_3)^n), randomized","decision-to-search, polynomial overhead",False,False,use structural certificate first
dual_cubic_tait_instance,3,vertex coloring of the line graph,nonzero conserved Klein-four dual flow,True,True,theoretical fixed-palette fallback,"O*((2-epsilon_3)^n), randomized","decision-to-search, polynomial overhead",False,False,use structural certificate first
curvature_generated_triangulation,3,vertex coloring decision,local XOR parity plus explicit 3/4-coloring,True,True,theoretical fixed-palette fallback,"O*((2-epsilon_3)^n), randomized","decision-to-search, polynomial overhead",False,False,use structural certificate first
weighted_planar_conflict_triangle,3,vertex coloring of the conflict graph,"3-color conflict graph, then run a separate weighted-integrality audit",True,True,theoretical fixed-palette fallback,"O*((2-epsilon_3)^n), randomized","decision-to-search, polynomial overhead",False,True,use structural certificate first
arbitrary_planar_graph,3,vertex coloring decision,"bipartite test, then 3-color decision, then Four Color fallback",False,True,theoretical fixed-palette fallback,"O*((2-epsilon_3)^n), randomized","decision-to-search, polynomial overhead",False,False,use a specialized 3-color solver when practical; Zamir supplies the generic sub-2^n existence result
