fixture_id,channel,bandwidth,tau,grid_count,odd_count_scaling_exponent,odd_fraction_scaling_exponent,log_log_r_squared,minimum_grid_size,maximum_grid_size
cinquefoil_T_2_5,curvature_density,0.1,0.0,4,1.2684906799067142,-0.7315093200932858,0.9817088912329736,9,65
cinquefoil_T_2_5,curvature_density,0.1,0.0003,4,1.2684906799067142,-0.7315093200932858,0.9817088912329736,9,65
cinquefoil_T_2_5,curvature_density,0.1,0.001,4,1.268625322477467,-0.7313746775225329,0.9836036427870644,9,65
cinquefoil_T_2_5,curvature_density,0.1,0.003,4,1.2812811474828847,-0.7187188525171153,0.9860790140359377,9,65
cinquefoil_T_2_5,curvature_density,0.1,0.01,4,1.2391071454663127,-0.7608928545336873,0.9899790858434385,9,65
cinquefoil_T_2_5,curvature_density,0.1,0.03,4,1.2859321340942171,-0.7140678659057829,0.9934353592214431,9,65
cinquefoil_T_2_5,curvature_density,0.1,0.1,4,1.2380739401638499,-0.7619260598361501,0.9885829473148999,9,65
cinquefoil_T_2_5,curvature_density,0.1,0.3,4,1.1203347593969815,-0.8796652406030185,0.9976561963783248,9,65
cinquefoil_T_2_5,curvature_density,0.1,1.0,4,1.2680858189299224,-0.7319141810700776,0.9852950318692416,9,65
cinquefoil_T_2_5,curvature_density,0.18,0.0,4,1.1777518127545628,-0.8222481872454372,0.9866094361122881,9,65
cinquefoil_T_2_5,curvature_density,0.18,0.0003,4,1.181284963087468,-0.818715036912532,0.9869793318453236,9,65
cinquefoil_T_2_5,curvature_density,0.18,0.001,4,1.1754279551136584,-0.8245720448863416,0.9861662277144585,9,65
cinquefoil_T_2_5,curvature_density,0.18,0.003,4,1.1768841405041377,-0.8231158594958623,0.9883174026439606,9,65
cinquefoil_T_2_5,curvature_density,0.18,0.01,4,1.1395688752445,-0.8604311247555001,0.9895287155896697,9,65
cinquefoil_T_2_5,curvature_density,0.18,0.03,4,1.1337023877870742,-0.8662976122129258,0.996032374733558,9,65
cinquefoil_T_2_5,curvature_density,0.18,0.1,4,1.1568811033271473,-0.8431188966728527,0.9959152385533012,9,65
cinquefoil_T_2_5,curvature_density,0.18,0.3,4,1.1954183275224943,-0.8045816724775057,0.9944919383356863,9,65
cinquefoil_T_2_5,curvature_density,0.18,1.0,4,1.064363942243288,-0.935636057756712,0.9996408469341622,9,65
cinquefoil_T_2_5,signed_turning,0.1,0.0,4,1.2476312350169885,-0.7523687649830115,0.9866240701326519,9,65
cinquefoil_T_2_5,signed_turning,0.1,0.0003,4,1.2496211227948204,-0.7503788772051796,0.9868615524260871,9,65
cinquefoil_T_2_5,signed_turning,0.1,0.001,4,1.2502554684033178,-0.7497445315966822,0.985125090055311,9,65
cinquefoil_T_2_5,signed_turning,0.1,0.003,4,1.246460490301172,-0.753539509698828,0.9842519673563702,9,65
cinquefoil_T_2_5,signed_turning,0.1,0.01,4,1.310412384244907,-0.6895876157550931,0.9886562199128486,9,65
cinquefoil_T_2_5,signed_turning,0.1,0.03,4,1.2265615767696572,-0.7734384232303428,0.994288900921889,9,65
cinquefoil_T_2_5,signed_turning,0.1,0.1,4,1.213054422372507,-0.786945577627493,0.9923017308231941,9,65
cinquefoil_T_2_5,signed_turning,0.1,0.3,4,1.122843857493264,-0.877156142506736,0.9982808266137395,9,65
cinquefoil_T_2_5,signed_turning,0.1,1.0,4,1.2605585246410735,-0.7394414753589265,0.984268059543973,9,65
cinquefoil_T_2_5,signed_turning,0.18,0.0,4,1.1842778125458502,-0.8157221874541498,0.9928829939663293,9,65
cinquefoil_T_2_5,signed_turning,0.18,0.0003,4,1.1832490613406468,-0.8167509386593532,0.993613826010367,9,65
cinquefoil_T_2_5,signed_turning,0.18,0.001,4,1.1864507967358502,-0.8135492032641498,0.9935234081575048,9,65
cinquefoil_T_2_5,signed_turning,0.18,0.003,4,1.1918386234446345,-0.8081613765553655,0.9951319375584917,9,65
cinquefoil_T_2_5,signed_turning,0.18,0.01,4,1.1603392511812185,-0.8396607488187815,0.9959246583007756,9,65
cinquefoil_T_2_5,signed_turning,0.18,0.03,4,1.1015874797618215,-0.8984125202381785,0.9989739633448268,9,65
cinquefoil_T_2_5,signed_turning,0.18,0.1,4,1.1509430017718176,-0.8490569982281824,0.9926816232960319,9,65
cinquefoil_T_2_5,signed_turning,0.18,0.3,4,1.1375397732033221,-0.8624602267966779,0.9949679744619151,9,65
cinquefoil_T_2_5,signed_turning,0.18,1.0,4,1.0614709844115204,-0.9385290155884796,0.9974449823938285,9,65
torus_T_3_4,curvature_density,0.1,0.0,4,1.26648969504525,-0.73351030495475,0.9932861627416159,9,65
torus_T_3_4,curvature_density,0.1,0.0003,4,1.2643743601685127,-0.7356256398314873,0.9924600418604242,9,65
torus_T_3_4,curvature_density,0.1,0.001,4,1.262187549671335,-0.7378124503286649,0.9931023078474238,9,65
torus_T_3_4,curvature_density,0.1,0.003,4,1.2619334111434755,-0.7380665888565245,0.9964421506041068,9,65
torus_T_3_4,curvature_density,0.1,0.01,4,1.2918137385073891,-0.7081862614926109,0.9772607477958835,9,65
torus_T_3_4,curvature_density,0.1,0.03,4,1.363466401721003,-0.636533598278997,0.9725416772921205,9,65
torus_T_3_4,curvature_density,0.1,0.1,4,1.3157041172759434,-0.6842958827240566,0.9832536982204337,9,65
torus_T_3_4,curvature_density,0.1,0.3,4,1.2313310119283754,-0.7686689880716246,0.9918767323316736,9,65
torus_T_3_4,curvature_density,0.1,1.0,4,1.2368438059485098,-0.7631561940514902,0.9920263853272947,9,65
torus_T_3_4,curvature_density,0.18,0.0,4,1.119682721436092,-0.880317278563908,0.9974499068483335,9,65
torus_T_3_4,curvature_density,0.18,0.0003,4,1.1280372924249211,-0.8719627075750789,0.9983389581873885,9,65
torus_T_3_4,curvature_density,0.18,0.001,4,1.0923653240890296,-0.9076346759109704,0.9994744074454347,9,65
torus_T_3_4,curvature_density,0.18,0.003,4,1.1278755944100471,-0.8721244055899529,0.9955216553794793,9,65
torus_T_3_4,curvature_density,0.18,0.01,4,1.154227059102302,-0.845772940897698,0.9967266061150349,9,65
torus_T_3_4,curvature_density,0.18,0.03,4,1.1438581667819345,-0.8561418332180655,0.9947361087509357,9,65
torus_T_3_4,curvature_density,0.18,0.1,4,1.200031622730983,-0.7999683772690169,0.9866942293802499,9,65
torus_T_3_4,curvature_density,0.18,0.3,4,1.356110614173444,-0.643889385826556,0.9842609290510812,9,65
torus_T_3_4,curvature_density,0.18,1.0,4,1.1123282086924215,-0.8876717913075785,0.9988913139257902,9,65
torus_T_3_4,signed_turning,0.1,0.0,4,1.2470252275212586,-0.7529747724787414,0.9953059209484512,9,65
torus_T_3_4,signed_turning,0.1,0.0003,4,1.2553415462939594,-0.7446584537060406,0.994179021618265,9,65
torus_T_3_4,signed_turning,0.1,0.001,4,1.2347414760596336,-0.7652585239403664,0.9882204867632651,9,65
torus_T_3_4,signed_turning,0.1,0.003,4,1.2661683787370204,-0.7338316212629796,0.9883495673711553,9,65
torus_T_3_4,signed_turning,0.1,0.01,4,1.2721171185003428,-0.7278828814996572,0.9889684898334,9,65
torus_T_3_4,signed_turning,0.1,0.03,4,1.351606967133322,-0.648393032866678,0.9815251756749765,9,65
torus_T_3_4,signed_turning,0.1,0.1,4,1.3221380354772119,-0.6778619645227881,0.9817948254295771,9,65
torus_T_3_4,signed_turning,0.1,0.3,4,1.2878598269834356,-0.7121401730165644,0.982480120311138,9,65
torus_T_3_4,signed_turning,0.1,1.0,4,1.2324817219498116,-0.7675182780501884,0.9901564887102249,9,65
torus_T_3_4,signed_turning,0.18,0.0,4,1.1740608996744277,-0.8259391003255723,0.9953513673537011,9,65
torus_T_3_4,signed_turning,0.18,0.0003,4,1.1765699977707105,-0.8234300022292895,0.9948230847845274,9,65
torus_T_3_4,signed_turning,0.18,0.001,4,1.1553881134688027,-0.8446118865311973,0.9974089996653117,9,65
torus_T_3_4,signed_turning,0.18,0.003,4,1.1778935980183312,-0.8221064019816688,0.9993328846681439,9,65
torus_T_3_4,signed_turning,0.18,0.01,4,1.179027288158363,-0.820972711841637,0.997459462023288,9,65
torus_T_3_4,signed_turning,0.18,0.03,4,1.1634327811161784,-0.8365672188838216,0.9973876113077906,9,65
torus_T_3_4,signed_turning,0.18,0.1,4,1.273327182360518,-0.7266728176394821,0.9775043449555607,9,65
torus_T_3_4,signed_turning,0.18,0.3,4,1.2592689862745767,-0.7407310137254233,0.9958532095977666,9,65
torus_T_3_4,signed_turning,0.18,1.0,4,1.0750886415828709,-0.9249113584171291,0.9993433132383274,9,65
trefoil_T_2_3,curvature_density,0.1,0.0,4,1.172785764525981,-0.8272142354740191,0.9956265399957797,9,65
trefoil_T_2_3,curvature_density,0.1,0.0003,4,1.1754140989170676,-0.8245859010829324,0.995441599885866,9,65
trefoil_T_2_3,curvature_density,0.1,0.001,4,1.1775506770079778,-0.8224493229920222,0.996078945763039,9,65
trefoil_T_2_3,curvature_density,0.1,0.003,4,1.1848350582270109,-0.8151649417729891,0.997404619694547,9,65
trefoil_T_2_3,curvature_density,0.1,0.01,4,1.1961682117328527,-0.8038317882671473,0.9952976631730319,9,65
trefoil_T_2_3,curvature_density,0.1,0.03,4,1.1975152794858825,-0.8024847205141175,0.9890784997387163,9,65
trefoil_T_2_3,curvature_density,0.1,0.1,4,1.1707822169702478,-0.8292177830297522,0.9951690167943297,9,65
trefoil_T_2_3,curvature_density,0.1,0.3,4,1.1804640537360567,-0.8195359462639433,0.994375568717355,9,65
trefoil_T_2_3,curvature_density,0.1,1.0,4,1.1829059400783026,-0.8170940599216974,0.9864836280749124,9,65
trefoil_T_2_3,curvature_density,0.18,0.0,4,1.0811675723266423,-0.9188324276733577,0.9980789196407878,9,65
trefoil_T_2_3,curvature_density,0.18,0.0003,4,1.0811675723266423,-0.9188324276733577,0.9980789196407878,9,65
trefoil_T_2_3,curvature_density,0.18,0.001,4,1.082473187609187,-0.9175268123908129,0.9981462387662599,9,65
trefoil_T_2_3,curvature_density,0.18,0.003,4,1.089840318882381,-0.9101596811176189,0.9983242082354395,9,65
trefoil_T_2_3,curvature_density,0.18,0.01,4,1.0679525589426033,-0.9320474410573967,0.9994473429358273,9,65
trefoil_T_2_3,curvature_density,0.18,0.03,4,1.0850138394790538,-0.9149861605209462,0.9995480169279636,9,65
trefoil_T_2_3,curvature_density,0.18,0.1,4,1.1014484427437548,-0.8985515572562452,0.9986642124153646,9,65
trefoil_T_2_3,curvature_density,0.18,0.3,4,1.0628341826007068,-0.9371658173992932,0.9993856534519303,9,65
trefoil_T_2_3,curvature_density,0.18,1.0,4,1.1223466757172957,-0.8776533242827043,0.9968262269646998,9,65
trefoil_T_2_3,signed_turning,0.1,0.0,4,1.2099183651120586,-0.7900816348879414,0.9900507472076729,9,65
trefoil_T_2_3,signed_turning,0.1,0.0003,4,1.2104117669520424,-0.7895882330479576,0.9903077626818552,9,65
trefoil_T_2_3,signed_turning,0.1,0.001,4,1.2113291796089347,-0.7886708203910653,0.9892093872109469,9,65
trefoil_T_2_3,signed_turning,0.1,0.003,4,1.2086713272650262,-0.7913286727349738,0.988534699311024,9,65
trefoil_T_2_3,signed_turning,0.1,0.01,4,1.1957264068199405,-0.8042735931800595,0.9870601945077632,9,65
trefoil_T_2_3,signed_turning,0.1,0.03,4,1.1992579398713183,-0.8007420601286817,0.9899309962031264,9,65
trefoil_T_2_3,signed_turning,0.1,0.1,4,1.1981225846345953,-0.8018774153654047,0.991820835912508,9,65
trefoil_T_2_3,signed_turning,0.1,0.3,4,1.1657209094918102,-0.8342790905081898,0.9906465403166664,9,65
trefoil_T_2_3,signed_turning,0.1,1.0,4,1.1433577291413077,-0.8566422708586923,0.9879706981145888,9,65
trefoil_T_2_3,signed_turning,0.18,0.0,4,1.0987886498586255,-0.9012113501413745,0.9987403957487392,9,65
trefoil_T_2_3,signed_turning,0.18,0.0003,4,1.1021279397253787,-0.8978720602746213,0.9987547235338873,9,65
trefoil_T_2_3,signed_turning,0.18,0.001,4,1.1067874982454373,-0.8932125017545627,0.998626059779375,9,65
trefoil_T_2_3,signed_turning,0.18,0.003,4,1.13346818029778,-0.86653181970222,0.997312820852549,9,65
trefoil_T_2_3,signed_turning,0.18,0.01,4,1.1264391305314834,-0.8735608694685166,0.9949913565452488,9,65
trefoil_T_2_3,signed_turning,0.18,0.03,4,1.1137737143925375,-0.8862262856074625,0.9991090298298747,9,65
trefoil_T_2_3,signed_turning,0.18,0.1,4,1.1180343776638995,-0.8819656223361005,0.9986536299565348,9,65
trefoil_T_2_3,signed_turning,0.18,0.3,4,1.0853215827012368,-0.9146784172987632,0.9990715320860466,9,65
trefoil_T_2_3,signed_turning,0.18,1.0,4,1.105323233093676,-0.894676766906324,0.9969975208310699,9,65
