family,hurst,size,nominal_probability,samples,realized_blue_fraction,mean_neighbor_agreement,blue_crossing_count,yellow_crossing_count,both_winners,neither_winners,blue_crossing_probability,ci95_low,ci95_high,elapsed_seconds,samples_per_second
iid,,6,0.25,200000,0.2500801388888889,0.6248019411764705,4274,195726,0,0,0.02137,0.02073619947135964,0.02200380052864036,0.3496006000204943,572081.3979961006
iid,,6,0.3,200000,0.29998444444444444,0.580121705882353,11142,188858,0,0,0.05571,0.05470478178864129,0.05671521821135871,0.18112039999687113,1104237.8440167701
iid,,6,0.35,200000,0.3497725,0.5451445294117647,23806,176194,0,0,0.11903,0.11761077958385852,0.12044922041614148,0.21171199998934753,944679.564739189
iid,,6,0.4,200000,0.4000415277777778,0.5199444117647058,43691,156309,0,0,0.218455,0.21664408084431586,0.22026591915568416,0.21295200000167824,939178.7820655538
iid,,6,0.45,200000,0.44997944444444443,0.5050376470588236,70161,129839,0,0,0.350805,0.3487134823011182,0.35289651769888175,0.19656539999414235,1017473.064974609
iid,,6,0.475,200000,0.475025,0.5011829411764707,84630,115370,0,0,0.42315,0.4209846919293967,0.42531530807060336,0.19304919999558479,1036005.3292351079
iid,,6,0.5,200000,0.5002291666666666,0.4996520000000001,100074,99926,0,0,0.50037,0.498178653982041,0.502561346017959,0.18170780001673847,1100668.2155723446
iid,,6,0.525,200000,0.5251706944444444,0.5010148235294118,115116,84884,0,0,0.57558,0.573413833468445,0.577746166531555,0.16623709999839775,1203100.872199573
iid,,6,0.55,200000,0.5500909722222223,0.5049957058823529,130630,69370,0,0,0.65315,0.6510639803815352,0.6552360196184648,0.1729052999871783,1156702.5418817753
iid,,6,0.6,200000,0.59993,0.5198989411764705,156222,43778,0,0,0.78111,0.7792977832797859,0.782922216720214,0.17446559999370947,1146357.792064517
iid,,6,0.65,200000,0.6501183333333334,0.5449804117647059,175869,24131,0,0,0.879345,0.8779174432404673,0.8807725567595328,0.1709236000024248,1170113.4307793817
iid,,6,0.7,200000,0.7000231944444445,0.5797364705882353,189053,10947,0,0,0.945265,0.9442681026911872,0.9462618973088128,0.15422850000322796,1296777.1844750748
iid,,6,0.75,200000,0.7498123611111112,0.6247836470588235,195610,4390,0,0,0.97805,0.9774078464844136,0.9786921535155864,0.1813630000106059,1102760.7615020936
fractional_gaussian,0.2,6,0.25,200000,0.2555280555555556,0.7248561764705881,12271,187729,0,0,0.061355,0.060303239783585726,0.062406760216414274,0.35535920000984333,562810.8122554871
fractional_gaussian,0.2,6,0.3,200000,0.3052036111111111,0.6994682352941176,23916,176084,0,0,0.11958,0.11815794858809227,0.12100205141190774,0.20309710002038628,984750.6438049809
fractional_gaussian,0.2,6,0.35,200000,0.3544718055555556,0.6798263529411764,39077,160923,0,0,0.195385,0.1936472762153627,0.1971227237846373,0.14957710000453517,1337103.0725554647
fractional_gaussian,0.2,6,0.4,200000,0.4031675,0.6664726470588235,57760,142240,0,0,0.2888,0.28681374253721226,0.29078625746278774,0.1840620000148192,1086590.387933944
fractional_gaussian,0.2,6,0.45,200000,0.4516376388888889,0.6586965294117646,78289,121711,0,0,0.391445,0.3893059232560715,0.3935840767439285,0.20500820002052933,975570.7331705375
fractional_gaussian,0.2,6,0.475,200000,0.47530180555555557,0.6567785882352941,88530,111470,0,0,0.44265,0.4404731158836952,0.4448268841163048,0.1674191000056453,1194606.8279739653
fractional_gaussian,0.2,6,0.5,200000,0.4999913888888889,0.6561525294117647,100078,99922,0,0,0.50039,0.49819865404865793,0.5025813459513421,0.2064173000107985,968911.0359913496
fractional_gaussian,0.2,6,0.525,200000,0.5241377777777778,0.6566638823529412,110825,89175,0,0,0.554125,0.5519465303849089,0.556303469615091,0.1821475000178907,1098011.22705695
fractional_gaussian,0.2,6,0.55,200000,0.5479655555555556,0.6589445882352941,121723,78277,0,0,0.608615,0.6064759817597004,0.6107540182402996,0.1901955000066664,1051549.5897273591
fractional_gaussian,0.2,6,0.6,200000,0.5968397222222223,0.6667359411764706,142584,57416,0,0,0.71292,0.7109372729048836,0.7149027270951164,0.16819719999330118,1189080.4365825676
fractional_gaussian,0.2,6,0.65,200000,0.6455477777777778,0.6801191176470589,160411,39589,0,0,0.802055,0.8003087138206652,0.8038012861793348,0.19354599999496713,1033346.0779618318
fractional_gaussian,0.2,6,0.7,200000,0.6946066666666667,0.6990731176470588,176196,23804,0,0,0.88098,0.8795608311466788,0.8823991688533211,0.18361569999251515,1089231.4764377596
fractional_gaussian,0.2,6,0.75,200000,0.7445745833333334,0.7250508823529412,187729,12271,0,0,0.938645,0.9375932397835857,0.9396967602164142,0.1825871999899391,1095367.035646641
fractional_gaussian,0.5,6,0.25,200000,0.25885583333333334,0.750949411764706,14934,185066,0,0,0.07467,0.07351797349672466,0.07582202650327534,0.17268620000686496,1158170.1374634986
fractional_gaussian,0.5,6,0.3,200000,0.3084926388888889,0.7296477647058824,27456,172544,0,0,0.13728,0.13577172809336885,0.13878827190663118,0.17102899999008514,1169392.325345961
fractional_gaussian,0.5,6,0.35,200000,0.35648375,0.7141652352941176,42363,157637,0,0,0.211815,0.2100242559685633,0.2136057440314367,0.1553153000131715,1287703.1431097838
fractional_gaussian,0.5,6,0.4,200000,0.40469319444444446,0.7030833529411764,60428,139572,0,0,0.30214,0.30012753035226786,0.3041524696477322,0.21092869999120012,948187.7051740419
fractional_gaussian,0.5,6,0.45,200000,0.4524477777777778,0.6965693529411765,79786,120214,0,0,0.39893,0.3967838901480211,0.4010761098519789,0.19812270000693388,1009475.4411937674
fractional_gaussian,0.5,6,0.475,200000,0.47624333333333335,0.6951608235294119,89668,110332,0,0,0.44834,0.44616038110156037,0.45051961889843967,0.15835990000050515,1262945.985690582
fractional_gaussian,0.5,6,0.5,200000,0.5001405555555556,0.6947519411764705,99872,100128,0,0,0.49936,0.4971686551772021,0.501551344822798,0.19320999999763444,1035143.1085474286
fractional_gaussian,0.5,6,0.525,200000,0.5239879166666667,0.6953757647058825,110104,89896,0,0,0.55052,0.5483398678961685,0.5527001321038315,0.1712478999979794,1167897.533355795
fractional_gaussian,0.5,6,0.55,200000,0.5473895833333333,0.6968009411764705,120127,79873,0,0,0.600635,0.5984884975334619,0.6027815024665382,0.20608940001693554,970452.6287308559
fractional_gaussian,0.5,6,0.6,200000,0.5950261111111111,0.7029984705882352,139616,60384,0,0,0.69808,0.6960679460902778,0.7000920539097223,0.17447790000005625,1146276.978344739
fractional_gaussian,0.5,6,0.65,200000,0.6430556944444444,0.713973294117647,157101,42899,0,0,0.785505,0.7837060291056608,0.7873039708943392,0.16722570001729764,1195988.4155324942
fractional_gaussian,0.5,6,0.7,200000,0.6916590277777778,0.7296877647058823,172590,27410,0,0,0.86295,0.8614427912386202,0.8644572087613798,0.22280240000691265,897656.3986464904
fractional_gaussian,0.5,6,0.75,200000,0.7407961111111111,0.7510155882352941,185044,14956,0,0,0.92522,0.9240671937828356,0.9263728062171644,0.18363549999776296,1089114.0329753037
fractional_gaussian,0.8,6,0.25,200000,0.26223416666666666,0.7727798823529411,17394,182606,0,0,0.08697,0.08573499609050303,0.08820500390949698,0.1737715999770444,1150936.0564466256
fractional_gaussian,0.8,6,0.3,200000,0.31167194444444446,0.7544278235294118,30352,169648,0,0,0.15176,0.1501875418106356,0.15333245818936442,0.2396314999787137,834614.8149044089
fractional_gaussian,0.8,6,0.35,200000,0.35988472222222223,0.741209588235294,45633,154367,0,0,0.228165,0.22632580481863881,0.2300041951813612,0.25974109998787753,769997.509093995
fractional_gaussian,0.8,6,0.4,200000,0.4066838888888889,0.7325725294117647,62473,137527,0,0,0.312365,0.31033380675588607,0.31439619324411394,0.21780620000208728,918247.5062605351
fractional_gaussian,0.8,6,0.45,200000,0.4536172222222222,0.727256294117647,81011,118989,0,0,0.405055,0.40290352411923913,0.40720647588076087,0.17527160001918674,1141086.1769853546
fractional_gaussian,0.8,6,0.475,200000,0.47665555555555555,0.7257381764705882,90126,109874,0,0,0.45063,0.44844936190981977,0.4528106380901802,0.19441540000843816,1028725.0906631855
fractional_gaussian,0.8,6,0.5,200000,0.50032125,0.7255708823529411,100643,99357,0,0,0.503215,0.5010236986830218,0.5054063013169782,0.194283600023482,1029422.967125517
fractional_gaussian,0.8,6,0.525,200000,0.5234230555555556,0.7258576470588235,109425,90575,0,0,0.547125,0.5449434080276379,0.5493065919723621,0.24368039998807944,820747.1754387459
fractional_gaussian,0.8,6,0.55,200000,0.5467398611111111,0.7274586470588236,118978,81022,0,0,0.59489,0.5927384775123687,0.5970415224876313,0.2661251999961678,751525.9734999917
fractional_gaussian,0.8,6,0.6,200000,0.5928655555555555,0.7322891176470588,137257,62743,0,0,0.686285,0.6842514213711611,0.6883185786288389,0.27012980001745746,740384.8075520537
fractional_gaussian,0.8,6,0.65,200000,0.6402598611111111,0.7413320588235294,154634,45366,0,0,0.77317,0.7713346080728278,0.7750053919271722,0.32141250002314337,622253.3348441612
fractional_gaussian,0.8,6,0.7,200000,0.6883313888888889,0.754616588235294,169975,30025,0,0,0.849875,0.848309528697205,0.8514404713027951,0.29239919999963604,683996.3994438048
fractional_gaussian,0.8,6,0.75,200000,0.7374370833333334,0.772564294117647,182585,17415,0,0,0.912925,0.9116893218560017,0.9141606781439983,0.3453051999968011,579197.7647653519
iid,,7,0.25,200000,0.25002775510204084,0.6251105833333332,2511,197489,0,0,0.012555,0.012067015655070986,0.013042984344929015,0.34083890001056716,586787.4822791627
iid,,7,0.3,200000,0.29974622448979593,0.58008325,7860,192140,0,0,0.0393,0.03844840864490062,0.04015159135509938,0.37899639998795465,527709.4980489431
iid,,7,0.35,200000,0.3501631632653061,0.544889375,19220,180780,0,0,0.0961,0.09480829613056244,0.09739170386943757,0.3327469999785535,601057.2597585871
iid,,7,0.4,200000,0.4001319387755102,0.5199908333333333,39296,160704,0,0,0.19648,0.19473859978488664,0.19822140021511334,0.36363819998223335,549997.2225408981
iid,,7,0.45,200000,0.45001591836734695,0.5052697500000001,66489,133511,0,0,0.332445,0.33038035921175235,0.33450964078824763,0.33761709998361766,592387.0562530888
iid,,7,0.475,200000,0.47479163265306124,0.5011485416666667,82625,117375,0,0,0.413125,0.4109669842164908,0.41528301578350924,0.24941080002463423,801889.8940232182
iid,,7,0.5,200000,0.5002344897959183,0.4998974166666667,100266,99734,0,0,0.50133,0.49913866113461003,0.5035213388653901,0.28183250001166016,709641.3649658058
iid,,7,0.525,200000,0.5252295918367347,0.5013409166666666,117042,82958,0,0,0.58521,0.5830507094620392,0.5873692905379608,0.2106678000127431,949361.9812230545
iid,,7,0.55,200000,0.5499971428571429,0.505052375,133125,66875,0,0,0.665625,0.6635573701862096,0.6676926298137904,0.2072377000004053,965075.369971819
iid,,7,0.6,200000,0.600280918367347,0.5200966249999999,161413,38587,0,0,0.807065,0.8053355785546703,0.8087944214453298,0.2232349000114482,895917.260203236
iid,,7,0.65,200000,0.650273775510204,0.5451669166666666,180871,19129,0,0,0.904355,0.9030660333485339,0.9056439666514662,0.2504979999794159,798409.5682058721
iid,,7,0.7,200000,0.6997954081632654,0.5797928333333333,192046,7954,0,0,0.96023,0.9593735411445394,0.9610864588554606,0.22331750000012107,895585.8810880991
iid,,7,0.75,200000,0.7500134693877551,0.6249633333333333,197499,2501,0,0,0.987495,0.987007975987738,0.987982024012262,0.2543608999985736,786284.3699685037
fractional_gaussian,0.2,7,0.25,200000,0.2554463265306122,0.7249520000000002,7896,192104,0,0,0.03948,0.038626540628408826,0.04033345937159118,0.2714912999945227,736671.8565347581
fractional_gaussian,0.2,7,0.3,200000,0.30513214285714285,0.699142375,17706,182294,0,0,0.08853,0.08728503398832226,0.08977496601167774,0.3432510000129696,582663.9980435398
fractional_gaussian,0.2,7,0.35,200000,0.3546620408163265,0.6795760833333334,32869,167131,0,0,0.164345,0.16272082496987306,0.16596917503012693,0.336507799976971,594339.8637823167
fractional_gaussian,0.2,7,0.4,200000,0.4031218367346939,0.6661574166666667,52119,147881,0,0,0.260595,0.25867117615029656,0.2625188238497035,0.33468560001347214,597575.7546543663
fractional_gaussian,0.2,7,0.45,200000,0.4514584693877551,0.6584126666666666,75371,124629,0,0,0.376855,0.3747311552281789,0.3789788447718211,0.3744977000169456,534048.6737060073
fractional_gaussian,0.2,7,0.475,200000,0.4758898979591837,0.6564713333333333,87816,112184,0,0,0.43908,0.4369049794531663,0.44125502054683374,0.34573420000378974,578479.0743808617
fractional_gaussian,0.2,7,0.5,200000,0.5000169387755102,0.6556568333333332,99831,100169,0,0,0.499155,0.496963656511405,0.5013463434885951,0.3376412999932654,592344.5976661895
fractional_gaussian,0.2,7,0.525,200000,0.5240992857142858,0.6563692499999999,112711,87289,0,0,0.563555,0.561381428212362,0.565728571787638,0.3497967000002973,571760.6827046396
fractional_gaussian,0.2,7,0.55,200000,0.5482718367346939,0.6584395833333334,124726,75274,0,0,0.62363,0.621506696515214,0.6257533034847861,0.3421520999982022,584535.3572316256
fractional_gaussian,0.2,7,0.6,200000,0.5967838775510204,0.6661469166666667,147732,52268,0,0,0.73866,0.7367343989780551,0.7405856010219448,0.3321637000190094,602112.7534060891
fractional_gaussian,0.2,7,0.65,200000,0.6457711224489796,0.6797010000000001,167371,32629,0,0,0.836855,0.8352356039885217,0.8384743960114783,0.3480000999988988,574712.4785327156
fractional_gaussian,0.2,7,0.7,200000,0.6948339795918367,0.6988534166666666,182064,17936,0,0,0.91032,0.9090677647769285,0.9115722352230715,0.2611682999995537,765789.722567179
fractional_gaussian,0.2,7,0.75,200000,0.7443310204081632,0.7248430833333334,192047,7953,0,0,0.960235,0.9593785927547958,0.9610914072452041,0.3387949999887496,590327.4841914474
fractional_gaussian,0.5,7,0.25,200000,0.2587931632653061,0.7507905416666667,10540,189460,0,0,0.0527,0.051720757734939914,0.05367924226506008,0.2915453999885358,685999.5047353326
fractional_gaussian,0.5,7,0.3,200000,0.3085126530612245,0.72920475,21633,178367,0,0,0.108165,0.10680378506034417,0.10952621493965582,0.2354203000140842,849544.4105203963
fractional_gaussian,0.5,7,0.35,200000,0.35674428571428574,0.71351125,37257,162743,0,0,0.186285,0.18457865761944733,0.18799134238055268,0.31644220001180656,632026.9546619823
fractional_gaussian,0.5,7,0.4,200000,0.404865,0.7025379166666665,56078,143922,0,0,0.28039,0.27842133904105776,0.2823586609589422,0.30019440001342446,666234.9463915922
fractional_gaussian,0.5,7,0.45,200000,0.4525914285714286,0.696276125,77407,122593,0,0,0.387035,0.3849003138498247,0.38916968615017533,0.314097499998752,636744.9597682077
fractional_gaussian,0.5,7,0.475,200000,0.47644367346938776,0.6946729583333332,88422,111578,0,0,0.44211,0.43993339044620694,0.44428660955379307,0.2986510000191629,669677.9852977791
fractional_gaussian,0.5,7,0.5,200000,0.49978020408163265,0.6940682083333333,99603,100397,0,0,0.498015,0.4958236706509157,0.5002063293490843,0.3240859000070486,617120.3375267179
fractional_gaussian,0.5,7,0.525,200000,0.5235358163265306,0.6946533750000001,111284,88716,0,0,0.55642,0.5542426491372797,0.5585973508627203,0.3295049000007566,606971.2468601855
fractional_gaussian,0.5,7,0.55,200000,0.5473675510204081,0.696043125,122303,77697,0,0,0.611515,0.6093788499381088,0.6136511500618913,0.3360638000012841,595125.092316506
fractional_gaussian,0.5,7,0.6,200000,0.5951173469387755,0.7023761666666666,144262,55738,0,0,0.72131,0.7193449991486132,0.7232750008513869,0.3312947999802418,603691.9384545966
fractional_gaussian,0.5,7,0.65,200000,0.643039693877551,0.7135916250000001,162915,37085,0,0,0.814575,0.8128717015315703,0.8162782984684298,0.3354377999785356,596235.7254095926
fractional_gaussian,0.5,7,0.7,200000,0.6919106122448979,0.7294070833333333,178422,21578,0,0,0.89211,0.8907503069619714,0.8934696930380285,0.334648299991386,597642.3606668497
fractional_gaussian,0.5,7,0.75,200000,0.7411851020408163,0.7507896666666668,189500,10500,0,0,0.9475,0.9465225144758105,0.9484774855241895,0.3218516000197269,621404.3987593711
fractional_gaussian,0.8,7,0.25,200000,0.2624597959183673,0.7722363333333333,13069,186931,0,0,0.065345,0.06426188911233992,0.06642811088766008,0.29938969999784604,668025.6535259526
fractional_gaussian,0.8,7,0.3,200000,0.3115961224489796,0.7541177500000001,25657,174343,0,0,0.128285,0.1268193972461304,0.12975060275386963,0.23936330000287853,835549.9777852112
fractional_gaussian,0.8,7,0.35,200000,0.3595125510204082,0.7411320416666666,41232,158768,0,0,0.20616,0.20438699579557318,0.20793300420442684,0.22967739999876358,870786.5902395127
fractional_gaussian,0.8,7,0.4,200000,0.40677408163265305,0.73196225,59226,140774,0,0,0.29613,0.2941290856240946,0.2981309143759054,0.2297246000089217,870607.6754175769
fractional_gaussian,0.8,7,0.45,200000,0.45327469387755104,0.726692625,78974,121026,0,0,0.39487,0.3927276398302375,0.3970123601697625,0.22309350001160055,896485.1059739538
fractional_gaussian,0.8,7,0.475,200000,0.4771773469387755,0.7254675833333335,89856,110144,0,0,0.44928,0.44709995709524497,0.45146004290475505,0.2900929999887012,689434.078063896
fractional_gaussian,0.8,7,0.5,200000,0.5002478571428571,0.7250236666666667,100417,99583,0,0,0.502085,0.49989367243468663,0.5042763275653134,0.2716694000118878,736188.9119321071
fractional_gaussian,0.8,7,0.525,200000,0.5235754081632653,0.7254660833333334,110556,89444,0,0,0.55278,0.5506008965768251,0.554959103423175,0.23896899999817833,836928.6392859517
fractional_gaussian,0.8,7,0.55,200000,0.5465766326530612,0.7269095833333334,120674,79326,0,0,0.60337,0.6012259954140289,0.605514004585971,0.24865230001159944,804336.0145499163
fractional_gaussian,0.8,7,0.6,200000,0.5930154081632653,0.7320187916666666,140531,59469,0,0,0.702655,0.7006517162691401,0.7046582837308599,0.26288160000694916,760798.7778327318
fractional_gaussian,0.8,7,0.65,200000,0.6402417346938776,0.7408324166666667,158962,41038,0,0,0.79481,0.7930400914364321,0.796579908563568,0.2339706000057049,854808.2536657315
fractional_gaussian,0.8,7,0.7,200000,0.6883969387755102,0.7541559583333334,174697,25303,0,0,0.873485,0.8720280662323502,0.8749419337676497,0.23978340000030585,834086.096033941
fractional_gaussian,0.8,7,0.75,200000,0.7373140816326531,0.7721863333333333,186830,13170,0,0,0.93415,0.9330630056862063,0.9352369943137938,0.21565659999032505,927400.3207366366
