hurst,sample_id,coarse_grid_size,fine_grid_size,mismatch_rate
0.1,0,17,33,0.34765625
0.1,1,17,33,0.30078125
0.1,2,17,33,0.359375
0.1,3,17,33,0.34765625
0.1,4,17,33,0.36328125
0.1,5,17,33,0.30859375
0.1,6,17,33,0.32421875
0.1,7,17,33,0.32421875
0.1,8,17,33,0.30078125
0.1,9,17,33,0.375
0.1,10,17,33,0.30859375
0.1,11,17,33,0.33984375
0.1,12,17,33,0.30859375
0.1,13,17,33,0.2890625
0.1,14,17,33,0.3125
0.1,15,17,33,0.32421875
0.1,16,17,33,0.28515625
0.1,17,17,33,0.34375
0.1,18,17,33,0.30859375
0.1,19,17,33,0.2890625
0.1,20,17,33,0.2578125
0.1,21,17,33,0.32421875
0.1,22,17,33,0.3359375
0.1,23,17,33,0.2890625
0.1,24,17,33,0.3359375
0.1,25,17,33,0.359375
0.1,26,17,33,0.33984375
0.1,27,17,33,0.36328125
0.1,28,17,33,0.34375
0.1,29,17,33,0.3359375
0.1,30,17,33,0.3359375
0.1,31,17,33,0.328125
0.1,32,17,33,0.28515625
0.1,33,17,33,0.359375
0.1,34,17,33,0.34765625
0.1,35,17,33,0.35546875
0.1,36,17,33,0.3046875
0.1,37,17,33,0.3515625
0.1,38,17,33,0.33203125
0.1,39,17,33,0.296875
0.1,40,17,33,0.328125
0.1,41,17,33,0.2890625
0.1,42,17,33,0.30078125
0.1,43,17,33,0.3515625
0.1,44,17,33,0.34375
0.1,45,17,33,0.28125
0.1,46,17,33,0.31640625
0.1,47,17,33,0.29296875
0.1,48,17,33,0.32421875
0.1,49,17,33,0.375
0.1,50,17,33,0.33203125
0.1,51,17,33,0.3046875
0.1,52,17,33,0.3203125
0.1,53,17,33,0.27734375
0.1,54,17,33,0.3125
0.1,55,17,33,0.34765625
0.1,56,17,33,0.33203125
0.1,57,17,33,0.33984375
0.1,58,17,33,0.2890625
0.1,59,17,33,0.3515625
0.1,60,17,33,0.33984375
0.1,61,17,33,0.2890625
0.1,62,17,33,0.30859375
0.1,63,17,33,0.33984375
0.1,64,17,33,0.35546875
0.1,65,17,33,0.32421875
0.1,66,17,33,0.33203125
0.1,67,17,33,0.36328125
0.1,68,17,33,0.3046875
0.1,69,17,33,0.34765625
0.1,70,17,33,0.3046875
0.1,71,17,33,0.33984375
0.1,72,17,33,0.30859375
0.1,73,17,33,0.3359375
0.1,74,17,33,0.3671875
0.1,75,17,33,0.35546875
0.1,76,17,33,0.3359375
0.1,77,17,33,0.32421875
0.1,78,17,33,0.2734375
0.1,79,17,33,0.3046875
0.1,80,17,33,0.30859375
0.1,81,17,33,0.3046875
0.1,82,17,33,0.2890625
0.1,83,17,33,0.3359375
0.1,84,17,33,0.33203125
0.1,85,17,33,0.3359375
0.1,86,17,33,0.28515625
0.1,87,17,33,0.33203125
0.1,88,17,33,0.31640625
0.1,89,17,33,0.328125
0.1,90,17,33,0.31640625
0.1,91,17,33,0.33203125
0.1,92,17,33,0.296875
0.1,93,17,33,0.21484375
0.1,94,17,33,0.3046875
0.1,95,17,33,0.3046875
0.1,96,17,33,0.30859375
0.1,97,17,33,0.265625
0.1,98,17,33,0.34765625
0.1,99,17,33,0.31640625
0.1,100,17,33,0.30078125
0.1,101,17,33,0.3359375
0.1,102,17,33,0.33203125
0.1,103,17,33,0.31640625
0.1,104,17,33,0.3359375
0.1,105,17,33,0.35546875
0.1,106,17,33,0.3046875
0.1,107,17,33,0.3046875
0.1,108,17,33,0.26953125
0.1,109,17,33,0.28515625
0.1,110,17,33,0.2890625
0.1,111,17,33,0.328125
0.1,112,17,33,0.32421875
0.1,113,17,33,0.3203125
0.1,114,17,33,0.296875
0.1,115,17,33,0.3046875
0.1,116,17,33,0.29296875
0.1,117,17,33,0.35546875
0.1,118,17,33,0.32421875
0.1,119,17,33,0.29296875
0.1,120,17,33,0.359375
0.1,121,17,33,0.33203125
0.1,122,17,33,0.32421875
0.1,123,17,33,0.3203125
0.1,124,17,33,0.30078125
0.1,125,17,33,0.29296875
0.1,126,17,33,0.36328125
0.1,127,17,33,0.30078125
0.1,128,17,33,0.29296875
0.1,129,17,33,0.296875
0.1,130,17,33,0.3828125
0.1,131,17,33,0.36328125
0.1,132,17,33,0.34765625
0.1,133,17,33,0.26171875
0.1,134,17,33,0.3359375
0.1,135,17,33,0.29296875
0.1,136,17,33,0.2890625
0.1,137,17,33,0.28515625
0.1,138,17,33,0.31640625
0.1,139,17,33,0.33203125
0.1,140,17,33,0.3515625
0.1,141,17,33,0.28125
0.1,142,17,33,0.27734375
0.1,143,17,33,0.32421875
0.1,144,17,33,0.3125
0.1,145,17,33,0.33984375
0.1,146,17,33,0.33203125
0.1,147,17,33,0.2734375
0.1,148,17,33,0.3125
0.1,149,17,33,0.33984375
0.1,150,17,33,0.3203125
0.1,151,17,33,0.34375
0.1,152,17,33,0.32421875
0.1,153,17,33,0.30859375
0.1,154,17,33,0.36328125
0.1,155,17,33,0.3671875
0.1,156,17,33,0.2890625
0.1,157,17,33,0.328125
0.1,158,17,33,0.3046875
0.1,159,17,33,0.328125
0.1,160,17,33,0.2734375
0.1,161,17,33,0.28515625
0.1,162,17,33,0.2890625
0.1,163,17,33,0.34375
0.1,164,17,33,0.32421875
0.1,165,17,33,0.30859375
0.1,166,17,33,0.29296875
0.1,167,17,33,0.26953125
0.1,168,17,33,0.3515625
0.1,169,17,33,0.33984375
0.1,170,17,33,0.3515625
0.1,171,17,33,0.359375
0.1,172,17,33,0.31640625
0.1,173,17,33,0.30859375
0.1,174,17,33,0.28125
0.1,175,17,33,0.3515625
0.1,176,17,33,0.34375
0.1,177,17,33,0.328125
0.1,178,17,33,0.28125
0.1,179,17,33,0.3046875
0.1,180,17,33,0.3046875
0.1,181,17,33,0.3359375
0.1,182,17,33,0.28125
0.1,183,17,33,0.3125
0.1,184,17,33,0.328125
0.1,185,17,33,0.36328125
0.1,186,17,33,0.30078125
0.1,187,17,33,0.3046875
0.1,188,17,33,0.34765625
0.1,189,17,33,0.27734375
0.1,190,17,33,0.3125
0.1,191,17,33,0.3359375
0.1,192,17,33,0.296875
0.1,193,17,33,0.29296875
0.1,194,17,33,0.2890625
0.1,195,17,33,0.34765625
0.1,196,17,33,0.3125
0.1,197,17,33,0.3046875
0.1,198,17,33,0.31640625
0.1,199,17,33,0.34765625
0.1,200,17,33,0.33984375
0.1,201,17,33,0.2890625
0.1,202,17,33,0.33984375
0.1,203,17,33,0.30078125
0.1,204,17,33,0.359375
0.1,205,17,33,0.32421875
0.1,206,17,33,0.3203125
0.1,207,17,33,0.31640625
0.1,208,17,33,0.3671875
0.1,209,17,33,0.3125
0.1,210,17,33,0.34765625
0.1,211,17,33,0.36328125
0.1,212,17,33,0.328125
0.1,213,17,33,0.35546875
0.1,214,17,33,0.2890625
0.1,215,17,33,0.34375
0.1,216,17,33,0.28515625
0.1,217,17,33,0.3125
0.1,218,17,33,0.3515625
0.1,219,17,33,0.25
0.1,220,17,33,0.3515625
0.1,221,17,33,0.3125
0.1,222,17,33,0.2890625
0.1,223,17,33,0.31640625
0.1,224,17,33,0.30859375
0.1,225,17,33,0.296875
0.1,226,17,33,0.3359375
0.1,227,17,33,0.328125
0.1,228,17,33,0.3046875
0.1,229,17,33,0.28515625
0.1,230,17,33,0.296875
0.1,231,17,33,0.3359375
0.1,232,17,33,0.34375
0.1,233,17,33,0.34375
0.1,234,17,33,0.32421875
0.1,235,17,33,0.24609375
0.1,236,17,33,0.36328125
0.1,237,17,33,0.32421875
0.1,238,17,33,0.30859375
0.1,239,17,33,0.31640625
0.1,240,17,33,0.26171875
0.1,241,17,33,0.2734375
0.1,242,17,33,0.2421875
0.1,243,17,33,0.3046875
0.1,244,17,33,0.30859375
0.1,245,17,33,0.33203125
0.1,246,17,33,0.37109375
0.1,247,17,33,0.3203125
0.1,248,17,33,0.28125
0.1,249,17,33,0.31640625
0.1,250,17,33,0.375
0.1,251,17,33,0.30078125
0.1,252,17,33,0.36328125
0.1,253,17,33,0.3125
0.1,254,17,33,0.31640625
0.1,255,17,33,0.3203125
0.1,0,17,65,0.3359375
0.1,1,17,65,0.34375
0.1,2,17,65,0.39453125
0.1,3,17,65,0.3671875
0.1,4,17,65,0.3515625
0.1,5,17,65,0.34765625
0.1,6,17,65,0.33203125
0.1,7,17,65,0.33984375
0.1,8,17,65,0.33984375
0.1,9,17,65,0.37109375
0.1,10,17,65,0.31640625
0.1,11,17,65,0.36328125
0.1,12,17,65,0.3125
0.1,13,17,65,0.3671875
0.1,14,17,65,0.31640625
0.1,15,17,65,0.33984375
0.1,16,17,65,0.37890625
0.1,17,17,65,0.34375
0.1,18,17,65,0.33984375
0.1,19,17,65,0.27734375
0.1,20,17,65,0.34765625
0.1,21,17,65,0.32421875
0.1,22,17,65,0.33203125
0.1,23,17,65,0.33203125
0.1,24,17,65,0.3515625
0.1,25,17,65,0.33984375
0.1,26,17,65,0.35546875
0.1,27,17,65,0.31640625
0.1,28,17,65,0.3046875
0.1,29,17,65,0.296875
0.1,30,17,65,0.33984375
0.1,31,17,65,0.3203125
0.1,32,17,65,0.3515625
0.1,33,17,65,0.33984375
0.1,34,17,65,0.3046875
0.1,35,17,65,0.3828125
0.1,36,17,65,0.33984375
0.1,37,17,65,0.37109375
0.1,38,17,65,0.3125
0.1,39,17,65,0.38671875
0.1,40,17,65,0.3046875
0.1,41,17,65,0.30078125
0.1,42,17,65,0.3359375
0.1,43,17,65,0.3125
0.1,44,17,65,0.30078125
0.1,45,17,65,0.29296875
0.1,46,17,65,0.34765625
0.1,47,17,65,0.328125
0.1,48,17,65,0.390625
0.1,49,17,65,0.3359375
0.1,50,17,65,0.359375
0.1,51,17,65,0.26953125
0.1,52,17,65,0.2890625
0.1,53,17,65,0.296875
0.1,54,17,65,0.265625
0.1,55,17,65,0.3125
0.1,56,17,65,0.34375
0.1,57,17,65,0.35546875
0.1,58,17,65,0.32421875
0.1,59,17,65,0.3125
0.1,60,17,65,0.3515625
0.1,61,17,65,0.328125
0.1,62,17,65,0.328125
0.1,63,17,65,0.33203125
0.1,64,17,65,0.34765625
0.1,65,17,65,0.26171875
0.1,66,17,65,0.34375
0.1,67,17,65,0.328125
0.1,68,17,65,0.34765625
0.1,69,17,65,0.34765625
0.1,70,17,65,0.390625
0.1,71,17,65,0.3125
0.1,72,17,65,0.296875
0.1,73,17,65,0.36328125
0.1,74,17,65,0.3359375
0.1,75,17,65,0.30859375
0.1,76,17,65,0.3125
0.1,77,17,65,0.3125
0.1,78,17,65,0.2890625
0.1,79,17,65,0.36328125
0.1,80,17,65,0.3046875
0.1,81,17,65,0.3671875
0.1,82,17,65,0.33203125
0.1,83,17,65,0.390625
0.1,84,17,65,0.32421875
0.1,85,17,65,0.3046875
0.1,86,17,65,0.35546875
0.1,87,17,65,0.3203125
0.1,88,17,65,0.296875
0.1,89,17,65,0.3515625
0.1,90,17,65,0.3515625
0.1,91,17,65,0.37109375
0.1,92,17,65,0.30078125
0.1,93,17,65,0.2578125
0.1,94,17,65,0.35546875
0.1,95,17,65,0.33203125
0.1,96,17,65,0.34765625
0.1,97,17,65,0.328125
0.1,98,17,65,0.33984375
0.1,99,17,65,0.328125
0.1,100,17,65,0.34765625
0.1,101,17,65,0.3046875
0.1,102,17,65,0.375
0.1,103,17,65,0.30078125
0.1,104,17,65,0.30078125
0.1,105,17,65,0.40625
0.1,106,17,65,0.30078125
0.1,107,17,65,0.34375
0.1,108,17,65,0.3203125
0.1,109,17,65,0.2890625
0.1,110,17,65,0.2890625
0.1,111,17,65,0.25
0.1,112,17,65,0.328125
0.1,113,17,65,0.35546875
0.1,114,17,65,0.34765625
0.1,115,17,65,0.328125
0.1,116,17,65,0.28515625
0.1,117,17,65,0.33984375
0.1,118,17,65,0.33203125
0.1,119,17,65,0.32421875
0.1,120,17,65,0.328125
0.1,121,17,65,0.35546875
0.1,122,17,65,0.3046875
0.1,123,17,65,0.34375
0.1,124,17,65,0.3125
0.1,125,17,65,0.3203125
0.1,126,17,65,0.328125
0.1,127,17,65,0.328125
0.1,128,17,65,0.3359375
0.1,129,17,65,0.3203125
0.1,130,17,65,0.33203125
0.1,131,17,65,0.30859375
0.1,132,17,65,0.37109375
0.1,133,17,65,0.328125
0.1,134,17,65,0.34375
0.1,135,17,65,0.34765625
0.1,136,17,65,0.34375
0.1,137,17,65,0.296875
0.1,138,17,65,0.37890625
0.1,139,17,65,0.3515625
0.1,140,17,65,0.32421875
0.1,141,17,65,0.359375
0.1,142,17,65,0.32421875
0.1,143,17,65,0.35546875
0.1,144,17,65,0.28515625
0.1,145,17,65,0.296875
0.1,146,17,65,0.375
0.1,147,17,65,0.2578125
0.1,148,17,65,0.3515625
0.1,149,17,65,0.3671875
0.1,150,17,65,0.34765625
0.1,151,17,65,0.30078125
0.1,152,17,65,0.34375
0.1,153,17,65,0.31640625
0.1,154,17,65,0.3203125
0.1,155,17,65,0.390625
0.1,156,17,65,0.35546875
0.1,157,17,65,0.30859375
0.1,158,17,65,0.37890625
0.1,159,17,65,0.30859375
0.1,160,17,65,0.328125
0.1,161,17,65,0.31640625
0.1,162,17,65,0.34375
0.1,163,17,65,0.26953125
0.1,164,17,65,0.33203125
0.1,165,17,65,0.33203125
0.1,166,17,65,0.35546875
0.1,167,17,65,0.35546875
0.1,168,17,65,0.28515625
0.1,169,17,65,0.29296875
0.1,170,17,65,0.29296875
0.1,171,17,65,0.296875
0.1,172,17,65,0.28125
0.1,173,17,65,0.32421875
0.1,174,17,65,0.30859375
0.1,175,17,65,0.30859375
0.1,176,17,65,0.3515625
0.1,177,17,65,0.328125
0.1,178,17,65,0.31640625
0.1,179,17,65,0.3203125
0.1,180,17,65,0.3125
0.1,181,17,65,0.34765625
0.1,182,17,65,0.31640625
0.1,183,17,65,0.31640625
0.1,184,17,65,0.3515625
0.1,185,17,65,0.359375
0.1,186,17,65,0.3046875
0.1,187,17,65,0.296875
0.1,188,17,65,0.35546875
0.1,189,17,65,0.2890625
0.1,190,17,65,0.328125
0.1,191,17,65,0.33984375
0.1,192,17,65,0.296875
0.1,193,17,65,0.34765625
0.1,194,17,65,0.3671875
0.1,195,17,65,0.30859375
0.1,196,17,65,0.28515625
0.1,197,17,65,0.33984375
0.1,198,17,65,0.34765625
0.1,199,17,65,0.33984375
0.1,200,17,65,0.34765625
0.1,201,17,65,0.35546875
0.1,202,17,65,0.3125
0.1,203,17,65,0.359375
0.1,204,17,65,0.36328125
0.1,205,17,65,0.3359375
0.1,206,17,65,0.3203125
0.1,207,17,65,0.31640625
0.1,208,17,65,0.29296875
0.1,209,17,65,0.328125
0.1,210,17,65,0.34375
0.1,211,17,65,0.3671875
0.1,212,17,65,0.3828125
0.1,213,17,65,0.34765625
0.1,214,17,65,0.30078125
0.1,215,17,65,0.3359375
0.1,216,17,65,0.3515625
0.1,217,17,65,0.38671875
0.1,218,17,65,0.30859375
0.1,219,17,65,0.30078125
0.1,220,17,65,0.28515625
0.1,221,17,65,0.328125
0.1,222,17,65,0.3828125
0.1,223,17,65,0.2890625
0.1,224,17,65,0.34375
0.1,225,17,65,0.3125
0.1,226,17,65,0.359375
0.1,227,17,65,0.34375
0.1,228,17,65,0.28515625
0.1,229,17,65,0.328125
0.1,230,17,65,0.375
0.1,231,17,65,0.3671875
0.1,232,17,65,0.328125
0.1,233,17,65,0.35546875
0.1,234,17,65,0.30859375
0.1,235,17,65,0.3125
0.1,236,17,65,0.35546875
0.1,237,17,65,0.3515625
0.1,238,17,65,0.328125
0.1,239,17,65,0.32421875
0.1,240,17,65,0.27734375
0.1,241,17,65,0.3671875
0.1,242,17,65,0.29296875
0.1,243,17,65,0.29296875
0.1,244,17,65,0.38671875
0.1,245,17,65,0.37890625
0.1,246,17,65,0.33203125
0.1,247,17,65,0.328125
0.1,248,17,65,0.36328125
0.1,249,17,65,0.33203125
0.1,250,17,65,0.3203125
0.1,251,17,65,0.31640625
0.1,252,17,65,0.26953125
0.1,253,17,65,0.2421875
0.1,254,17,65,0.3203125
0.1,255,17,65,0.34765625
0.1,0,33,65,0.283203125
0.1,1,33,65,0.2880859375
0.1,2,33,65,0.26953125
0.1,3,33,65,0.2666015625
0.1,4,33,65,0.283203125
0.1,5,33,65,0.30078125
0.1,6,33,65,0.306640625
0.1,7,33,65,0.2666015625
0.1,8,33,65,0.2666015625
0.1,9,33,65,0.2744140625
0.1,10,33,65,0.2646484375
0.1,11,33,65,0.302734375
0.1,12,33,65,0.3017578125
0.1,13,33,65,0.283203125
0.1,14,33,65,0.259765625
0.1,15,33,65,0.28515625
0.1,16,33,65,0.296875
0.1,17,33,65,0.2890625
0.1,18,33,65,0.287109375
0.1,19,33,65,0.291015625
0.1,20,33,65,0.2939453125
0.1,21,33,65,0.294921875
0.1,22,33,65,0.296875
0.1,23,33,65,0.294921875
0.1,24,33,65,0.294921875
0.1,25,33,65,0.27734375
0.1,26,33,65,0.2841796875
0.1,27,33,65,0.283203125
0.1,28,33,65,0.2763671875
0.1,29,33,65,0.2939453125
0.1,30,33,65,0.28515625
0.1,31,33,65,0.2802734375
0.1,32,33,65,0.31640625
0.1,33,33,65,0.275390625
0.1,34,33,65,0.2822265625
0.1,35,33,65,0.2880859375
0.1,36,33,65,0.2822265625
0.1,37,33,65,0.2978515625
0.1,38,33,65,0.279296875
0.1,39,33,65,0.306640625
0.1,40,33,65,0.2998046875
0.1,41,33,65,0.2822265625
0.1,42,33,65,0.30078125
0.1,43,33,65,0.2744140625
0.1,44,33,65,0.2841796875
0.1,45,33,65,0.287109375
0.1,46,33,65,0.2998046875
0.1,47,33,65,0.26953125
0.1,48,33,65,0.294921875
0.1,49,33,65,0.2734375
0.1,50,33,65,0.2841796875
0.1,51,33,65,0.283203125
0.1,52,33,65,0.2734375
0.1,53,33,65,0.2890625
0.1,54,33,65,0.28125
0.1,55,33,65,0.259765625
0.1,56,33,65,0.2744140625
0.1,57,33,65,0.28515625
0.1,58,33,65,0.2802734375
0.1,59,33,65,0.275390625
0.1,60,33,65,0.2666015625
0.1,61,33,65,0.314453125
0.1,62,33,65,0.287109375
0.1,63,33,65,0.2861328125
0.1,64,33,65,0.279296875
0.1,65,33,65,0.306640625
0.1,66,33,65,0.2744140625
0.1,67,33,65,0.27734375
0.1,68,33,65,0.271484375
0.1,69,33,65,0.3017578125
0.1,70,33,65,0.2900390625
0.1,71,33,65,0.31640625
0.1,72,33,65,0.2939453125
0.1,73,33,65,0.31640625
0.1,74,33,65,0.279296875
0.1,75,33,65,0.265625
0.1,76,33,65,0.2744140625
0.1,77,33,65,0.2861328125
0.1,78,33,65,0.29296875
0.1,79,33,65,0.2841796875
0.1,80,33,65,0.27734375
0.1,81,33,65,0.2822265625
0.1,82,33,65,0.294921875
0.1,83,33,65,0.287109375
0.1,84,33,65,0.259765625
0.1,85,33,65,0.29296875
0.1,86,33,65,0.2919921875
0.1,87,33,65,0.2802734375
0.1,88,33,65,0.29296875
0.1,89,33,65,0.294921875
0.1,90,33,65,0.3017578125
0.1,91,33,65,0.3193359375
0.1,92,33,65,0.2578125
0.1,93,33,65,0.2607421875
0.1,94,33,65,0.2666015625
0.1,95,33,65,0.2880859375
0.1,96,33,65,0.2939453125
0.1,97,33,65,0.2919921875
0.1,98,33,65,0.2802734375
0.1,99,33,65,0.29296875
0.1,100,33,65,0.2978515625
0.1,101,33,65,0.271484375
0.1,102,33,65,0.2998046875
0.1,103,33,65,0.267578125
0.1,104,33,65,0.2802734375
0.1,105,33,65,0.2646484375
0.1,106,33,65,0.29296875
0.1,107,33,65,0.2978515625
0.1,108,33,65,0.2939453125
0.1,109,33,65,0.2744140625
0.1,110,33,65,0.310546875
0.1,111,33,65,0.28515625
0.1,112,33,65,0.271484375
0.1,113,33,65,0.287109375
0.1,114,33,65,0.3203125
0.1,115,33,65,0.27734375
0.1,116,33,65,0.28515625
0.1,117,33,65,0.2685546875
0.1,118,33,65,0.298828125
0.1,119,33,65,0.2705078125
0.1,120,33,65,0.2998046875
0.1,121,33,65,0.29296875
0.1,122,33,65,0.2666015625
0.1,123,33,65,0.30078125
0.1,124,33,65,0.2919921875
0.1,125,33,65,0.3056640625
0.1,126,33,65,0.263671875
0.1,127,33,65,0.2890625
0.1,128,33,65,0.275390625
0.1,129,33,65,0.2685546875
0.1,130,33,65,0.2802734375
0.1,131,33,65,0.2626953125
0.1,132,33,65,0.2734375
0.1,133,33,65,0.3125
0.1,134,33,65,0.3017578125
0.1,135,33,65,0.2841796875
0.1,136,33,65,0.283203125
0.1,137,33,65,0.2841796875
0.1,138,33,65,0.306640625
0.1,139,33,65,0.2783203125
0.1,140,33,65,0.302734375
0.1,141,33,65,0.2734375
0.1,142,33,65,0.29296875
0.1,143,33,65,0.275390625
0.1,144,33,65,0.2841796875
0.1,145,33,65,0.265625
0.1,146,33,65,0.2822265625
0.1,147,33,65,0.27734375
0.1,148,33,65,0.287109375
0.1,149,33,65,0.291015625
0.1,150,33,65,0.287109375
0.1,151,33,65,0.2646484375
0.1,152,33,65,0.2919921875
0.1,153,33,65,0.2919921875
0.1,154,33,65,0.265625
0.1,155,33,65,0.259765625
0.1,156,33,65,0.2763671875
0.1,157,33,65,0.2978515625
0.1,158,33,65,0.28125
0.1,159,33,65,0.265625
0.1,160,33,65,0.2705078125
0.1,161,33,65,0.2939453125
0.1,162,33,65,0.287109375
0.1,163,33,65,0.2841796875
0.1,164,33,65,0.28515625
0.1,165,33,65,0.2890625
0.1,166,33,65,0.3115234375
0.1,167,33,65,0.302734375
0.1,168,33,65,0.2861328125
0.1,169,33,65,0.2744140625
0.1,170,33,65,0.271484375
0.1,171,33,65,0.2578125
0.1,172,33,65,0.298828125
0.1,173,33,65,0.2841796875
0.1,174,33,65,0.2734375
0.1,175,33,65,0.291015625
0.1,176,33,65,0.2666015625
0.1,177,33,65,0.26953125
0.1,178,33,65,0.3154296875
0.1,179,33,65,0.294921875
0.1,180,33,65,0.2919921875
0.1,181,33,65,0.2900390625
0.1,182,33,65,0.2802734375
0.1,183,33,65,0.28125
0.1,184,33,65,0.2998046875
0.1,185,33,65,0.2783203125
0.1,186,33,65,0.2734375
0.1,187,33,65,0.2626953125
0.1,188,33,65,0.2919921875
0.1,189,33,65,0.296875
0.1,190,33,65,0.27734375
0.1,191,33,65,0.29296875
0.1,192,33,65,0.3017578125
0.1,193,33,65,0.271484375
0.1,194,33,65,0.3046875
0.1,195,33,65,0.2783203125
0.1,196,33,65,0.294921875
0.1,197,33,65,0.302734375
0.1,198,33,65,0.2919921875
0.1,199,33,65,0.2939453125
0.1,200,33,65,0.2744140625
0.1,201,33,65,0.271484375
0.1,202,33,65,0.2705078125
0.1,203,33,65,0.271484375
0.1,204,33,65,0.287109375
0.1,205,33,65,0.26953125
0.1,206,33,65,0.275390625
0.1,207,33,65,0.2783203125
0.1,208,33,65,0.2734375
0.1,209,33,65,0.28125
0.1,210,33,65,0.3095703125
0.1,211,33,65,0.2939453125
0.1,212,33,65,0.2841796875
0.1,213,33,65,0.296875
0.1,214,33,65,0.271484375
0.1,215,33,65,0.2900390625
0.1,216,33,65,0.2822265625
0.1,217,33,65,0.287109375
0.1,218,33,65,0.2939453125
0.1,219,33,65,0.2958984375
0.1,220,33,65,0.2880859375
0.1,221,33,65,0.3095703125
0.1,222,33,65,0.2744140625
0.1,223,33,65,0.2666015625
0.1,224,33,65,0.2734375
0.1,225,33,65,0.283203125
0.1,226,33,65,0.2841796875
0.1,227,33,65,0.3076171875
0.1,228,33,65,0.2998046875
0.1,229,33,65,0.28125
0.1,230,33,65,0.298828125
0.1,231,33,65,0.3037109375
0.1,232,33,65,0.2841796875
0.1,233,33,65,0.2783203125
0.1,234,33,65,0.2822265625
0.1,235,33,65,0.2978515625
0.1,236,33,65,0.2705078125
0.1,237,33,65,0.31640625
0.1,238,33,65,0.2890625
0.1,239,33,65,0.2900390625
0.1,240,33,65,0.2880859375
0.1,241,33,65,0.2841796875
0.1,242,33,65,0.2880859375
0.1,243,33,65,0.2978515625
0.1,244,33,65,0.3125
0.1,245,33,65,0.287109375
0.1,246,33,65,0.26953125
0.1,247,33,65,0.2646484375
0.1,248,33,65,0.2705078125
0.1,249,33,65,0.294921875
0.1,250,33,65,0.2783203125
0.1,251,33,65,0.283203125
0.1,252,33,65,0.2685546875
0.1,253,33,65,0.2685546875
0.1,254,33,65,0.2763671875
0.1,255,33,65,0.2978515625
0.25,0,17,33,0.27734375
0.25,1,17,33,0.3203125
0.25,2,17,33,0.32421875
0.25,3,17,33,0.3125
0.25,4,17,33,0.296875
0.25,5,17,33,0.328125
0.25,6,17,33,0.2890625
0.25,7,17,33,0.28125
0.25,8,17,33,0.33984375
0.25,9,17,33,0.36328125
0.25,10,17,33,0.30078125
0.25,11,17,33,0.29296875
0.25,12,17,33,0.2734375
0.25,13,17,33,0.30859375
0.25,14,17,33,0.33984375
0.25,15,17,33,0.3203125
0.25,16,17,33,0.30078125
0.25,17,17,33,0.28125
0.25,18,17,33,0.30078125
0.25,19,17,33,0.3046875
0.25,20,17,33,0.2734375
0.25,21,17,33,0.3203125
0.25,22,17,33,0.30859375
0.25,23,17,33,0.328125
0.25,24,17,33,0.32421875
0.25,25,17,33,0.23828125
0.25,26,17,33,0.3203125
0.25,27,17,33,0.33984375
0.25,28,17,33,0.36328125
0.25,29,17,33,0.3359375
0.25,30,17,33,0.33984375
0.25,31,17,33,0.3046875
0.25,32,17,33,0.29296875
0.25,33,17,33,0.37109375
0.25,34,17,33,0.3203125
0.25,35,17,33,0.37890625
0.25,36,17,33,0.296875
0.25,37,17,33,0.29296875
0.25,38,17,33,0.30078125
0.25,39,17,33,0.3828125
0.25,40,17,33,0.30078125
0.25,41,17,33,0.27734375
0.25,42,17,33,0.3203125
0.25,43,17,33,0.3203125
0.25,44,17,33,0.34765625
0.25,45,17,33,0.34375
0.25,46,17,33,0.28515625
0.25,47,17,33,0.2890625
0.25,48,17,33,0.34375
0.25,49,17,33,0.36328125
0.25,50,17,33,0.27734375
0.25,51,17,33,0.32421875
0.25,52,17,33,0.3515625
0.25,53,17,33,0.3359375
0.25,54,17,33,0.30859375
0.25,55,17,33,0.3515625
0.25,56,17,33,0.27734375
0.25,57,17,33,0.35546875
0.25,58,17,33,0.296875
0.25,59,17,33,0.31640625
0.25,60,17,33,0.33984375
0.25,61,17,33,0.33984375
0.25,62,17,33,0.25
0.25,63,17,33,0.28125
0.25,64,17,33,0.328125
0.25,65,17,33,0.28515625
0.25,66,17,33,0.296875
0.25,67,17,33,0.265625
0.25,68,17,33,0.296875
0.25,69,17,33,0.36328125
0.25,70,17,33,0.28515625
0.25,71,17,33,0.3046875
0.25,72,17,33,0.32421875
0.25,73,17,33,0.3046875
0.25,74,17,33,0.27734375
0.25,75,17,33,0.31640625
0.25,76,17,33,0.31640625
0.25,77,17,33,0.30859375
0.25,78,17,33,0.31640625
0.25,79,17,33,0.3203125
0.25,80,17,33,0.30859375
0.25,81,17,33,0.3046875
0.25,82,17,33,0.296875
0.25,83,17,33,0.3046875
0.25,84,17,33,0.2890625
0.25,85,17,33,0.38671875
0.25,86,17,33,0.30859375
0.25,87,17,33,0.3359375
0.25,88,17,33,0.2578125
0.25,89,17,33,0.35546875
0.25,90,17,33,0.33203125
0.25,91,17,33,0.28125
0.25,92,17,33,0.25390625
0.25,93,17,33,0.26171875
0.25,94,17,33,0.30078125
0.25,95,17,33,0.2734375
0.25,96,17,33,0.26953125
0.25,97,17,33,0.33984375
0.25,98,17,33,0.2421875
0.25,99,17,33,0.34375
0.25,100,17,33,0.2734375
0.25,101,17,33,0.2578125
0.25,102,17,33,0.296875
0.25,103,17,33,0.296875
0.25,104,17,33,0.30078125
0.25,105,17,33,0.3046875
0.25,106,17,33,0.31640625
0.25,107,17,33,0.33203125
0.25,108,17,33,0.3359375
0.25,109,17,33,0.35546875
0.25,110,17,33,0.25390625
0.25,111,17,33,0.3125
0.25,112,17,33,0.296875
0.25,113,17,33,0.3046875
0.25,114,17,33,0.234375
0.25,115,17,33,0.34765625
0.25,116,17,33,0.2890625
0.25,117,17,33,0.296875
0.25,118,17,33,0.328125
0.25,119,17,33,0.3125
0.25,120,17,33,0.3046875
0.25,121,17,33,0.28125
0.25,122,17,33,0.35546875
0.25,123,17,33,0.30078125
0.25,124,17,33,0.30859375
0.25,125,17,33,0.32421875
0.25,126,17,33,0.31640625
0.25,127,17,33,0.31640625
0.25,128,17,33,0.3515625
0.25,129,17,33,0.29296875
0.25,130,17,33,0.32421875
0.25,131,17,33,0.33203125
0.25,132,17,33,0.2890625
0.25,133,17,33,0.32421875
0.25,134,17,33,0.328125
0.25,135,17,33,0.27734375
0.25,136,17,33,0.28515625
0.25,137,17,33,0.3359375
0.25,138,17,33,0.24609375
0.25,139,17,33,0.30859375
0.25,140,17,33,0.328125
0.25,141,17,33,0.30859375
0.25,142,17,33,0.26953125
0.25,143,17,33,0.30078125
0.25,144,17,33,0.24609375
0.25,145,17,33,0.30859375
0.25,146,17,33,0.3125
0.25,147,17,33,0.375
0.25,148,17,33,0.29296875
0.25,149,17,33,0.32421875
0.25,150,17,33,0.2890625
0.25,151,17,33,0.30078125
0.25,152,17,33,0.31640625
0.25,153,17,33,0.3046875
0.25,154,17,33,0.265625
0.25,155,17,33,0.26171875
0.25,156,17,33,0.296875
0.25,157,17,33,0.3203125
0.25,158,17,33,0.34375
0.25,159,17,33,0.3125
0.25,160,17,33,0.3203125
0.25,161,17,33,0.29296875
0.25,162,17,33,0.29296875
0.25,163,17,33,0.2890625
0.25,164,17,33,0.26953125
0.25,165,17,33,0.28515625
0.25,166,17,33,0.328125
0.25,167,17,33,0.31640625
0.25,168,17,33,0.35546875
0.25,169,17,33,0.3125
0.25,170,17,33,0.2734375
0.25,171,17,33,0.2890625
0.25,172,17,33,0.3046875
0.25,173,17,33,0.32421875
0.25,174,17,33,0.29296875
0.25,175,17,33,0.31640625
0.25,176,17,33,0.296875
0.25,177,17,33,0.34765625
0.25,178,17,33,0.24609375
0.25,179,17,33,0.33984375
0.25,180,17,33,0.25
0.25,181,17,33,0.23046875
0.25,182,17,33,0.27734375
0.25,183,17,33,0.29296875
0.25,184,17,33,0.2890625
0.25,185,17,33,0.35546875
0.25,186,17,33,0.296875
0.25,187,17,33,0.30859375
0.25,188,17,33,0.2109375
0.25,189,17,33,0.3125
0.25,190,17,33,0.34765625
0.25,191,17,33,0.28515625
0.25,192,17,33,0.296875
0.25,193,17,33,0.328125
0.25,194,17,33,0.33203125
0.25,195,17,33,0.2734375
0.25,196,17,33,0.24609375
0.25,197,17,33,0.3125
0.25,198,17,33,0.31640625
0.25,199,17,33,0.26953125
0.25,200,17,33,0.33203125
0.25,201,17,33,0.2578125
0.25,202,17,33,0.296875
0.25,203,17,33,0.25
0.25,204,17,33,0.30859375
0.25,205,17,33,0.3203125
0.25,206,17,33,0.30078125
0.25,207,17,33,0.30078125
0.25,208,17,33,0.30078125
0.25,209,17,33,0.30078125
0.25,210,17,33,0.3203125
0.25,211,17,33,0.296875
0.25,212,17,33,0.37109375
0.25,213,17,33,0.28515625
0.25,214,17,33,0.2734375
0.25,215,17,33,0.30078125
0.25,216,17,33,0.3203125
0.25,217,17,33,0.26171875
0.25,218,17,33,0.32421875
0.25,219,17,33,0.34765625
0.25,220,17,33,0.375
0.25,221,17,33,0.34765625
0.25,222,17,33,0.35546875
0.25,223,17,33,0.3203125
0.25,224,17,33,0.35546875
0.25,225,17,33,0.296875
0.25,226,17,33,0.31640625
0.25,227,17,33,0.30078125
0.25,228,17,33,0.3203125
0.25,229,17,33,0.28515625
0.25,230,17,33,0.28515625
0.25,231,17,33,0.296875
0.25,232,17,33,0.3046875
0.25,233,17,33,0.3359375
0.25,234,17,33,0.3125
0.25,235,17,33,0.24609375
0.25,236,17,33,0.30859375
0.25,237,17,33,0.3203125
0.25,238,17,33,0.28125
0.25,239,17,33,0.30078125
0.25,240,17,33,0.359375
0.25,241,17,33,0.28515625
0.25,242,17,33,0.33984375
0.25,243,17,33,0.29296875
0.25,244,17,33,0.30859375
0.25,245,17,33,0.3125
0.25,246,17,33,0.33203125
0.25,247,17,33,0.29296875
0.25,248,17,33,0.26953125
0.25,249,17,33,0.3359375
0.25,250,17,33,0.27734375
0.25,251,17,33,0.30078125
0.25,252,17,33,0.3203125
0.25,253,17,33,0.265625
0.25,254,17,33,0.296875
0.25,255,17,33,0.26953125
0.25,0,17,65,0.27734375
0.25,1,17,65,0.31640625
0.25,2,17,65,0.29296875
0.25,3,17,65,0.27734375
0.25,4,17,65,0.32421875
0.25,5,17,65,0.328125
0.25,6,17,65,0.3203125
0.25,7,17,65,0.29296875
0.25,8,17,65,0.30859375
0.25,9,17,65,0.2890625
0.25,10,17,65,0.34765625
0.25,11,17,65,0.26953125
0.25,12,17,65,0.30078125
0.25,13,17,65,0.3046875
0.25,14,17,65,0.2734375
0.25,15,17,65,0.32421875
0.25,16,17,65,0.3359375
0.25,17,17,65,0.3203125
0.25,18,17,65,0.2890625
0.25,19,17,65,0.33984375
0.25,20,17,65,0.2890625
0.25,21,17,65,0.3125
0.25,22,17,65,0.265625
0.25,23,17,65,0.37109375
0.25,24,17,65,0.296875
0.25,25,17,65,0.3046875
0.25,26,17,65,0.2890625
0.25,27,17,65,0.28515625
0.25,28,17,65,0.30859375
0.25,29,17,65,0.31640625
0.25,30,17,65,0.390625
0.25,31,17,65,0.33203125
0.25,32,17,65,0.29296875
0.25,33,17,65,0.31640625
0.25,34,17,65,0.3046875
0.25,35,17,65,0.296875
0.25,36,17,65,0.33203125
0.25,37,17,65,0.30859375
0.25,38,17,65,0.35546875
0.25,39,17,65,0.38671875
0.25,40,17,65,0.32421875
0.25,41,17,65,0.32421875
0.25,42,17,65,0.2578125
0.25,43,17,65,0.3046875
0.25,44,17,65,0.30078125
0.25,45,17,65,0.3125
0.25,46,17,65,0.33984375
0.25,47,17,65,0.296875
0.25,48,17,65,0.3125
0.25,49,17,65,0.34375
0.25,50,17,65,0.30859375
0.25,51,17,65,0.3203125
0.25,52,17,65,0.31640625
0.25,53,17,65,0.3046875
0.25,54,17,65,0.33203125
0.25,55,17,65,0.28125
0.25,56,17,65,0.30078125
0.25,57,17,65,0.3515625
0.25,58,17,65,0.32421875
0.25,59,17,65,0.29296875
0.25,60,17,65,0.32421875
0.25,61,17,65,0.3125
0.25,62,17,65,0.3125
0.25,63,17,65,0.30859375
0.25,64,17,65,0.234375
0.25,65,17,65,0.265625
0.25,66,17,65,0.30859375
0.25,67,17,65,0.28125
0.25,68,17,65,0.32421875
0.25,69,17,65,0.32421875
0.25,70,17,65,0.30078125
0.25,71,17,65,0.31640625
0.25,72,17,65,0.3359375
0.25,73,17,65,0.34765625
0.25,74,17,65,0.328125
0.25,75,17,65,0.27734375
0.25,76,17,65,0.33203125
0.25,77,17,65,0.33203125
0.25,78,17,65,0.3125
0.25,79,17,65,0.328125
0.25,80,17,65,0.28125
0.25,81,17,65,0.28515625
0.25,82,17,65,0.35546875
0.25,83,17,65,0.26953125
0.25,84,17,65,0.34765625
0.25,85,17,65,0.328125
0.25,86,17,65,0.328125
0.25,87,17,65,0.328125
0.25,88,17,65,0.3125
0.25,89,17,65,0.3828125
0.25,90,17,65,0.3125
0.25,91,17,65,0.30859375
0.25,92,17,65,0.29296875
0.25,93,17,65,0.3359375
0.25,94,17,65,0.296875
0.25,95,17,65,0.30078125
0.25,96,17,65,0.3125
0.25,97,17,65,0.29296875
0.25,98,17,65,0.296875
0.25,99,17,65,0.34375
0.25,100,17,65,0.328125
0.25,101,17,65,0.265625
0.25,102,17,65,0.3203125
0.25,103,17,65,0.30078125
0.25,104,17,65,0.29296875
0.25,105,17,65,0.3359375
0.25,106,17,65,0.3515625
0.25,107,17,65,0.28515625
0.25,108,17,65,0.26953125
0.25,109,17,65,0.33203125
0.25,110,17,65,0.3203125
0.25,111,17,65,0.359375
0.25,112,17,65,0.34375
0.25,113,17,65,0.32421875
0.25,114,17,65,0.2890625
0.25,115,17,65,0.328125
0.25,116,17,65,0.33203125
0.25,117,17,65,0.375
0.25,118,17,65,0.26953125
0.25,119,17,65,0.31640625
0.25,120,17,65,0.31640625
0.25,121,17,65,0.30078125
0.25,122,17,65,0.2734375
0.25,123,17,65,0.28515625
0.25,124,17,65,0.3359375
0.25,125,17,65,0.30859375
0.25,126,17,65,0.2578125
0.25,127,17,65,0.28515625
0.25,128,17,65,0.32421875
0.25,129,17,65,0.31640625
0.25,130,17,65,0.37109375
0.25,131,17,65,0.29296875
0.25,132,17,65,0.29296875
0.25,133,17,65,0.3359375
0.25,134,17,65,0.3203125
0.25,135,17,65,0.28125
0.25,136,17,65,0.29296875
0.25,137,17,65,0.34765625
0.25,138,17,65,0.28515625
0.25,139,17,65,0.3828125
0.25,140,17,65,0.34375
0.25,141,17,65,0.2890625
0.25,142,17,65,0.26171875
0.25,143,17,65,0.328125
0.25,144,17,65,0.3203125
0.25,145,17,65,0.3125
0.25,146,17,65,0.32421875
0.25,147,17,65,0.3125
0.25,148,17,65,0.28515625
0.25,149,17,65,0.3203125
0.25,150,17,65,0.32421875
0.25,151,17,65,0.33203125
0.25,152,17,65,0.3046875
0.25,153,17,65,0.34375
0.25,154,17,65,0.3203125
0.25,155,17,65,0.2734375
0.25,156,17,65,0.25390625
0.25,157,17,65,0.296875
0.25,158,17,65,0.32421875
0.25,159,17,65,0.296875
0.25,160,17,65,0.2890625
0.25,161,17,65,0.28515625
0.25,162,17,65,0.3046875
0.25,163,17,65,0.30859375
0.25,164,17,65,0.2734375
0.25,165,17,65,0.31640625
0.25,166,17,65,0.31640625
0.25,167,17,65,0.24609375
0.25,168,17,65,0.31640625
0.25,169,17,65,0.28125
0.25,170,17,65,0.3046875
0.25,171,17,65,0.26953125
0.25,172,17,65,0.234375
0.25,173,17,65,0.3671875
0.25,174,17,65,0.30078125
0.25,175,17,65,0.3125
0.25,176,17,65,0.30859375
0.25,177,17,65,0.30078125
0.25,178,17,65,0.30859375
0.25,179,17,65,0.35546875
0.25,180,17,65,0.31640625
0.25,181,17,65,0.28515625
0.25,182,17,65,0.328125
0.25,183,17,65,0.28515625
0.25,184,17,65,0.2734375
0.25,185,17,65,0.3203125
0.25,186,17,65,0.33203125
0.25,187,17,65,0.296875
0.25,188,17,65,0.328125
0.25,189,17,65,0.35546875
0.25,190,17,65,0.3359375
0.25,191,17,65,0.34375
0.25,192,17,65,0.30078125
0.25,193,17,65,0.34765625
0.25,194,17,65,0.32421875
0.25,195,17,65,0.31640625
0.25,196,17,65,0.3125
0.25,197,17,65,0.28515625
0.25,198,17,65,0.34375
0.25,199,17,65,0.3203125
0.25,200,17,65,0.30859375
0.25,201,17,65,0.33984375
0.25,202,17,65,0.24609375
0.25,203,17,65,0.234375
0.25,204,17,65,0.26953125
0.25,205,17,65,0.30078125
0.25,206,17,65,0.34765625
0.25,207,17,65,0.28515625
0.25,208,17,65,0.31640625
0.25,209,17,65,0.3125
0.25,210,17,65,0.28515625
0.25,211,17,65,0.3203125
0.25,212,17,65,0.32421875
0.25,213,17,65,0.32421875
0.25,214,17,65,0.27734375
0.25,215,17,65,0.23828125
0.25,216,17,65,0.29296875
0.25,217,17,65,0.3125
0.25,218,17,65,0.33984375
0.25,219,17,65,0.34375
0.25,220,17,65,0.32421875
0.25,221,17,65,0.3125
0.25,222,17,65,0.3515625
0.25,223,17,65,0.33984375
0.25,224,17,65,0.33984375
0.25,225,17,65,0.26171875
0.25,226,17,65,0.33203125
0.25,227,17,65,0.3359375
0.25,228,17,65,0.28515625
0.25,229,17,65,0.28515625
0.25,230,17,65,0.23828125
0.25,231,17,65,0.2734375
0.25,232,17,65,0.34765625
0.25,233,17,65,0.26953125
0.25,234,17,65,0.2890625
0.25,235,17,65,0.3046875
0.25,236,17,65,0.328125
0.25,237,17,65,0.33203125
0.25,238,17,65,0.28125
0.25,239,17,65,0.29296875
0.25,240,17,65,0.32421875
0.25,241,17,65,0.27734375
0.25,242,17,65,0.29296875
0.25,243,17,65,0.2890625
0.25,244,17,65,0.3359375
0.25,245,17,65,0.3125
0.25,246,17,65,0.33984375
0.25,247,17,65,0.328125
0.25,248,17,65,0.3046875
0.25,249,17,65,0.328125
0.25,250,17,65,0.3203125
0.25,251,17,65,0.3046875
0.25,252,17,65,0.31640625
0.25,253,17,65,0.28125
0.25,254,17,65,0.29296875
0.25,255,17,65,0.296875
0.25,0,33,65,0.275390625
0.25,1,33,65,0.2666015625
0.25,2,33,65,0.267578125
0.25,3,33,65,0.27734375
0.25,4,33,65,0.2939453125
0.25,5,33,65,0.2783203125
0.25,6,33,65,0.283203125
0.25,7,33,65,0.2705078125
0.25,8,33,65,0.2607421875
0.25,9,33,65,0.263671875
0.25,10,33,65,0.265625
0.25,11,33,65,0.25
0.25,12,33,65,0.298828125
0.25,13,33,65,0.25390625
0.25,14,33,65,0.2705078125
0.25,15,33,65,0.2587890625
0.25,16,33,65,0.2763671875
0.25,17,33,65,0.29296875
0.25,18,33,65,0.283203125
0.25,19,33,65,0.275390625
0.25,20,33,65,0.2890625
0.25,21,33,65,0.24609375
0.25,22,33,65,0.2802734375
0.25,23,33,65,0.2666015625
0.25,24,33,65,0.2734375
0.25,25,33,65,0.2705078125
0.25,26,33,65,0.2578125
0.25,27,33,65,0.2841796875
0.25,28,33,65,0.265625
0.25,29,33,65,0.2744140625
0.25,30,33,65,0.287109375
0.25,31,33,65,0.2626953125
0.25,32,33,65,0.275390625
0.25,33,33,65,0.26171875
0.25,34,33,65,0.2509765625
0.25,35,33,65,0.2529296875
0.25,36,33,65,0.294921875
0.25,37,33,65,0.2646484375
0.25,38,33,65,0.28125
0.25,39,33,65,0.2666015625
0.25,40,33,65,0.283203125
0.25,41,33,65,0.2822265625
0.25,42,33,65,0.2412109375
0.25,43,33,65,0.2685546875
0.25,44,33,65,0.2802734375
0.25,45,33,65,0.2734375
0.25,46,33,65,0.30078125
0.25,47,33,65,0.259765625
0.25,48,33,65,0.2724609375
0.25,49,33,65,0.2763671875
0.25,50,33,65,0.2763671875
0.25,51,33,65,0.271484375
0.25,52,33,65,0.2646484375
0.25,53,33,65,0.267578125
0.25,54,33,65,0.275390625
0.25,55,33,65,0.2802734375
0.25,56,33,65,0.2802734375
0.25,57,33,65,0.2939453125
0.25,58,33,65,0.2734375
0.25,59,33,65,0.29296875
0.25,60,33,65,0.2783203125
0.25,61,33,65,0.2646484375
0.25,62,33,65,0.2705078125
0.25,63,33,65,0.287109375
0.25,64,33,65,0.2783203125
0.25,65,33,65,0.2685546875
0.25,66,33,65,0.2587890625
0.25,67,33,65,0.2724609375
0.25,68,33,65,0.2470703125
0.25,69,33,65,0.2763671875
0.25,70,33,65,0.26953125
0.25,71,33,65,0.294921875
0.25,72,33,65,0.2529296875
0.25,73,33,65,0.2734375
0.25,74,33,65,0.2861328125
0.25,75,33,65,0.2578125
0.25,76,33,65,0.28125
0.25,77,33,65,0.2861328125
0.25,78,33,65,0.265625
0.25,79,33,65,0.28125
0.25,80,33,65,0.2646484375
0.25,81,33,65,0.27734375
0.25,82,33,65,0.26171875
0.25,83,33,65,0.2880859375
0.25,84,33,65,0.2958984375
0.25,85,33,65,0.2685546875
0.25,86,33,65,0.302734375
0.25,87,33,65,0.2373046875
0.25,88,33,65,0.2705078125
0.25,89,33,65,0.2587890625
0.25,90,33,65,0.294921875
0.25,91,33,65,0.2685546875
0.25,92,33,65,0.2734375
0.25,93,33,65,0.3095703125
0.25,94,33,65,0.2783203125
0.25,95,33,65,0.2529296875
0.25,96,33,65,0.2548828125
0.25,97,33,65,0.2685546875
0.25,98,33,65,0.2939453125
0.25,99,33,65,0.2802734375
0.25,100,33,65,0.28515625
0.25,101,33,65,0.283203125
0.25,102,33,65,0.271484375
0.25,103,33,65,0.2587890625
0.25,104,33,65,0.2587890625
0.25,105,33,65,0.2890625
0.25,106,33,65,0.2841796875
0.25,107,33,65,0.314453125
0.25,108,33,65,0.2607421875
0.25,109,33,65,0.2744140625
0.25,110,33,65,0.2939453125
0.25,111,33,65,0.265625
0.25,112,33,65,0.2705078125
0.25,113,33,65,0.275390625
0.25,114,33,65,0.255859375
0.25,115,33,65,0.2607421875
0.25,116,33,65,0.2783203125
0.25,117,33,65,0.271484375
0.25,118,33,65,0.2412109375
0.25,119,33,65,0.244140625
0.25,120,33,65,0.2900390625
0.25,121,33,65,0.2724609375
0.25,122,33,65,0.2607421875
0.25,123,33,65,0.2685546875
0.25,124,33,65,0.2626953125
0.25,125,33,65,0.2939453125
0.25,126,33,65,0.255859375
0.25,127,33,65,0.2822265625
0.25,128,33,65,0.2666015625
0.25,129,33,65,0.26171875
0.25,130,33,65,0.287109375
0.25,131,33,65,0.248046875
0.25,132,33,65,0.279296875
0.25,133,33,65,0.283203125
0.25,134,33,65,0.263671875
0.25,135,33,65,0.2861328125
0.25,136,33,65,0.263671875
0.25,137,33,65,0.271484375
0.25,138,33,65,0.2763671875
0.25,139,33,65,0.259765625
0.25,140,33,65,0.283203125
0.25,141,33,65,0.240234375
0.25,142,33,65,0.248046875
0.25,143,33,65,0.3115234375
0.25,144,33,65,0.259765625
0.25,145,33,65,0.2783203125
0.25,146,33,65,0.279296875
0.25,147,33,65,0.27734375
0.25,148,33,65,0.2734375
0.25,149,33,65,0.279296875
0.25,150,33,65,0.287109375
0.25,151,33,65,0.267578125
0.25,152,33,65,0.2490234375
0.25,153,33,65,0.2900390625
0.25,154,33,65,0.2724609375
0.25,155,33,65,0.302734375
0.25,156,33,65,0.259765625
0.25,157,33,65,0.2705078125
0.25,158,33,65,0.2490234375
0.25,159,33,65,0.2568359375
0.25,160,33,65,0.2705078125
0.25,161,33,65,0.2529296875
0.25,162,33,65,0.2568359375
0.25,163,33,65,0.265625
0.25,164,33,65,0.2822265625
0.25,165,33,65,0.287109375
0.25,166,33,65,0.2734375
0.25,167,33,65,0.2744140625
0.25,168,33,65,0.265625
0.25,169,33,65,0.2734375
0.25,170,33,65,0.2548828125
0.25,171,33,65,0.302734375
0.25,172,33,65,0.2822265625
0.25,173,33,65,0.2734375
0.25,174,33,65,0.2900390625
0.25,175,33,65,0.248046875
0.25,176,33,65,0.2626953125
0.25,177,33,65,0.283203125
0.25,178,33,65,0.283203125
0.25,179,33,65,0.265625
0.25,180,33,65,0.30859375
0.25,181,33,65,0.2939453125
0.25,182,33,65,0.2724609375
0.25,183,33,65,0.263671875
0.25,184,33,65,0.2763671875
0.25,185,33,65,0.2666015625
0.25,186,33,65,0.2822265625
0.25,187,33,65,0.2705078125
0.25,188,33,65,0.2724609375
0.25,189,33,65,0.2509765625
0.25,190,33,65,0.2705078125
0.25,191,33,65,0.2802734375
0.25,192,33,65,0.2763671875
0.25,193,33,65,0.2412109375
0.25,194,33,65,0.2724609375
0.25,195,33,65,0.2763671875
0.25,196,33,65,0.283203125
0.25,197,33,65,0.2705078125
0.25,198,33,65,0.263671875
0.25,199,33,65,0.2509765625
0.25,200,33,65,0.26953125
0.25,201,33,65,0.28125
0.25,202,33,65,0.2587890625
0.25,203,33,65,0.2900390625
0.25,204,33,65,0.2763671875
0.25,205,33,65,0.2666015625
0.25,206,33,65,0.2783203125
0.25,207,33,65,0.2890625
0.25,208,33,65,0.267578125
0.25,209,33,65,0.28515625
0.25,210,33,65,0.2939453125
0.25,211,33,65,0.251953125
0.25,212,33,65,0.28125
0.25,213,33,65,0.2763671875
0.25,214,33,65,0.2587890625
0.25,215,33,65,0.25390625
0.25,216,33,65,0.263671875
0.25,217,33,65,0.26953125
0.25,218,33,65,0.275390625
0.25,219,33,65,0.27734375
0.25,220,33,65,0.2578125
0.25,221,33,65,0.271484375
0.25,222,33,65,0.2646484375
0.25,223,33,65,0.248046875
0.25,224,33,65,0.2646484375
0.25,225,33,65,0.2744140625
0.25,226,33,65,0.2939453125
0.25,227,33,65,0.263671875
0.25,228,33,65,0.2626953125
0.25,229,33,65,0.2685546875
0.25,230,33,65,0.2607421875
0.25,231,33,65,0.23828125
0.25,232,33,65,0.2626953125
0.25,233,33,65,0.2548828125
0.25,234,33,65,0.2724609375
0.25,235,33,65,0.2841796875
0.25,236,33,65,0.2919921875
0.25,237,33,65,0.298828125
0.25,238,33,65,0.2763671875
0.25,239,33,65,0.26953125
0.25,240,33,65,0.2861328125
0.25,241,33,65,0.26953125
0.25,242,33,65,0.2568359375
0.25,243,33,65,0.2802734375
0.25,244,33,65,0.2763671875
0.25,245,33,65,0.27734375
0.25,246,33,65,0.248046875
0.25,247,33,65,0.294921875
0.25,248,33,65,0.259765625
0.25,249,33,65,0.2734375
0.25,250,33,65,0.2802734375
0.25,251,33,65,0.28125
0.25,252,33,65,0.2685546875
0.25,253,33,65,0.279296875
0.25,254,33,65,0.267578125
0.25,255,33,65,0.294921875
0.5,0,17,33,0.29296875
0.5,1,17,33,0.328125
0.5,2,17,33,0.28515625
0.5,3,17,33,0.2890625
0.5,4,17,33,0.2890625
0.5,5,17,33,0.28515625
0.5,6,17,33,0.2421875
0.5,7,17,33,0.32421875
0.5,8,17,33,0.28515625
0.5,9,17,33,0.32421875
0.5,10,17,33,0.3046875
0.5,11,17,33,0.2734375
0.5,12,17,33,0.32421875
0.5,13,17,33,0.2421875
0.5,14,17,33,0.33984375
0.5,15,17,33,0.33203125
0.5,16,17,33,0.2890625
0.5,17,17,33,0.2421875
0.5,18,17,33,0.27734375
0.5,19,17,33,0.359375
0.5,20,17,33,0.26953125
0.5,21,17,33,0.24609375
0.5,22,17,33,0.2734375
0.5,23,17,33,0.30078125
0.5,24,17,33,0.3125
0.5,25,17,33,0.296875
0.5,26,17,33,0.3203125
0.5,27,17,33,0.2734375
0.5,28,17,33,0.30859375
0.5,29,17,33,0.24609375
0.5,30,17,33,0.31640625
0.5,31,17,33,0.28515625
0.5,32,17,33,0.2734375
0.5,33,17,33,0.296875
0.5,34,17,33,0.27734375
0.5,35,17,33,0.26953125
0.5,36,17,33,0.26953125
0.5,37,17,33,0.2890625
0.5,38,17,33,0.2421875
0.5,39,17,33,0.30078125
0.5,40,17,33,0.28515625
0.5,41,17,33,0.2578125
0.5,42,17,33,0.2578125
0.5,43,17,33,0.28125
0.5,44,17,33,0.25390625
0.5,45,17,33,0.296875
0.5,46,17,33,0.33984375
0.5,47,17,33,0.265625
0.5,48,17,33,0.2734375
0.5,49,17,33,0.27734375
0.5,50,17,33,0.30078125
0.5,51,17,33,0.25390625
0.5,52,17,33,0.33203125
0.5,53,17,33,0.328125
0.5,54,17,33,0.26953125
0.5,55,17,33,0.25390625
0.5,56,17,33,0.26953125
0.5,57,17,33,0.28515625
0.5,58,17,33,0.265625
0.5,59,17,33,0.3125
0.5,60,17,33,0.3046875
0.5,61,17,33,0.3046875
0.5,62,17,33,0.31640625
0.5,63,17,33,0.32421875
0.5,64,17,33,0.32421875
0.5,65,17,33,0.25
0.5,66,17,33,0.28125
0.5,67,17,33,0.28515625
0.5,68,17,33,0.296875
0.5,69,17,33,0.27734375
0.5,70,17,33,0.2578125
0.5,71,17,33,0.26171875
0.5,72,17,33,0.31640625
0.5,73,17,33,0.34765625
0.5,74,17,33,0.23046875
0.5,75,17,33,0.24609375
0.5,76,17,33,0.26171875
0.5,77,17,33,0.265625
0.5,78,17,33,0.265625
0.5,79,17,33,0.28125
0.5,80,17,33,0.28515625
0.5,81,17,33,0.29296875
0.5,82,17,33,0.31640625
0.5,83,17,33,0.28515625
0.5,84,17,33,0.296875
0.5,85,17,33,0.25
0.5,86,17,33,0.2578125
0.5,87,17,33,0.28515625
0.5,88,17,33,0.29296875
0.5,89,17,33,0.28515625
0.5,90,17,33,0.23828125
0.5,91,17,33,0.25390625
0.5,92,17,33,0.3203125
0.5,93,17,33,0.265625
0.5,94,17,33,0.25
0.5,95,17,33,0.28515625
0.5,96,17,33,0.2734375
0.5,97,17,33,0.27734375
0.5,98,17,33,0.30078125
0.5,99,17,33,0.3046875
0.5,100,17,33,0.265625
0.5,101,17,33,0.27734375
0.5,102,17,33,0.30859375
0.5,103,17,33,0.296875
0.5,104,17,33,0.28515625
0.5,105,17,33,0.28515625
0.5,106,17,33,0.30859375
0.5,107,17,33,0.2890625
0.5,108,17,33,0.3125
0.5,109,17,33,0.24609375
0.5,110,17,33,0.3125
0.5,111,17,33,0.25
0.5,112,17,33,0.296875
0.5,113,17,33,0.26171875
0.5,114,17,33,0.2890625
0.5,115,17,33,0.31640625
0.5,116,17,33,0.3203125
0.5,117,17,33,0.26953125
0.5,118,17,33,0.2734375
0.5,119,17,33,0.3046875
0.5,120,17,33,0.29296875
0.5,121,17,33,0.30078125
0.5,122,17,33,0.30859375
0.5,123,17,33,0.296875
0.5,124,17,33,0.26953125
0.5,125,17,33,0.2734375
0.5,126,17,33,0.25390625
0.5,127,17,33,0.24609375
0.5,128,17,33,0.265625
0.5,129,17,33,0.29296875
0.5,130,17,33,0.25
0.5,131,17,33,0.2890625
0.5,132,17,33,0.25390625
0.5,133,17,33,0.28515625
0.5,134,17,33,0.265625
0.5,135,17,33,0.28515625
0.5,136,17,33,0.2890625
0.5,137,17,33,0.265625
0.5,138,17,33,0.28515625
0.5,139,17,33,0.2578125
0.5,140,17,33,0.28515625
0.5,141,17,33,0.31640625
0.5,142,17,33,0.3359375
0.5,143,17,33,0.3125
0.5,144,17,33,0.3359375
0.5,145,17,33,0.2890625
0.5,146,17,33,0.31640625
0.5,147,17,33,0.33203125
0.5,148,17,33,0.296875
0.5,149,17,33,0.26953125
0.5,150,17,33,0.3046875
0.5,151,17,33,0.26953125
0.5,152,17,33,0.27734375
0.5,153,17,33,0.30078125
0.5,154,17,33,0.28125
0.5,155,17,33,0.30859375
0.5,156,17,33,0.25
0.5,157,17,33,0.265625
0.5,158,17,33,0.26171875
0.5,159,17,33,0.26171875
0.5,160,17,33,0.29296875
0.5,161,17,33,0.30859375
0.5,162,17,33,0.29296875
0.5,163,17,33,0.2734375
0.5,164,17,33,0.25390625
0.5,165,17,33,0.30078125
0.5,166,17,33,0.3203125
0.5,167,17,33,0.21875
0.5,168,17,33,0.2421875
0.5,169,17,33,0.30078125
0.5,170,17,33,0.27734375
0.5,171,17,33,0.234375
0.5,172,17,33,0.30859375
0.5,173,17,33,0.27734375
0.5,174,17,33,0.29296875
0.5,175,17,33,0.296875
0.5,176,17,33,0.28125
0.5,177,17,33,0.265625
0.5,178,17,33,0.30859375
0.5,179,17,33,0.2734375
0.5,180,17,33,0.265625
0.5,181,17,33,0.3046875
0.5,182,17,33,0.23046875
0.5,183,17,33,0.25390625
0.5,184,17,33,0.30078125
0.5,185,17,33,0.234375
0.5,186,17,33,0.2734375
0.5,187,17,33,0.29296875
0.5,188,17,33,0.3046875
0.5,189,17,33,0.2734375
0.5,190,17,33,0.234375
0.5,191,17,33,0.24609375
0.5,192,17,33,0.27734375
0.5,193,17,33,0.28125
0.5,194,17,33,0.265625
0.5,195,17,33,0.2890625
0.5,196,17,33,0.29296875
0.5,197,17,33,0.26171875
0.5,198,17,33,0.328125
0.5,199,17,33,0.296875
0.5,200,17,33,0.31640625
0.5,201,17,33,0.28515625
0.5,202,17,33,0.29296875
0.5,203,17,33,0.26953125
0.5,204,17,33,0.28515625
0.5,205,17,33,0.2734375
0.5,206,17,33,0.3203125
0.5,207,17,33,0.28125
0.5,208,17,33,0.23828125
0.5,209,17,33,0.28515625
0.5,210,17,33,0.33984375
0.5,211,17,33,0.3203125
0.5,212,17,33,0.28515625
0.5,213,17,33,0.31640625
0.5,214,17,33,0.2578125
0.5,215,17,33,0.28515625
0.5,216,17,33,0.359375
0.5,217,17,33,0.31640625
0.5,218,17,33,0.234375
0.5,219,17,33,0.28515625
0.5,220,17,33,0.28125
0.5,221,17,33,0.3203125
0.5,222,17,33,0.29296875
0.5,223,17,33,0.26953125
0.5,224,17,33,0.296875
0.5,225,17,33,0.26171875
0.5,226,17,33,0.2734375
0.5,227,17,33,0.2578125
0.5,228,17,33,0.2578125
0.5,229,17,33,0.2734375
0.5,230,17,33,0.31640625
0.5,231,17,33,0.26171875
0.5,232,17,33,0.3203125
0.5,233,17,33,0.328125
0.5,234,17,33,0.28125
0.5,235,17,33,0.25390625
0.5,236,17,33,0.31640625
0.5,237,17,33,0.30859375
0.5,238,17,33,0.265625
0.5,239,17,33,0.296875
0.5,240,17,33,0.27734375
0.5,241,17,33,0.30859375
0.5,242,17,33,0.2734375
0.5,243,17,33,0.30078125
0.5,244,17,33,0.2578125
0.5,245,17,33,0.296875
0.5,246,17,33,0.28515625
0.5,247,17,33,0.2890625
0.5,248,17,33,0.2734375
0.5,249,17,33,0.28515625
0.5,250,17,33,0.27734375
0.5,251,17,33,0.265625
0.5,252,17,33,0.2734375
0.5,253,17,33,0.3046875
0.5,254,17,33,0.28125
0.5,255,17,33,0.2265625
0.5,0,17,65,0.3125
0.5,1,17,65,0.28125
0.5,2,17,65,0.29296875
0.5,3,17,65,0.2734375
0.5,4,17,65,0.26953125
0.5,5,17,65,0.296875
0.5,6,17,65,0.30078125
0.5,7,17,65,0.31640625
0.5,8,17,65,0.28125
0.5,9,17,65,0.3125
0.5,10,17,65,0.25390625
0.5,11,17,65,0.2578125
0.5,12,17,65,0.3359375
0.5,13,17,65,0.2265625
0.5,14,17,65,0.25390625
0.5,15,17,65,0.29296875
0.5,16,17,65,0.25
0.5,17,17,65,0.24609375
0.5,18,17,65,0.30078125
0.5,19,17,65,0.28515625
0.5,20,17,65,0.23828125
0.5,21,17,65,0.2421875
0.5,22,17,65,0.2421875
0.5,23,17,65,0.26171875
0.5,24,17,65,0.29296875
0.5,25,17,65,0.35546875
0.5,26,17,65,0.29296875
0.5,27,17,65,0.3046875
0.5,28,17,65,0.265625
0.5,29,17,65,0.23828125
0.5,30,17,65,0.234375
0.5,31,17,65,0.26171875
0.5,32,17,65,0.26953125
0.5,33,17,65,0.30859375
0.5,34,17,65,0.2890625
0.5,35,17,65,0.2578125
0.5,36,17,65,0.2421875
0.5,37,17,65,0.26171875
0.5,38,17,65,0.26171875
0.5,39,17,65,0.25390625
0.5,40,17,65,0.28515625
0.5,41,17,65,0.30859375
0.5,42,17,65,0.26171875
0.5,43,17,65,0.2890625
0.5,44,17,65,0.27734375
0.5,45,17,65,0.296875
0.5,46,17,65,0.2734375
0.5,47,17,65,0.25
0.5,48,17,65,0.2890625
0.5,49,17,65,0.28125
0.5,50,17,65,0.3359375
0.5,51,17,65,0.234375
0.5,52,17,65,0.29296875
0.5,53,17,65,0.32421875
0.5,54,17,65,0.31640625
0.5,55,17,65,0.2734375
0.5,56,17,65,0.27734375
0.5,57,17,65,0.265625
0.5,58,17,65,0.30078125
0.5,59,17,65,0.32421875
0.5,60,17,65,0.33203125
0.5,61,17,65,0.2890625
0.5,62,17,65,0.28125
0.5,63,17,65,0.3125
0.5,64,17,65,0.30078125
0.5,65,17,65,0.2578125
0.5,66,17,65,0.23046875
0.5,67,17,65,0.296875
0.5,68,17,65,0.28125
0.5,69,17,65,0.26953125
0.5,70,17,65,0.27734375
0.5,71,17,65,0.3046875
0.5,72,17,65,0.25390625
0.5,73,17,65,0.3125
0.5,74,17,65,0.22265625
0.5,75,17,65,0.2109375
0.5,76,17,65,0.29296875
0.5,77,17,65,0.2890625
0.5,78,17,65,0.26953125
0.5,79,17,65,0.2421875
0.5,80,17,65,0.328125
0.5,81,17,65,0.26171875
0.5,82,17,65,0.27734375
0.5,83,17,65,0.2578125
0.5,84,17,65,0.29296875
0.5,85,17,65,0.26953125
0.5,86,17,65,0.21484375
0.5,87,17,65,0.3359375
0.5,88,17,65,0.27734375
0.5,89,17,65,0.25390625
0.5,90,17,65,0.29296875
0.5,91,17,65,0.22265625
0.5,92,17,65,0.31640625
0.5,93,17,65,0.2109375
0.5,94,17,65,0.2578125
0.5,95,17,65,0.27734375
0.5,96,17,65,0.29296875
0.5,97,17,65,0.25
0.5,98,17,65,0.27734375
0.5,99,17,65,0.3203125
0.5,100,17,65,0.27734375
0.5,101,17,65,0.2734375
0.5,102,17,65,0.2265625
0.5,103,17,65,0.26953125
0.5,104,17,65,0.2578125
0.5,105,17,65,0.2734375
0.5,106,17,65,0.26953125
0.5,107,17,65,0.26171875
0.5,108,17,65,0.31640625
0.5,109,17,65,0.26953125
0.5,110,17,65,0.30859375
0.5,111,17,65,0.25390625
0.5,112,17,65,0.26953125
0.5,113,17,65,0.2421875
0.5,114,17,65,0.2578125
0.5,115,17,65,0.25390625
0.5,116,17,65,0.26171875
0.5,117,17,65,0.25
0.5,118,17,65,0.24609375
0.5,119,17,65,0.2578125
0.5,120,17,65,0.30859375
0.5,121,17,65,0.3203125
0.5,122,17,65,0.22265625
0.5,123,17,65,0.265625
0.5,124,17,65,0.3203125
0.5,125,17,65,0.27734375
0.5,126,17,65,0.2890625
0.5,127,17,65,0.2734375
0.5,128,17,65,0.28515625
0.5,129,17,65,0.25
0.5,130,17,65,0.265625
0.5,131,17,65,0.29296875
0.5,132,17,65,0.28125
0.5,133,17,65,0.30078125
0.5,134,17,65,0.23828125
0.5,135,17,65,0.3046875
0.5,136,17,65,0.234375
0.5,137,17,65,0.2421875
0.5,138,17,65,0.2734375
0.5,139,17,65,0.27734375
0.5,140,17,65,0.3203125
0.5,141,17,65,0.265625
0.5,142,17,65,0.32421875
0.5,143,17,65,0.27734375
0.5,144,17,65,0.32421875
0.5,145,17,65,0.26953125
0.5,146,17,65,0.296875
0.5,147,17,65,0.26171875
0.5,148,17,65,0.28515625
0.5,149,17,65,0.265625
0.5,150,17,65,0.30859375
0.5,151,17,65,0.28125
0.5,152,17,65,0.26171875
0.5,153,17,65,0.2734375
0.5,154,17,65,0.28125
0.5,155,17,65,0.2578125
0.5,156,17,65,0.28125
0.5,157,17,65,0.2578125
0.5,158,17,65,0.23828125
0.5,159,17,65,0.27734375
0.5,160,17,65,0.24609375
0.5,161,17,65,0.265625
0.5,162,17,65,0.2578125
0.5,163,17,65,0.25390625
0.5,164,17,65,0.265625
0.5,165,17,65,0.27734375
0.5,166,17,65,0.28125
0.5,167,17,65,0.2578125
0.5,168,17,65,0.23828125
0.5,169,17,65,0.22265625
0.5,170,17,65,0.265625
0.5,171,17,65,0.265625
0.5,172,17,65,0.32421875
0.5,173,17,65,0.2421875
0.5,174,17,65,0.26953125
0.5,175,17,65,0.2734375
0.5,176,17,65,0.2890625
0.5,177,17,65,0.27734375
0.5,178,17,65,0.3203125
0.5,179,17,65,0.2421875
0.5,180,17,65,0.28125
0.5,181,17,65,0.2734375
0.5,182,17,65,0.2890625
0.5,183,17,65,0.2109375
0.5,184,17,65,0.28125
0.5,185,17,65,0.26171875
0.5,186,17,65,0.33984375
0.5,187,17,65,0.25
0.5,188,17,65,0.2890625
0.5,189,17,65,0.2578125
0.5,190,17,65,0.2578125
0.5,191,17,65,0.24609375
0.5,192,17,65,0.26953125
0.5,193,17,65,0.3203125
0.5,194,17,65,0.28515625
0.5,195,17,65,0.29296875
0.5,196,17,65,0.2578125
0.5,197,17,65,0.19921875
0.5,198,17,65,0.265625
0.5,199,17,65,0.30859375
0.5,200,17,65,0.296875
0.5,201,17,65,0.2734375
0.5,202,17,65,0.29296875
0.5,203,17,65,0.22265625
0.5,204,17,65,0.2734375
0.5,205,17,65,0.3203125
0.5,206,17,65,0.30859375
0.5,207,17,65,0.23828125
0.5,208,17,65,0.2265625
0.5,209,17,65,0.26953125
0.5,210,17,65,0.296875
0.5,211,17,65,0.296875
0.5,212,17,65,0.2734375
0.5,213,17,65,0.27734375
0.5,214,17,65,0.25
0.5,215,17,65,0.23828125
0.5,216,17,65,0.27734375
0.5,217,17,65,0.28515625
0.5,218,17,65,0.2421875
0.5,219,17,65,0.30078125
0.5,220,17,65,0.29296875
0.5,221,17,65,0.2734375
0.5,222,17,65,0.2734375
0.5,223,17,65,0.25390625
0.5,224,17,65,0.24609375
0.5,225,17,65,0.26953125
0.5,226,17,65,0.265625
0.5,227,17,65,0.2734375
0.5,228,17,65,0.234375
0.5,229,17,65,0.29296875
0.5,230,17,65,0.29296875
0.5,231,17,65,0.28515625
0.5,232,17,65,0.25
0.5,233,17,65,0.27734375
0.5,234,17,65,0.25390625
0.5,235,17,65,0.23828125
0.5,236,17,65,0.2890625
0.5,237,17,65,0.34765625
0.5,238,17,65,0.26171875
0.5,239,17,65,0.265625
0.5,240,17,65,0.30859375
0.5,241,17,65,0.2890625
0.5,242,17,65,0.30078125
0.5,243,17,65,0.27734375
0.5,244,17,65,0.27734375
0.5,245,17,65,0.26953125
0.5,246,17,65,0.3515625
0.5,247,17,65,0.296875
0.5,248,17,65,0.3125
0.5,249,17,65,0.265625
0.5,250,17,65,0.234375
0.5,251,17,65,0.25390625
0.5,252,17,65,0.2421875
0.5,253,17,65,0.3046875
0.5,254,17,65,0.26953125
0.5,255,17,65,0.2421875
0.5,0,33,65,0.2607421875
0.5,1,33,65,0.25390625
0.5,2,33,65,0.24609375
0.5,3,33,65,0.255859375
0.5,4,33,65,0.23828125
0.5,5,33,65,0.2529296875
0.5,6,33,65,0.2763671875
0.5,7,33,65,0.2421875
0.5,8,33,65,0.25390625
0.5,9,33,65,0.244140625
0.5,10,33,65,0.2294921875
0.5,11,33,65,0.259765625
0.5,12,33,65,0.234375
0.5,13,33,65,0.228515625
0.5,14,33,65,0.2607421875
0.5,15,33,65,0.2626953125
0.5,16,33,65,0.25390625
0.5,17,33,65,0.255859375
0.5,18,33,65,0.2646484375
0.5,19,33,65,0.2255859375
0.5,20,33,65,0.228515625
0.5,21,33,65,0.23828125
0.5,22,33,65,0.2470703125
0.5,23,33,65,0.240234375
0.5,24,33,65,0.2685546875
0.5,25,33,65,0.2724609375
0.5,26,33,65,0.259765625
0.5,27,33,65,0.28515625
0.5,28,33,65,0.2421875
0.5,29,33,65,0.2724609375
0.5,30,33,65,0.2568359375
0.5,31,33,65,0.24609375
0.5,32,33,65,0.23828125
0.5,33,33,65,0.265625
0.5,34,33,65,0.2412109375
0.5,35,33,65,0.2861328125
0.5,36,33,65,0.2509765625
0.5,37,33,65,0.2412109375
0.5,38,33,65,0.240234375
0.5,39,33,65,0.28125
0.5,40,33,65,0.251953125
0.5,41,33,65,0.28515625
0.5,42,33,65,0.2373046875
0.5,43,33,65,0.2431640625
0.5,44,33,65,0.2451171875
0.5,45,33,65,0.2529296875
0.5,46,33,65,0.2509765625
0.5,47,33,65,0.26953125
0.5,48,33,65,0.263671875
0.5,49,33,65,0.25
0.5,50,33,65,0.244140625
0.5,51,33,65,0.2587890625
0.5,52,33,65,0.2490234375
0.5,53,33,65,0.2568359375
0.5,54,33,65,0.2578125
0.5,55,33,65,0.26953125
0.5,56,33,65,0.25390625
0.5,57,33,65,0.267578125
0.5,58,33,65,0.259765625
0.5,59,33,65,0.2646484375
0.5,60,33,65,0.271484375
0.5,61,33,65,0.22265625
0.5,62,33,65,0.2490234375
0.5,63,33,65,0.251953125
0.5,64,33,65,0.2431640625
0.5,65,33,65,0.2451171875
0.5,66,33,65,0.259765625
0.5,67,33,65,0.244140625
0.5,68,33,65,0.2412109375
0.5,69,33,65,0.2373046875
0.5,70,33,65,0.2587890625
0.5,71,33,65,0.2587890625
0.5,72,33,65,0.2412109375
0.5,73,33,65,0.2490234375
0.5,74,33,65,0.2587890625
0.5,75,33,65,0.255859375
0.5,76,33,65,0.275390625
0.5,77,33,65,0.2744140625
0.5,78,33,65,0.25390625
0.5,79,33,65,0.2548828125
0.5,80,33,65,0.2705078125
0.5,81,33,65,0.2333984375
0.5,82,33,65,0.2470703125
0.5,83,33,65,0.2392578125
0.5,84,33,65,0.2421875
0.5,85,33,65,0.2333984375
0.5,86,33,65,0.2529296875
0.5,87,33,65,0.265625
0.5,88,33,65,0.2529296875
0.5,89,33,65,0.2314453125
0.5,90,33,65,0.2578125
0.5,91,33,65,0.25
0.5,92,33,65,0.2783203125
0.5,93,33,65,0.244140625
0.5,94,33,65,0.2529296875
0.5,95,33,65,0.2392578125
0.5,96,33,65,0.23828125
0.5,97,33,65,0.224609375
0.5,98,33,65,0.255859375
0.5,99,33,65,0.2724609375
0.5,100,33,65,0.2685546875
0.5,101,33,65,0.2529296875
0.5,102,33,65,0.240234375
0.5,103,33,65,0.2822265625
0.5,104,33,65,0.24609375
0.5,105,33,65,0.2333984375
0.5,106,33,65,0.24609375
0.5,107,33,65,0.2666015625
0.5,108,33,65,0.248046875
0.5,109,33,65,0.2529296875
0.5,110,33,65,0.2509765625
0.5,111,33,65,0.236328125
0.5,112,33,65,0.2685546875
0.5,113,33,65,0.2626953125
0.5,114,33,65,0.234375
0.5,115,33,65,0.26171875
0.5,116,33,65,0.25390625
0.5,117,33,65,0.24609375
0.5,118,33,65,0.2333984375
0.5,119,33,65,0.2470703125
0.5,120,33,65,0.2431640625
0.5,121,33,65,0.24609375
0.5,122,33,65,0.2490234375
0.5,123,33,65,0.25390625
0.5,124,33,65,0.2724609375
0.5,125,33,65,0.263671875
0.5,126,33,65,0.2578125
0.5,127,33,65,0.2314453125
0.5,128,33,65,0.228515625
0.5,129,33,65,0.251953125
0.5,130,33,65,0.27734375
0.5,131,33,65,0.279296875
0.5,132,33,65,0.28515625
0.5,133,33,65,0.251953125
0.5,134,33,65,0.2607421875
0.5,135,33,65,0.2734375
0.5,136,33,65,0.2470703125
0.5,137,33,65,0.2412109375
0.5,138,33,65,0.228515625
0.5,139,33,65,0.2646484375
0.5,140,33,65,0.2626953125
0.5,141,33,65,0.240234375
0.5,142,33,65,0.265625
0.5,143,33,65,0.251953125
0.5,144,33,65,0.2509765625
0.5,145,33,65,0.2490234375
0.5,146,33,65,0.2548828125
0.5,147,33,65,0.2451171875
0.5,148,33,65,0.2412109375
0.5,149,33,65,0.2421875
0.5,150,33,65,0.27734375
0.5,151,33,65,0.25390625
0.5,152,33,65,0.2646484375
0.5,153,33,65,0.2392578125
0.5,154,33,65,0.2373046875
0.5,155,33,65,0.25390625
0.5,156,33,65,0.255859375
0.5,157,33,65,0.2509765625
0.5,158,33,65,0.2373046875
0.5,159,33,65,0.26171875
0.5,160,33,65,0.23046875
0.5,161,33,65,0.248046875
0.5,162,33,65,0.259765625
0.5,163,33,65,0.251953125
0.5,164,33,65,0.263671875
0.5,165,33,65,0.2451171875
0.5,166,33,65,0.20703125
0.5,167,33,65,0.275390625
0.5,168,33,65,0.2568359375
0.5,169,33,65,0.2470703125
0.5,170,33,65,0.2412109375
0.5,171,33,65,0.27734375
0.5,172,33,65,0.271484375
0.5,173,33,65,0.26953125
0.5,174,33,65,0.244140625
0.5,175,33,65,0.2392578125
0.5,176,33,65,0.2490234375
0.5,177,33,65,0.263671875
0.5,178,33,65,0.263671875
0.5,179,33,65,0.234375
0.5,180,33,65,0.24609375
0.5,181,33,65,0.2314453125
0.5,182,33,65,0.2685546875
0.5,183,33,65,0.2529296875
0.5,184,33,65,0.234375
0.5,185,33,65,0.2724609375
0.5,186,33,65,0.2568359375
0.5,187,33,65,0.248046875
0.5,188,33,65,0.25
0.5,189,33,65,0.26953125
0.5,190,33,65,0.2529296875
0.5,191,33,65,0.2568359375
0.5,192,33,65,0.236328125
0.5,193,33,65,0.2392578125
0.5,194,33,65,0.2529296875
0.5,195,33,65,0.23828125
0.5,196,33,65,0.2119140625
0.5,197,33,65,0.25
0.5,198,33,65,0.25390625
0.5,199,33,65,0.255859375
0.5,200,33,65,0.25
0.5,201,33,65,0.2587890625
0.5,202,33,65,0.2421875
0.5,203,33,65,0.2373046875
0.5,204,33,65,0.2529296875
0.5,205,33,65,0.26171875
0.5,206,33,65,0.232421875
0.5,207,33,65,0.251953125
0.5,208,33,65,0.251953125
0.5,209,33,65,0.23828125
0.5,210,33,65,0.255859375
0.5,211,33,65,0.2421875
0.5,212,33,65,0.2685546875
0.5,213,33,65,0.2734375
0.5,214,33,65,0.244140625
0.5,215,33,65,0.24609375
0.5,216,33,65,0.2412109375
0.5,217,33,65,0.2587890625
0.5,218,33,65,0.248046875
0.5,219,33,65,0.2431640625
0.5,220,33,65,0.255859375
0.5,221,33,65,0.2431640625
0.5,222,33,65,0.24609375
0.5,223,33,65,0.2724609375
0.5,224,33,65,0.2529296875
0.5,225,33,65,0.2412109375
0.5,226,33,65,0.248046875
0.5,227,33,65,0.2451171875
0.5,228,33,65,0.2431640625
0.5,229,33,65,0.2568359375
0.5,230,33,65,0.2353515625
0.5,231,33,65,0.2626953125
0.5,232,33,65,0.2607421875
0.5,233,33,65,0.240234375
0.5,234,33,65,0.248046875
0.5,235,33,65,0.2607421875
0.5,236,33,65,0.25
0.5,237,33,65,0.2529296875
0.5,238,33,65,0.2587890625
0.5,239,33,65,0.24609375
0.5,240,33,65,0.236328125
0.5,241,33,65,0.2470703125
0.5,242,33,65,0.2548828125
0.5,243,33,65,0.2548828125
0.5,244,33,65,0.2607421875
0.5,245,33,65,0.2568359375
0.5,246,33,65,0.255859375
0.5,247,33,65,0.244140625
0.5,248,33,65,0.2685546875
0.5,249,33,65,0.26953125
0.5,250,33,65,0.2578125
0.5,251,33,65,0.2353515625
0.5,252,33,65,0.263671875
0.5,253,33,65,0.2587890625
0.5,254,33,65,0.2509765625
0.5,255,33,65,0.2685546875
0.75,0,17,33,0.28125
0.75,1,17,33,0.26953125
0.75,2,17,33,0.29296875
0.75,3,17,33,0.203125
0.75,4,17,33,0.22265625
0.75,5,17,33,0.2890625
0.75,6,17,33,0.265625
0.75,7,17,33,0.25390625
0.75,8,17,33,0.27734375
0.75,9,17,33,0.2578125
0.75,10,17,33,0.2421875
0.75,11,17,33,0.23046875
0.75,12,17,33,0.28125
0.75,13,17,33,0.26171875
0.75,14,17,33,0.2421875
0.75,15,17,33,0.25
0.75,16,17,33,0.2109375
0.75,17,17,33,0.24609375
0.75,18,17,33,0.20703125
0.75,19,17,33,0.32421875
0.75,20,17,33,0.23828125
0.75,21,17,33,0.296875
0.75,22,17,33,0.32421875
0.75,23,17,33,0.23046875
0.75,24,17,33,0.296875
0.75,25,17,33,0.22265625
0.75,26,17,33,0.26171875
0.75,27,17,33,0.26953125
0.75,28,17,33,0.19140625
0.75,29,17,33,0.28125
0.75,30,17,33,0.27734375
0.75,31,17,33,0.2890625
0.75,32,17,33,0.31640625
0.75,33,17,33,0.265625
0.75,34,17,33,0.2421875
0.75,35,17,33,0.26953125
0.75,36,17,33,0.23828125
0.75,37,17,33,0.2109375
0.75,38,17,33,0.26953125
0.75,39,17,33,0.25390625
0.75,40,17,33,0.2265625
0.75,41,17,33,0.20703125
0.75,42,17,33,0.2421875
0.75,43,17,33,0.23828125
0.75,44,17,33,0.234375
0.75,45,17,33,0.34375
0.75,46,17,33,0.21484375
0.75,47,17,33,0.27734375
0.75,48,17,33,0.2578125
0.75,49,17,33,0.3046875
0.75,50,17,33,0.28125
0.75,51,17,33,0.265625
0.75,52,17,33,0.2421875
0.75,53,17,33,0.23046875
0.75,54,17,33,0.3046875
0.75,55,17,33,0.2109375
0.75,56,17,33,0.21875
0.75,57,17,33,0.28125
0.75,58,17,33,0.2421875
0.75,59,17,33,0.27734375
0.75,60,17,33,0.2890625
0.75,61,17,33,0.2421875
0.75,62,17,33,0.29296875
0.75,63,17,33,0.2734375
0.75,64,17,33,0.27734375
0.75,65,17,33,0.26953125
0.75,66,17,33,0.28125
0.75,67,17,33,0.2109375
0.75,68,17,33,0.25390625
0.75,69,17,33,0.24609375
0.75,70,17,33,0.23828125
0.75,71,17,33,0.265625
0.75,72,17,33,0.24609375
0.75,73,17,33,0.28515625
0.75,74,17,33,0.25390625
0.75,75,17,33,0.21484375
0.75,76,17,33,0.2578125
0.75,77,17,33,0.24609375
0.75,78,17,33,0.2578125
0.75,79,17,33,0.23828125
0.75,80,17,33,0.25390625
0.75,81,17,33,0.25390625
0.75,82,17,33,0.265625
0.75,83,17,33,0.29296875
0.75,84,17,33,0.2890625
0.75,85,17,33,0.28515625
0.75,86,17,33,0.2890625
0.75,87,17,33,0.25390625
0.75,88,17,33,0.22265625
0.75,89,17,33,0.26171875
0.75,90,17,33,0.26171875
0.75,91,17,33,0.24609375
0.75,92,17,33,0.29296875
0.75,93,17,33,0.234375
0.75,94,17,33,0.21484375
0.75,95,17,33,0.27734375
0.75,96,17,33,0.24609375
0.75,97,17,33,0.2265625
0.75,98,17,33,0.2890625
0.75,99,17,33,0.21875
0.75,100,17,33,0.25390625
0.75,101,17,33,0.21875
0.75,102,17,33,0.26171875
0.75,103,17,33,0.265625
0.75,104,17,33,0.265625
0.75,105,17,33,0.26953125
0.75,106,17,33,0.2734375
0.75,107,17,33,0.26171875
0.75,108,17,33,0.2421875
0.75,109,17,33,0.29296875
0.75,110,17,33,0.23828125
0.75,111,17,33,0.234375
0.75,112,17,33,0.26171875
0.75,113,17,33,0.265625
0.75,114,17,33,0.25
0.75,115,17,33,0.26953125
0.75,116,17,33,0.24609375
0.75,117,17,33,0.25
0.75,118,17,33,0.25390625
0.75,119,17,33,0.19140625
0.75,120,17,33,0.234375
0.75,121,17,33,0.3046875
0.75,122,17,33,0.2421875
0.75,123,17,33,0.2421875
0.75,124,17,33,0.2265625
0.75,125,17,33,0.2421875
0.75,126,17,33,0.29296875
0.75,127,17,33,0.2265625
0.75,128,17,33,0.28515625
0.75,129,17,33,0.2421875
0.75,130,17,33,0.2734375
0.75,131,17,33,0.265625
0.75,132,17,33,0.2734375
0.75,133,17,33,0.27734375
0.75,134,17,33,0.29296875
0.75,135,17,33,0.24609375
0.75,136,17,33,0.26171875
0.75,137,17,33,0.2421875
0.75,138,17,33,0.25
0.75,139,17,33,0.2890625
0.75,140,17,33,0.2578125
0.75,141,17,33,0.26953125
0.75,142,17,33,0.26953125
0.75,143,17,33,0.28125
0.75,144,17,33,0.265625
0.75,145,17,33,0.25
0.75,146,17,33,0.2734375
0.75,147,17,33,0.28515625
0.75,148,17,33,0.21875
0.75,149,17,33,0.24609375
0.75,150,17,33,0.2421875
0.75,151,17,33,0.234375
0.75,152,17,33,0.26953125
0.75,153,17,33,0.25390625
0.75,154,17,33,0.2734375
0.75,155,17,33,0.23828125
0.75,156,17,33,0.28125
0.75,157,17,33,0.21875
0.75,158,17,33,0.22265625
0.75,159,17,33,0.3125
0.75,160,17,33,0.28125
0.75,161,17,33,0.24609375
0.75,162,17,33,0.25390625
0.75,163,17,33,0.23828125
0.75,164,17,33,0.28515625
0.75,165,17,33,0.2734375
0.75,166,17,33,0.25390625
0.75,167,17,33,0.23828125
0.75,168,17,33,0.23046875
0.75,169,17,33,0.2734375
0.75,170,17,33,0.24609375
0.75,171,17,33,0.2734375
0.75,172,17,33,0.27734375
0.75,173,17,33,0.328125
0.75,174,17,33,0.265625
0.75,175,17,33,0.25
0.75,176,17,33,0.25
0.75,177,17,33,0.25
0.75,178,17,33,0.2734375
0.75,179,17,33,0.2265625
0.75,180,17,33,0.2421875
0.75,181,17,33,0.234375
0.75,182,17,33,0.28125
0.75,183,17,33,0.26171875
0.75,184,17,33,0.26171875
0.75,185,17,33,0.31640625
0.75,186,17,33,0.26953125
0.75,187,17,33,0.23828125
0.75,188,17,33,0.234375
0.75,189,17,33,0.3046875
0.75,190,17,33,0.24609375
0.75,191,17,33,0.2265625
0.75,192,17,33,0.234375
0.75,193,17,33,0.23828125
0.75,194,17,33,0.26171875
0.75,195,17,33,0.2734375
0.75,196,17,33,0.26953125
0.75,197,17,33,0.265625
0.75,198,17,33,0.27734375
0.75,199,17,33,0.24609375
0.75,200,17,33,0.2421875
0.75,201,17,33,0.296875
0.75,202,17,33,0.2578125
0.75,203,17,33,0.2578125
0.75,204,17,33,0.28515625
0.75,205,17,33,0.24609375
0.75,206,17,33,0.19140625
0.75,207,17,33,0.265625
0.75,208,17,33,0.25390625
0.75,209,17,33,0.29296875
0.75,210,17,33,0.2734375
0.75,211,17,33,0.2578125
0.75,212,17,33,0.24609375
0.75,213,17,33,0.23828125
0.75,214,17,33,0.28125
0.75,215,17,33,0.24609375
0.75,216,17,33,0.2421875
0.75,217,17,33,0.234375
0.75,218,17,33,0.23828125
0.75,219,17,33,0.28125
0.75,220,17,33,0.24609375
0.75,221,17,33,0.328125
0.75,222,17,33,0.2109375
0.75,223,17,33,0.24609375
0.75,224,17,33,0.28125
0.75,225,17,33,0.29296875
0.75,226,17,33,0.2421875
0.75,227,17,33,0.25390625
0.75,228,17,33,0.27734375
0.75,229,17,33,0.23046875
0.75,230,17,33,0.26953125
0.75,231,17,33,0.23828125
0.75,232,17,33,0.2578125
0.75,233,17,33,0.234375
0.75,234,17,33,0.28125
0.75,235,17,33,0.2265625
0.75,236,17,33,0.28125
0.75,237,17,33,0.2421875
0.75,238,17,33,0.265625
0.75,239,17,33,0.25390625
0.75,240,17,33,0.23828125
0.75,241,17,33,0.23046875
0.75,242,17,33,0.25390625
0.75,243,17,33,0.24609375
0.75,244,17,33,0.25390625
0.75,245,17,33,0.24609375
0.75,246,17,33,0.2890625
0.75,247,17,33,0.27734375
0.75,248,17,33,0.28515625
0.75,249,17,33,0.22265625
0.75,250,17,33,0.265625
0.75,251,17,33,0.15234375
0.75,252,17,33,0.25
0.75,253,17,33,0.26953125
0.75,254,17,33,0.25
0.75,255,17,33,0.3125
0.75,0,17,65,0.2109375
0.75,1,17,65,0.22265625
0.75,2,17,65,0.25
0.75,3,17,65,0.20703125
0.75,4,17,65,0.234375
0.75,5,17,65,0.21484375
0.75,6,17,65,0.2109375
0.75,7,17,65,0.20703125
0.75,8,17,65,0.25390625
0.75,9,17,65,0.21875
0.75,10,17,65,0.25
0.75,11,17,65,0.1953125
0.75,12,17,65,0.21875
0.75,13,17,65,0.22265625
0.75,14,17,65,0.25390625
0.75,15,17,65,0.234375
0.75,16,17,65,0.203125
0.75,17,17,65,0.22265625
0.75,18,17,65,0.2265625
0.75,19,17,65,0.25
0.75,20,17,65,0.19140625
0.75,21,17,65,0.26171875
0.75,22,17,65,0.25
0.75,23,17,65,0.234375
0.75,24,17,65,0.23828125
0.75,25,17,65,0.26953125
0.75,26,17,65,0.23828125
0.75,27,17,65,0.28515625
0.75,28,17,65,0.2421875
0.75,29,17,65,0.26171875
0.75,30,17,65,0.28125
0.75,31,17,65,0.23046875
0.75,32,17,65,0.19921875
0.75,33,17,65,0.2109375
0.75,34,17,65,0.22265625
0.75,35,17,65,0.265625
0.75,36,17,65,0.234375
0.75,37,17,65,0.1796875
0.75,38,17,65,0.19921875
0.75,39,17,65,0.2734375
0.75,40,17,65,0.20703125
0.75,41,17,65,0.1953125
0.75,42,17,65,0.2109375
0.75,43,17,65,0.19921875
0.75,44,17,65,0.2421875
0.75,45,17,65,0.2109375
0.75,46,17,65,0.2265625
0.75,47,17,65,0.25390625
0.75,48,17,65,0.23046875
0.75,49,17,65,0.21484375
0.75,50,17,65,0.2109375
0.75,51,17,65,0.29296875
0.75,52,17,65,0.22265625
0.75,53,17,65,0.2265625
0.75,54,17,65,0.234375
0.75,55,17,65,0.23046875
0.75,56,17,65,0.22265625
0.75,57,17,65,0.24609375
0.75,58,17,65,0.24609375
0.75,59,17,65,0.2265625
0.75,60,17,65,0.203125
0.75,61,17,65,0.19921875
0.75,62,17,65,0.2421875
0.75,63,17,65,0.2578125
0.75,64,17,65,0.234375
0.75,65,17,65,0.23046875
0.75,66,17,65,0.26953125
0.75,67,17,65,0.22265625
0.75,68,17,65,0.2265625
0.75,69,17,65,0.2265625
0.75,70,17,65,0.26953125
0.75,71,17,65,0.265625
0.75,72,17,65,0.23828125
0.75,73,17,65,0.26171875
0.75,74,17,65,0.2421875
0.75,75,17,65,0.27734375
0.75,76,17,65,0.22265625
0.75,77,17,65,0.2421875
0.75,78,17,65,0.23046875
0.75,79,17,65,0.1875
0.75,80,17,65,0.24609375
0.75,81,17,65,0.20703125
0.75,82,17,65,0.2265625
0.75,83,17,65,0.23828125
0.75,84,17,65,0.26171875
0.75,85,17,65,0.23828125
0.75,86,17,65,0.234375
0.75,87,17,65,0.25
0.75,88,17,65,0.265625
0.75,89,17,65,0.2265625
0.75,90,17,65,0.19140625
0.75,91,17,65,0.20703125
0.75,92,17,65,0.2421875
0.75,93,17,65,0.21875
0.75,94,17,65,0.171875
0.75,95,17,65,0.2421875
0.75,96,17,65,0.2109375
0.75,97,17,65,0.22265625
0.75,98,17,65,0.25
0.75,99,17,65,0.21484375
0.75,100,17,65,0.24609375
0.75,101,17,65,0.19140625
0.75,102,17,65,0.25
0.75,103,17,65,0.234375
0.75,104,17,65,0.2265625
0.75,105,17,65,0.23828125
0.75,106,17,65,0.25
0.75,107,17,65,0.2734375
0.75,108,17,65,0.23046875
0.75,109,17,65,0.1953125
0.75,110,17,65,0.171875
0.75,111,17,65,0.2421875
0.75,112,17,65,0.2109375
0.75,113,17,65,0.25390625
0.75,114,17,65,0.203125
0.75,115,17,65,0.1875
0.75,116,17,65,0.1953125
0.75,117,17,65,0.28125
0.75,118,17,65,0.22265625
0.75,119,17,65,0.23828125
0.75,120,17,65,0.21875
0.75,121,17,65,0.21484375
0.75,122,17,65,0.21484375
0.75,123,17,65,0.25
0.75,124,17,65,0.2421875
0.75,125,17,65,0.25
0.75,126,17,65,0.20703125
0.75,127,17,65,0.22265625
0.75,128,17,65,0.2109375
0.75,129,17,65,0.2265625
0.75,130,17,65,0.22265625
0.75,131,17,65,0.22265625
0.75,132,17,65,0.2421875
0.75,133,17,65,0.23828125
0.75,134,17,65,0.23828125
0.75,135,17,65,0.2578125
0.75,136,17,65,0.2578125
0.75,137,17,65,0.2421875
0.75,138,17,65,0.2578125
0.75,139,17,65,0.24609375
0.75,140,17,65,0.24609375
0.75,141,17,65,0.23828125
0.75,142,17,65,0.24609375
0.75,143,17,65,0.25390625
0.75,144,17,65,0.26171875
0.75,145,17,65,0.29296875
0.75,146,17,65,0.25390625
0.75,147,17,65,0.234375
0.75,148,17,65,0.203125
0.75,149,17,65,0.23828125
0.75,150,17,65,0.22265625
0.75,151,17,65,0.25390625
0.75,152,17,65,0.26171875
0.75,153,17,65,0.23828125
0.75,154,17,65,0.28515625
0.75,155,17,65,0.23828125
0.75,156,17,65,0.19140625
0.75,157,17,65,0.2265625
0.75,158,17,65,0.234375
0.75,159,17,65,0.25
0.75,160,17,65,0.26953125
0.75,161,17,65,0.20703125
0.75,162,17,65,0.2109375
0.75,163,17,65,0.22265625
0.75,164,17,65,0.21875
0.75,165,17,65,0.2578125
0.75,166,17,65,0.20703125
0.75,167,17,65,0.20703125
0.75,168,17,65,0.2109375
0.75,169,17,65,0.24609375
0.75,170,17,65,0.22265625
0.75,171,17,65,0.20703125
0.75,172,17,65,0.21484375
0.75,173,17,65,0.265625
0.75,174,17,65,0.234375
0.75,175,17,65,0.19921875
0.75,176,17,65,0.21484375
0.75,177,17,65,0.21484375
0.75,178,17,65,0.22265625
0.75,179,17,65,0.30859375
0.75,180,17,65,0.2109375
0.75,181,17,65,0.18359375
0.75,182,17,65,0.2109375
0.75,183,17,65,0.26953125
0.75,184,17,65,0.19921875
0.75,185,17,65,0.23828125
0.75,186,17,65,0.24609375
0.75,187,17,65,0.23046875
0.75,188,17,65,0.23046875
0.75,189,17,65,0.1953125
0.75,190,17,65,0.23046875
0.75,191,17,65,0.18359375
0.75,192,17,65,0.2109375
0.75,193,17,65,0.25
0.75,194,17,65,0.22265625
0.75,195,17,65,0.234375
0.75,196,17,65,0.2421875
0.75,197,17,65,0.23828125
0.75,198,17,65,0.21875
0.75,199,17,65,0.26953125
0.75,200,17,65,0.21875
0.75,201,17,65,0.2734375
0.75,202,17,65,0.234375
0.75,203,17,65,0.203125
0.75,204,17,65,0.26171875
0.75,205,17,65,0.25
0.75,206,17,65,0.21484375
0.75,207,17,65,0.23046875
0.75,208,17,65,0.23046875
0.75,209,17,65,0.23046875
0.75,210,17,65,0.19921875
0.75,211,17,65,0.203125
0.75,212,17,65,0.20703125
0.75,213,17,65,0.2578125
0.75,214,17,65,0.2109375
0.75,215,17,65,0.22265625
0.75,216,17,65,0.23828125
0.75,217,17,65,0.2265625
0.75,218,17,65,0.171875
0.75,219,17,65,0.1796875
0.75,220,17,65,0.2109375
0.75,221,17,65,0.23046875
0.75,222,17,65,0.24609375
0.75,223,17,65,0.21484375
0.75,224,17,65,0.23828125
0.75,225,17,65,0.2421875
0.75,226,17,65,0.23046875
0.75,227,17,65,0.23046875
0.75,228,17,65,0.18359375
0.75,229,17,65,0.21875
0.75,230,17,65,0.26171875
0.75,231,17,65,0.23046875
0.75,232,17,65,0.234375
0.75,233,17,65,0.22265625
0.75,234,17,65,0.23828125
0.75,235,17,65,0.1953125
0.75,236,17,65,0.26171875
0.75,237,17,65,0.23046875
0.75,238,17,65,0.25
0.75,239,17,65,0.234375
0.75,240,17,65,0.2421875
0.75,241,17,65,0.2421875
0.75,242,17,65,0.21875
0.75,243,17,65,0.20703125
0.75,244,17,65,0.22265625
0.75,245,17,65,0.25
0.75,246,17,65,0.265625
0.75,247,17,65,0.2421875
0.75,248,17,65,0.23828125
0.75,249,17,65,0.203125
0.75,250,17,65,0.2109375
0.75,251,17,65,0.25
0.75,252,17,65,0.1953125
0.75,253,17,65,0.23046875
0.75,254,17,65,0.2734375
0.75,255,17,65,0.21484375
0.75,0,33,65,0.2294921875
0.75,1,33,65,0.23046875
0.75,2,33,65,0.2236328125
0.75,3,33,65,0.248046875
0.75,4,33,65,0.2431640625
0.75,5,33,65,0.22265625
0.75,6,33,65,0.205078125
0.75,7,33,65,0.2412109375
0.75,8,33,65,0.220703125
0.75,9,33,65,0.2353515625
0.75,10,33,65,0.2265625
0.75,11,33,65,0.232421875
0.75,12,33,65,0.2353515625
0.75,13,33,65,0.2314453125
0.75,14,33,65,0.228515625
0.75,15,33,65,0.24609375
0.75,16,33,65,0.2294921875
0.75,17,33,65,0.2333984375
0.75,18,33,65,0.234375
0.75,19,33,65,0.2177734375
0.75,20,33,65,0.2294921875
0.75,21,33,65,0.244140625
0.75,22,33,65,0.2119140625
0.75,23,33,65,0.22265625
0.75,24,33,65,0.2255859375
0.75,25,33,65,0.2314453125
0.75,26,33,65,0.2412109375
0.75,27,33,65,0.2255859375
0.75,28,33,65,0.2392578125
0.75,29,33,65,0.2421875
0.75,30,33,65,0.23828125
0.75,31,33,65,0.23046875
0.75,32,33,65,0.2060546875
0.75,33,33,65,0.21484375
0.75,34,33,65,0.2255859375
0.75,35,33,65,0.2353515625
0.75,36,33,65,0.224609375
0.75,37,33,65,0.234375
0.75,38,33,65,0.21875
0.75,39,33,65,0.228515625
0.75,40,33,65,0.2138671875
0.75,41,33,65,0.212890625
0.75,42,33,65,0.21875
0.75,43,33,65,0.21875
0.75,44,33,65,0.203125
0.75,45,33,65,0.216796875
0.75,46,33,65,0.208984375
0.75,47,33,65,0.244140625
0.75,48,33,65,0.232421875
0.75,49,33,65,0.2421875
0.75,50,33,65,0.208984375
0.75,51,33,65,0.2275390625
0.75,52,33,65,0.228515625
0.75,53,33,65,0.23046875
0.75,54,33,65,0.2275390625
0.75,55,33,65,0.2177734375
0.75,56,33,65,0.2412109375
0.75,57,33,65,0.2412109375
0.75,58,33,65,0.236328125
0.75,59,33,65,0.248046875
0.75,60,33,65,0.2236328125
0.75,61,33,65,0.2236328125
0.75,62,33,65,0.2109375
0.75,63,33,65,0.2353515625
0.75,64,33,65,0.2265625
0.75,65,33,65,0.2421875
0.75,66,33,65,0.2412109375
0.75,67,33,65,0.22265625
0.75,68,33,65,0.2060546875
0.75,69,33,65,0.23828125
0.75,70,33,65,0.24609375
0.75,71,33,65,0.263671875
0.75,72,33,65,0.216796875
0.75,73,33,65,0.236328125
0.75,74,33,65,0.21484375
0.75,75,33,65,0.21875
0.75,76,33,65,0.21875
0.75,77,33,65,0.2568359375
0.75,78,33,65,0.236328125
0.75,79,33,65,0.2236328125
0.75,80,33,65,0.2353515625
0.75,81,33,65,0.2158203125
0.75,82,33,65,0.2216796875
0.75,83,33,65,0.2373046875
0.75,84,33,65,0.22265625
0.75,85,33,65,0.232421875
0.75,86,33,65,0.224609375
0.75,87,33,65,0.236328125
0.75,88,33,65,0.2412109375
0.75,89,33,65,0.244140625
0.75,90,33,65,0.2021484375
0.75,91,33,65,0.197265625
0.75,92,33,65,0.2373046875
0.75,93,33,65,0.234375
0.75,94,33,65,0.21875
0.75,95,33,65,0.23046875
0.75,96,33,65,0.228515625
0.75,97,33,65,0.2177734375
0.75,98,33,65,0.224609375
0.75,99,33,65,0.2080078125
0.75,100,33,65,0.2236328125
0.75,101,33,65,0.2353515625
0.75,102,33,65,0.2353515625
0.75,103,33,65,0.2197265625
0.75,104,33,65,0.228515625
0.75,105,33,65,0.2333984375
0.75,106,33,65,0.2353515625
0.75,107,33,65,0.25
0.75,108,33,65,0.2265625
0.75,109,33,65,0.208984375
0.75,110,33,65,0.2470703125
0.75,111,33,65,0.23046875
0.75,112,33,65,0.2314453125
0.75,113,33,65,0.2216796875
0.75,114,33,65,0.2158203125
0.75,115,33,65,0.21484375
0.75,116,33,65,0.21875
0.75,117,33,65,0.240234375
0.75,118,33,65,0.2109375
0.75,119,33,65,0.224609375
0.75,120,33,65,0.21484375
0.75,121,33,65,0.2333984375
0.75,122,33,65,0.21484375
0.75,123,33,65,0.2412109375
0.75,124,33,65,0.2353515625
0.75,125,33,65,0.23046875
0.75,126,33,65,0.224609375
0.75,127,33,65,0.2119140625
0.75,128,33,65,0.2294921875
0.75,129,33,65,0.240234375
0.75,130,33,65,0.2265625
0.75,131,33,65,0.2333984375
0.75,132,33,65,0.2236328125
0.75,133,33,65,0.208984375
0.75,134,33,65,0.205078125
0.75,135,33,65,0.2314453125
0.75,136,33,65,0.2421875
0.75,137,33,65,0.2236328125
0.75,138,33,65,0.2509765625
0.75,139,33,65,0.2060546875
0.75,140,33,65,0.23046875
0.75,141,33,65,0.2265625
0.75,142,33,65,0.232421875
0.75,143,33,65,0.2255859375
0.75,144,33,65,0.1982421875
0.75,145,33,65,0.23828125
0.75,146,33,65,0.2236328125
0.75,147,33,65,0.2041015625
0.75,148,33,65,0.220703125
0.75,149,33,65,0.228515625
0.75,150,33,65,0.22265625
0.75,151,33,65,0.2548828125
0.75,152,33,65,0.22265625
0.75,153,33,65,0.22265625
0.75,154,33,65,0.2412109375
0.75,155,33,65,0.2236328125
0.75,156,33,65,0.2578125
0.75,157,33,65,0.2421875
0.75,158,33,65,0.2294921875
0.75,159,33,65,0.2265625
0.75,160,33,65,0.2666015625
0.75,161,33,65,0.2509765625
0.75,162,33,65,0.224609375
0.75,163,33,65,0.23828125
0.75,164,33,65,0.2001953125
0.75,165,33,65,0.203125
0.75,166,33,65,0.244140625
0.75,167,33,65,0.2216796875
0.75,168,33,65,0.2314453125
0.75,169,33,65,0.2421875
0.75,170,33,65,0.2265625
0.75,171,33,65,0.224609375
0.75,172,33,65,0.2216796875
0.75,173,33,65,0.234375
0.75,174,33,65,0.2294921875
0.75,175,33,65,0.240234375
0.75,176,33,65,0.2255859375
0.75,177,33,65,0.2353515625
0.75,178,33,65,0.248046875
0.75,179,33,65,0.2275390625
0.75,180,33,65,0.2197265625
0.75,181,33,65,0.2333984375
0.75,182,33,65,0.2333984375
0.75,183,33,65,0.236328125
0.75,184,33,65,0.2421875
0.75,185,33,65,0.2041015625
0.75,186,33,65,0.22265625
0.75,187,33,65,0.2294921875
0.75,188,33,65,0.21484375
0.75,189,33,65,0.2177734375
0.75,190,33,65,0.2373046875
0.75,191,33,65,0.23046875
0.75,192,33,65,0.2333984375
0.75,193,33,65,0.23046875
0.75,194,33,65,0.2216796875
0.75,195,33,65,0.2109375
0.75,196,33,65,0.24609375
0.75,197,33,65,0.2197265625
0.75,198,33,65,0.248046875
0.75,199,33,65,0.224609375
0.75,200,33,65,0.21875
0.75,201,33,65,0.224609375
0.75,202,33,65,0.224609375
0.75,203,33,65,0.220703125
0.75,204,33,65,0.212890625
0.75,205,33,65,0.234375
0.75,206,33,65,0.2255859375
0.75,207,33,65,0.232421875
0.75,208,33,65,0.2216796875
0.75,209,33,65,0.2158203125
0.75,210,33,65,0.2197265625
0.75,211,33,65,0.240234375
0.75,212,33,65,0.21484375
0.75,213,33,65,0.2353515625
0.75,214,33,65,0.2255859375
0.75,215,33,65,0.2216796875
0.75,216,33,65,0.24609375
0.75,217,33,65,0.2431640625
0.75,218,33,65,0.224609375
0.75,219,33,65,0.2109375
0.75,220,33,65,0.2294921875
0.75,221,33,65,0.220703125
0.75,222,33,65,0.2265625
0.75,223,33,65,0.2451171875
0.75,224,33,65,0.2265625
0.75,225,33,65,0.26171875
0.75,226,33,65,0.21875
0.75,227,33,65,0.236328125
0.75,228,33,65,0.2392578125
0.75,229,33,65,0.2314453125
0.75,230,33,65,0.220703125
0.75,231,33,65,0.2158203125
0.75,232,33,65,0.224609375
0.75,233,33,65,0.2275390625
0.75,234,33,65,0.2216796875
0.75,235,33,65,0.2275390625
0.75,236,33,65,0.2177734375
0.75,237,33,65,0.2412109375
0.75,238,33,65,0.232421875
0.75,239,33,65,0.2392578125
0.75,240,33,65,0.2255859375
0.75,241,33,65,0.2099609375
0.75,242,33,65,0.212890625
0.75,243,33,65,0.2197265625
0.75,244,33,65,0.2275390625
0.75,245,33,65,0.2158203125
0.75,246,33,65,0.236328125
0.75,247,33,65,0.23046875
0.75,248,33,65,0.2177734375
0.75,249,33,65,0.2333984375
0.75,250,33,65,0.2333984375
0.75,251,33,65,0.2314453125
0.75,252,33,65,0.224609375
0.75,253,33,65,0.2216796875
0.75,254,33,65,0.2275390625
0.75,255,33,65,0.2470703125
0.9,0,17,33,0.2109375
0.9,1,17,33,0.2265625
0.9,2,17,33,0.25
0.9,3,17,33,0.234375
0.9,4,17,33,0.234375
0.9,5,17,33,0.25390625
0.9,6,17,33,0.2890625
0.9,7,17,33,0.17578125
0.9,8,17,33,0.2578125
0.9,9,17,33,0.2578125
0.9,10,17,33,0.25
0.9,11,17,33,0.2734375
0.9,12,17,33,0.234375
0.9,13,17,33,0.2265625
0.9,14,17,33,0.2578125
0.9,15,17,33,0.23828125
0.9,16,17,33,0.22265625
0.9,17,17,33,0.22265625
0.9,18,17,33,0.2109375
0.9,19,17,33,0.2265625
0.9,20,17,33,0.25390625
0.9,21,17,33,0.23828125
0.9,22,17,33,0.20703125
0.9,23,17,33,0.234375
0.9,24,17,33,0.2578125
0.9,25,17,33,0.234375
0.9,26,17,33,0.296875
0.9,27,17,33,0.19921875
0.9,28,17,33,0.26953125
0.9,29,17,33,0.2265625
0.9,30,17,33,0.23828125
0.9,31,17,33,0.2734375
0.9,32,17,33,0.23828125
0.9,33,17,33,0.29296875
0.9,34,17,33,0.22265625
0.9,35,17,33,0.23046875
0.9,36,17,33,0.20703125
0.9,37,17,33,0.2109375
0.9,38,17,33,0.25
0.9,39,17,33,0.23046875
0.9,40,17,33,0.28125
0.9,41,17,33,0.234375
0.9,42,17,33,0.203125
0.9,43,17,33,0.2109375
0.9,44,17,33,0.24609375
0.9,45,17,33,0.25
0.9,46,17,33,0.22265625
0.9,47,17,33,0.25
0.9,48,17,33,0.17578125
0.9,49,17,33,0.1953125
0.9,50,17,33,0.2265625
0.9,51,17,33,0.23046875
0.9,52,17,33,0.234375
0.9,53,17,33,0.24609375
0.9,54,17,33,0.24609375
0.9,55,17,33,0.23046875
0.9,56,17,33,0.24609375
0.9,57,17,33,0.2421875
0.9,58,17,33,0.2421875
0.9,59,17,33,0.22265625
0.9,60,17,33,0.21484375
0.9,61,17,33,0.26953125
0.9,62,17,33,0.25
0.9,63,17,33,0.234375
0.9,64,17,33,0.25
0.9,65,17,33,0.2421875
0.9,66,17,33,0.23828125
0.9,67,17,33,0.2421875
0.9,68,17,33,0.20703125
0.9,69,17,33,0.23046875
0.9,70,17,33,0.234375
0.9,71,17,33,0.18359375
0.9,72,17,33,0.2109375
0.9,73,17,33,0.26953125
0.9,74,17,33,0.26171875
0.9,75,17,33,0.2734375
0.9,76,17,33,0.25390625
0.9,77,17,33,0.21875
0.9,78,17,33,0.2421875
0.9,79,17,33,0.2734375
0.9,80,17,33,0.25
0.9,81,17,33,0.25
0.9,82,17,33,0.21484375
0.9,83,17,33,0.25390625
0.9,84,17,33,0.2265625
0.9,85,17,33,0.29296875
0.9,86,17,33,0.21484375
0.9,87,17,33,0.2734375
0.9,88,17,33,0.203125
0.9,89,17,33,0.203125
0.9,90,17,33,0.25390625
0.9,91,17,33,0.23046875
0.9,92,17,33,0.27734375
0.9,93,17,33,0.2578125
0.9,94,17,33,0.25
0.9,95,17,33,0.28125
0.9,96,17,33,0.24609375
0.9,97,17,33,0.27734375
0.9,98,17,33,0.21875
0.9,99,17,33,0.22265625
0.9,100,17,33,0.2421875
0.9,101,17,33,0.2421875
0.9,102,17,33,0.25
0.9,103,17,33,0.2421875
0.9,104,17,33,0.28515625
0.9,105,17,33,0.1953125
0.9,106,17,33,0.1875
0.9,107,17,33,0.203125
0.9,108,17,33,0.2109375
0.9,109,17,33,0.3046875
0.9,110,17,33,0.26171875
0.9,111,17,33,0.25390625
0.9,112,17,33,0.2265625
0.9,113,17,33,0.26171875
0.9,114,17,33,0.203125
0.9,115,17,33,0.23828125
0.9,116,17,33,0.22265625
0.9,117,17,33,0.25
0.9,118,17,33,0.22265625
0.9,119,17,33,0.26171875
0.9,120,17,33,0.23046875
0.9,121,17,33,0.296875
0.9,122,17,33,0.25
0.9,123,17,33,0.22265625
0.9,124,17,33,0.234375
0.9,125,17,33,0.27734375
0.9,126,17,33,0.22265625
0.9,127,17,33,0.23046875
0.9,128,17,33,0.23828125
0.9,129,17,33,0.21484375
0.9,130,17,33,0.265625
0.9,131,17,33,0.22265625
0.9,132,17,33,0.20703125
0.9,133,17,33,0.30078125
0.9,134,17,33,0.2109375
0.9,135,17,33,0.26171875
0.9,136,17,33,0.21875
0.9,137,17,33,0.203125
0.9,138,17,33,0.2421875
0.9,139,17,33,0.24609375
0.9,140,17,33,0.23046875
0.9,141,17,33,0.19140625
0.9,142,17,33,0.21875
0.9,143,17,33,0.2265625
0.9,144,17,33,0.25390625
0.9,145,17,33,0.19921875
0.9,146,17,33,0.23046875
0.9,147,17,33,0.23046875
0.9,148,17,33,0.2578125
0.9,149,17,33,0.23828125
0.9,150,17,33,0.1953125
0.9,151,17,33,0.24609375
0.9,152,17,33,0.2265625
0.9,153,17,33,0.2421875
0.9,154,17,33,0.21875
0.9,155,17,33,0.23046875
0.9,156,17,33,0.20703125
0.9,157,17,33,0.234375
0.9,158,17,33,0.19921875
0.9,159,17,33,0.2265625
0.9,160,17,33,0.24609375
0.9,161,17,33,0.2734375
0.9,162,17,33,0.26171875
0.9,163,17,33,0.2109375
0.9,164,17,33,0.19140625
0.9,165,17,33,0.3203125
0.9,166,17,33,0.25390625
0.9,167,17,33,0.2265625
0.9,168,17,33,0.328125
0.9,169,17,33,0.26171875
0.9,170,17,33,0.22265625
0.9,171,17,33,0.203125
0.9,172,17,33,0.25390625
0.9,173,17,33,0.23046875
0.9,174,17,33,0.23828125
0.9,175,17,33,0.23828125
0.9,176,17,33,0.25
0.9,177,17,33,0.21484375
0.9,178,17,33,0.234375
0.9,179,17,33,0.2578125
0.9,180,17,33,0.25
0.9,181,17,33,0.234375
0.9,182,17,33,0.24609375
0.9,183,17,33,0.24609375
0.9,184,17,33,0.234375
0.9,185,17,33,0.2578125
0.9,186,17,33,0.23828125
0.9,187,17,33,0.26171875
0.9,188,17,33,0.27734375
0.9,189,17,33,0.26953125
0.9,190,17,33,0.26953125
0.9,191,17,33,0.23828125
0.9,192,17,33,0.30078125
0.9,193,17,33,0.2265625
0.9,194,17,33,0.234375
0.9,195,17,33,0.234375
0.9,196,17,33,0.25
0.9,197,17,33,0.1953125
0.9,198,17,33,0.22265625
0.9,199,17,33,0.1875
0.9,200,17,33,0.23828125
0.9,201,17,33,0.24609375
0.9,202,17,33,0.22265625
0.9,203,17,33,0.2734375
0.9,204,17,33,0.25
0.9,205,17,33,0.1796875
0.9,206,17,33,0.234375
0.9,207,17,33,0.2109375
0.9,208,17,33,0.2890625
0.9,209,17,33,0.25390625
0.9,210,17,33,0.21484375
0.9,211,17,33,0.21875
0.9,212,17,33,0.2578125
0.9,213,17,33,0.23046875
0.9,214,17,33,0.20703125
0.9,215,17,33,0.21484375
0.9,216,17,33,0.19921875
0.9,217,17,33,0.2578125
0.9,218,17,33,0.27734375
0.9,219,17,33,0.21484375
0.9,220,17,33,0.265625
0.9,221,17,33,0.22265625
0.9,222,17,33,0.2109375
0.9,223,17,33,0.19921875
0.9,224,17,33,0.2890625
0.9,225,17,33,0.234375
0.9,226,17,33,0.234375
0.9,227,17,33,0.22265625
0.9,228,17,33,0.19140625
0.9,229,17,33,0.24609375
0.9,230,17,33,0.24609375
0.9,231,17,33,0.22265625
0.9,232,17,33,0.2421875
0.9,233,17,33,0.25390625
0.9,234,17,33,0.20703125
0.9,235,17,33,0.23046875
0.9,236,17,33,0.22265625
0.9,237,17,33,0.2109375
0.9,238,17,33,0.24609375
0.9,239,17,33,0.25
0.9,240,17,33,0.23828125
0.9,241,17,33,0.2421875
0.9,242,17,33,0.20703125
0.9,243,17,33,0.19921875
0.9,244,17,33,0.23828125
0.9,245,17,33,0.26171875
0.9,246,17,33,0.23046875
0.9,247,17,33,0.18359375
0.9,248,17,33,0.2734375
0.9,249,17,33,0.27734375
0.9,250,17,33,0.234375
0.9,251,17,33,0.25
0.9,252,17,33,0.24609375
0.9,253,17,33,0.23046875
0.9,254,17,33,0.21875
0.9,255,17,33,0.25390625
0.9,0,17,65,0.1875
0.9,1,17,65,0.21875
0.9,2,17,65,0.17578125
0.9,3,17,65,0.22265625
0.9,4,17,65,0.203125
0.9,5,17,65,0.20703125
0.9,6,17,65,0.19140625
0.9,7,17,65,0.21484375
0.9,8,17,65,0.1875
0.9,9,17,65,0.20703125
0.9,10,17,65,0.19921875
0.9,11,17,65,0.20703125
0.9,12,17,65,0.234375
0.9,13,17,65,0.21875
0.9,14,17,65,0.1796875
0.9,15,17,65,0.23046875
0.9,16,17,65,0.19140625
0.9,17,17,65,0.171875
0.9,18,17,65,0.2109375
0.9,19,17,65,0.1875
0.9,20,17,65,0.1875
0.9,21,17,65,0.20703125
0.9,22,17,65,0.203125
0.9,23,17,65,0.2109375
0.9,24,17,65,0.25
0.9,25,17,65,0.171875
0.9,26,17,65,0.20703125
0.9,27,17,65,0.1875
0.9,28,17,65,0.171875
0.9,29,17,65,0.234375
0.9,30,17,65,0.21484375
0.9,31,17,65,0.25
0.9,32,17,65,0.19921875
0.9,33,17,65,0.21484375
0.9,34,17,65,0.19921875
0.9,35,17,65,0.22265625
0.9,36,17,65,0.17578125
0.9,37,17,65,0.1953125
0.9,38,17,65,0.23046875
0.9,39,17,65,0.22265625
0.9,40,17,65,0.20703125
0.9,41,17,65,0.19140625
0.9,42,17,65,0.18359375
0.9,43,17,65,0.19921875
0.9,44,17,65,0.21875
0.9,45,17,65,0.24609375
0.9,46,17,65,0.234375
0.9,47,17,65,0.234375
0.9,48,17,65,0.19140625
0.9,49,17,65,0.16796875
0.9,50,17,65,0.2265625
0.9,51,17,65,0.2265625
0.9,52,17,65,0.23828125
0.9,53,17,65,0.18359375
0.9,54,17,65,0.15625
0.9,55,17,65,0.20703125
0.9,56,17,65,0.2109375
0.9,57,17,65,0.18359375
0.9,58,17,65,0.21484375
0.9,59,17,65,0.21875
0.9,60,17,65,0.19921875
0.9,61,17,65,0.1796875
0.9,62,17,65,0.23828125
0.9,63,17,65,0.203125
0.9,64,17,65,0.234375
0.9,65,17,65,0.234375
0.9,66,17,65,0.20703125
0.9,67,17,65,0.1953125
0.9,68,17,65,0.2109375
0.9,69,17,65,0.19921875
0.9,70,17,65,0.19921875
0.9,71,17,65,0.22265625
0.9,72,17,65,0.1953125
0.9,73,17,65,0.21484375
0.9,74,17,65,0.21875
0.9,75,17,65,0.19140625
0.9,76,17,65,0.1796875
0.9,77,17,65,0.2109375
0.9,78,17,65,0.16796875
0.9,79,17,65,0.23828125
0.9,80,17,65,0.1875
0.9,81,17,65,0.2109375
0.9,82,17,65,0.203125
0.9,83,17,65,0.1875
0.9,84,17,65,0.23046875
0.9,85,17,65,0.2421875
0.9,86,17,65,0.21484375
0.9,87,17,65,0.20703125
0.9,88,17,65,0.16796875
0.9,89,17,65,0.19921875
0.9,90,17,65,0.2109375
0.9,91,17,65,0.17578125
0.9,92,17,65,0.21875
0.9,93,17,65,0.21484375
0.9,94,17,65,0.21484375
0.9,95,17,65,0.27734375
0.9,96,17,65,0.23828125
0.9,97,17,65,0.23828125
0.9,98,17,65,0.18359375
0.9,99,17,65,0.16796875
0.9,100,17,65,0.203125
0.9,101,17,65,0.21484375
0.9,102,17,65,0.16796875
0.9,103,17,65,0.19140625
0.9,104,17,65,0.203125
0.9,105,17,65,0.19140625
0.9,106,17,65,0.19921875
0.9,107,17,65,0.25390625
0.9,108,17,65,0.19140625
0.9,109,17,65,0.2109375
0.9,110,17,65,0.23828125
0.9,111,17,65,0.2421875
0.9,112,17,65,0.23828125
0.9,113,17,65,0.25
0.9,114,17,65,0.21875
0.9,115,17,65,0.2265625
0.9,116,17,65,0.1875
0.9,117,17,65,0.24609375
0.9,118,17,65,0.1640625
0.9,119,17,65,0.1953125
0.9,120,17,65,0.19921875
0.9,121,17,65,0.25390625
0.9,122,17,65,0.26171875
0.9,123,17,65,0.234375
0.9,124,17,65,0.20703125
0.9,125,17,65,0.21875
0.9,126,17,65,0.18359375
0.9,127,17,65,0.19921875
0.9,128,17,65,0.2265625
0.9,129,17,65,0.203125
0.9,130,17,65,0.2265625
0.9,131,17,65,0.171875
0.9,132,17,65,0.19140625
0.9,133,17,65,0.203125
0.9,134,17,65,0.2109375
0.9,135,17,65,0.2109375
0.9,136,17,65,0.17578125
0.9,137,17,65,0.19140625
0.9,138,17,65,0.19921875
0.9,139,17,65,0.22265625
0.9,140,17,65,0.1796875
0.9,141,17,65,0.2109375
0.9,142,17,65,0.19140625
0.9,143,17,65,0.22265625
0.9,144,17,65,0.203125
0.9,145,17,65,0.1953125
0.9,146,17,65,0.2109375
0.9,147,17,65,0.1796875
0.9,148,17,65,0.19921875
0.9,149,17,65,0.203125
0.9,150,17,65,0.17578125
0.9,151,17,65,0.1953125
0.9,152,17,65,0.16015625
0.9,153,17,65,0.20703125
0.9,154,17,65,0.23046875
0.9,155,17,65,0.26953125
0.9,156,17,65,0.18359375
0.9,157,17,65,0.21484375
0.9,158,17,65,0.1484375
0.9,159,17,65,0.22265625
0.9,160,17,65,0.2734375
0.9,161,17,65,0.2265625
0.9,162,17,65,0.26171875
0.9,163,17,65,0.1875
0.9,164,17,65,0.15625
0.9,165,17,65,0.26171875
0.9,166,17,65,0.1640625
0.9,167,17,65,0.171875
0.9,168,17,65,0.19921875
0.9,169,17,65,0.23828125
0.9,170,17,65,0.21484375
0.9,171,17,65,0.203125
0.9,172,17,65,0.22265625
0.9,173,17,65,0.23046875
0.9,174,17,65,0.203125
0.9,175,17,65,0.19140625
0.9,176,17,65,0.23828125
0.9,177,17,65,0.19921875
0.9,178,17,65,0.19140625
0.9,179,17,65,0.203125
0.9,180,17,65,0.21875
0.9,181,17,65,0.234375
0.9,182,17,65,0.2109375
0.9,183,17,65,0.203125
0.9,184,17,65,0.171875
0.9,185,17,65,0.23046875
0.9,186,17,65,0.203125
0.9,187,17,65,0.171875
0.9,188,17,65,0.20703125
0.9,189,17,65,0.19921875
0.9,190,17,65,0.20703125
0.9,191,17,65,0.16796875
0.9,192,17,65,0.1953125
0.9,193,17,65,0.16796875
0.9,194,17,65,0.20703125
0.9,195,17,65,0.203125
0.9,196,17,65,0.24609375
0.9,197,17,65,0.16015625
0.9,198,17,65,0.1953125
0.9,199,17,65,0.1875
0.9,200,17,65,0.21875
0.9,201,17,65,0.1875
0.9,202,17,65,0.19140625
0.9,203,17,65,0.18359375
0.9,204,17,65,0.21484375
0.9,205,17,65,0.19140625
0.9,206,17,65,0.19921875
0.9,207,17,65,0.21875
0.9,208,17,65,0.23828125
0.9,209,17,65,0.234375
0.9,210,17,65,0.21484375
0.9,211,17,65,0.1953125
0.9,212,17,65,0.1640625
0.9,213,17,65,0.15625
0.9,214,17,65,0.18359375
0.9,215,17,65,0.1796875
0.9,216,17,65,0.203125
0.9,217,17,65,0.23046875
0.9,218,17,65,0.203125
0.9,219,17,65,0.25
0.9,220,17,65,0.17578125
0.9,221,17,65,0.1640625
0.9,222,17,65,0.21484375
0.9,223,17,65,0.171875
0.9,224,17,65,0.23828125
0.9,225,17,65,0.23046875
0.9,226,17,65,0.22265625
0.9,227,17,65,0.21875
0.9,228,17,65,0.24609375
0.9,229,17,65,0.23046875
0.9,230,17,65,0.1640625
0.9,231,17,65,0.18359375
0.9,232,17,65,0.19140625
0.9,233,17,65,0.1796875
0.9,234,17,65,0.1875
0.9,235,17,65,0.23046875
0.9,236,17,65,0.20703125
0.9,237,17,65,0.1796875
0.9,238,17,65,0.21484375
0.9,239,17,65,0.19921875
0.9,240,17,65,0.19140625
0.9,241,17,65,0.17578125
0.9,242,17,65,0.21875
0.9,243,17,65,0.15625
0.9,244,17,65,0.2265625
0.9,245,17,65,0.203125
0.9,246,17,65,0.1875
0.9,247,17,65,0.21875
0.9,248,17,65,0.19921875
0.9,249,17,65,0.1796875
0.9,250,17,65,0.20703125
0.9,251,17,65,0.19140625
0.9,252,17,65,0.24609375
0.9,253,17,65,0.20703125
0.9,254,17,65,0.21484375
0.9,255,17,65,0.25390625
0.9,0,33,65,0.19921875
0.9,1,33,65,0.2333984375
0.9,2,33,65,0.2255859375
0.9,3,33,65,0.2197265625
0.9,4,33,65,0.2158203125
0.9,5,33,65,0.2294921875
0.9,6,33,65,0.185546875
0.9,7,33,65,0.2265625
0.9,8,33,65,0.197265625
0.9,9,33,65,0.197265625
0.9,10,33,65,0.2275390625
0.9,11,33,65,0.2177734375
0.9,12,33,65,0.205078125
0.9,13,33,65,0.2353515625
0.9,14,33,65,0.208984375
0.9,15,33,65,0.1943359375
0.9,16,33,65,0.2060546875
0.9,17,33,65,0.2255859375
0.9,18,33,65,0.2265625
0.9,19,33,65,0.1953125
0.9,20,33,65,0.2021484375
0.9,21,33,65,0.2412109375
0.9,22,33,65,0.1845703125
0.9,23,33,65,0.2080078125
0.9,24,33,65,0.20703125
0.9,25,33,65,0.1943359375
0.9,26,33,65,0.1904296875
0.9,27,33,65,0.224609375
0.9,28,33,65,0.216796875
0.9,29,33,65,0.20703125
0.9,30,33,65,0.2099609375
0.9,31,33,65,0.2001953125
0.9,32,33,65,0.205078125
0.9,33,33,65,0.2041015625
0.9,34,33,65,0.2041015625
0.9,35,33,65,0.2158203125
0.9,36,33,65,0.2158203125
0.9,37,33,65,0.201171875
0.9,38,33,65,0.220703125
0.9,39,33,65,0.20703125
0.9,40,33,65,0.2216796875
0.9,41,33,65,0.212890625
0.9,42,33,65,0.212890625
0.9,43,33,65,0.2294921875
0.9,44,33,65,0.2138671875
0.9,45,33,65,0.23828125
0.9,46,33,65,0.224609375
0.9,47,33,65,0.2001953125
0.9,48,33,65,0.224609375
0.9,49,33,65,0.19921875
0.9,50,33,65,0.2314453125
0.9,51,33,65,0.224609375
0.9,52,33,65,0.2119140625
0.9,53,33,65,0.2255859375
0.9,54,33,65,0.2021484375
0.9,55,33,65,0.2138671875
0.9,56,33,65,0.2001953125
0.9,57,33,65,0.2255859375
0.9,58,33,65,0.2158203125
0.9,59,33,65,0.2177734375
0.9,60,33,65,0.19921875
0.9,61,33,65,0.21484375
0.9,62,33,65,0.22265625
0.9,63,33,65,0.2236328125
0.9,64,33,65,0.201171875
0.9,65,33,65,0.224609375
0.9,66,33,65,0.2177734375
0.9,67,33,65,0.197265625
0.9,68,33,65,0.22265625
0.9,69,33,65,0.2314453125
0.9,70,33,65,0.2021484375
0.9,71,33,65,0.23828125
0.9,72,33,65,0.234375
0.9,73,33,65,0.220703125
0.9,74,33,65,0.193359375
0.9,75,33,65,0.1904296875
0.9,76,33,65,0.205078125
0.9,77,33,65,0.216796875
0.9,78,33,65,0.2109375
0.9,79,33,65,0.18359375
0.9,80,33,65,0.2216796875
0.9,81,33,65,0.2080078125
0.9,82,33,65,0.2041015625
0.9,83,33,65,0.2099609375
0.9,84,33,65,0.228515625
0.9,85,33,65,0.208984375
0.9,86,33,65,0.2138671875
0.9,87,33,65,0.2060546875
0.9,88,33,65,0.2021484375
0.9,89,33,65,0.1904296875
0.9,90,33,65,0.197265625
0.9,91,33,65,0.203125
0.9,92,33,65,0.208984375
0.9,93,33,65,0.2236328125
0.9,94,33,65,0.203125
0.9,95,33,65,0.21875
0.9,96,33,65,0.23046875
0.9,97,33,65,0.216796875
0.9,98,33,65,0.2373046875
0.9,99,33,65,0.2158203125
0.9,100,33,65,0.2138671875
0.9,101,33,65,0.20703125
0.9,102,33,65,0.1865234375
0.9,103,33,65,0.193359375
0.9,104,33,65,0.2158203125
0.9,105,33,65,0.2197265625
0.9,106,33,65,0.21875
0.9,107,33,65,0.232421875
0.9,108,33,65,0.1845703125
0.9,109,33,65,0.1982421875
0.9,110,33,65,0.2158203125
0.9,111,33,65,0.2177734375
0.9,112,33,65,0.2158203125
0.9,113,33,65,0.228515625
0.9,114,33,65,0.208984375
0.9,115,33,65,0.2099609375
0.9,116,33,65,0.2021484375
0.9,117,33,65,0.205078125
0.9,118,33,65,0.2373046875
0.9,119,33,65,0.2001953125
0.9,120,33,65,0.220703125
0.9,121,33,65,0.212890625
0.9,122,33,65,0.2060546875
0.9,123,33,65,0.220703125
0.9,124,33,65,0.201171875
0.9,125,33,65,0.20703125
0.9,126,33,65,0.203125
0.9,127,33,65,0.2109375
0.9,128,33,65,0.2138671875
0.9,129,33,65,0.2392578125
0.9,130,33,65,0.21875
0.9,131,33,65,0.1982421875
0.9,132,33,65,0.2314453125
0.9,133,33,65,0.2060546875
0.9,134,33,65,0.2255859375
0.9,135,33,65,0.203125
0.9,136,33,65,0.181640625
0.9,137,33,65,0.20703125
0.9,138,33,65,0.1943359375
0.9,139,33,65,0.203125
0.9,140,33,65,0.205078125
0.9,141,33,65,0.208984375
0.9,142,33,65,0.2080078125
0.9,143,33,65,0.203125
0.9,144,33,65,0.208984375
0.9,145,33,65,0.19140625
0.9,146,33,65,0.2265625
0.9,147,33,65,0.203125
0.9,148,33,65,0.2158203125
0.9,149,33,65,0.20703125
0.9,150,33,65,0.22265625
0.9,151,33,65,0.1982421875
0.9,152,33,65,0.2138671875
0.9,153,33,65,0.2373046875
0.9,154,33,65,0.21484375
0.9,155,33,65,0.2314453125
0.9,156,33,65,0.203125
0.9,157,33,65,0.220703125
0.9,158,33,65,0.216796875
0.9,159,33,65,0.2373046875
0.9,160,33,65,0.220703125
0.9,161,33,65,0.1953125
0.9,162,33,65,0.2138671875
0.9,163,33,65,0.2314453125
0.9,164,33,65,0.21484375
0.9,165,33,65,0.2138671875
0.9,166,33,65,0.2080078125
0.9,167,33,65,0.2314453125
0.9,168,33,65,0.1923828125
0.9,169,33,65,0.2109375
0.9,170,33,65,0.2177734375
0.9,171,33,65,0.232421875
0.9,172,33,65,0.203125
0.9,173,33,65,0.216796875
0.9,174,33,65,0.2099609375
0.9,175,33,65,0.2138671875
0.9,176,33,65,0.224609375
0.9,177,33,65,0.2041015625
0.9,178,33,65,0.2197265625
0.9,179,33,65,0.216796875
0.9,180,33,65,0.1904296875
0.9,181,33,65,0.2197265625
0.9,182,33,65,0.224609375
0.9,183,33,65,0.23046875
0.9,184,33,65,0.2109375
0.9,185,33,65,0.19140625
0.9,186,33,65,0.2001953125
0.9,187,33,65,0.2197265625
0.9,188,33,65,0.1826171875
0.9,189,33,65,0.212890625
0.9,190,33,65,0.2041015625
0.9,191,33,65,0.212890625
0.9,192,33,65,0.2265625
0.9,193,33,65,0.205078125
0.9,194,33,65,0.2412109375
0.9,195,33,65,0.19921875
0.9,196,33,65,0.2451171875
0.9,197,33,65,0.2041015625
0.9,198,33,65,0.2197265625
0.9,199,33,65,0.2099609375
0.9,200,33,65,0.2158203125
0.9,201,33,65,0.1982421875
0.9,202,33,65,0.201171875
0.9,203,33,65,0.2001953125
0.9,204,33,65,0.2333984375
0.9,205,33,65,0.2294921875
0.9,206,33,65,0.193359375
0.9,207,33,65,0.2314453125
0.9,208,33,65,0.228515625
0.9,209,33,65,0.2158203125
0.9,210,33,65,0.2060546875
0.9,211,33,65,0.21875
0.9,212,33,65,0.1923828125
0.9,213,33,65,0.212890625
0.9,214,33,65,0.1953125
0.9,215,33,65,0.2119140625
0.9,216,33,65,0.22265625
0.9,217,33,65,0.201171875
0.9,218,33,65,0.2021484375
0.9,219,33,65,0.2236328125
0.9,220,33,65,0.181640625
0.9,221,33,65,0.197265625
0.9,222,33,65,0.228515625
0.9,223,33,65,0.201171875
0.9,224,33,65,0.212890625
0.9,225,33,65,0.212890625
0.9,226,33,65,0.2080078125
0.9,227,33,65,0.2314453125
0.9,228,33,65,0.2080078125
0.9,229,33,65,0.2236328125
0.9,230,33,65,0.2099609375
0.9,231,33,65,0.205078125
0.9,232,33,65,0.216796875
0.9,233,33,65,0.216796875
0.9,234,33,65,0.2119140625
0.9,235,33,65,0.224609375
0.9,236,33,65,0.23046875
0.9,237,33,65,0.2333984375
0.9,238,33,65,0.2333984375
0.9,239,33,65,0.2041015625
0.9,240,33,65,0.2001953125
0.9,241,33,65,0.2109375
0.9,242,33,65,0.2021484375
0.9,243,33,65,0.220703125
0.9,244,33,65,0.2353515625
0.9,245,33,65,0.1943359375
0.9,246,33,65,0.2216796875
0.9,247,33,65,0.212890625
0.9,248,33,65,0.212890625
0.9,249,33,65,0.1982421875
0.9,250,33,65,0.21484375
0.9,251,33,65,0.212890625
0.9,252,33,65,0.2021484375
0.9,253,33,65,0.2041015625
0.9,254,33,65,0.2041015625
0.9,255,33,65,0.2109375
