hurst,sample_id,grid_size,periodic_resolution,estimated_hurst,vertex_count,edge_count,odd_degree_vertex_count,odd_degree_vertex_fraction,chromatic_number,main_diagonal_fraction,neighbor_diagonal_sign_agreement,mean_absolute_mixed_curvature
0.25,0,9,32,0.32312363386154175,82,240,30,0.3658536374568939,4,0.53125,0.2857142984867096,1.423193097114563
0.25,1,9,32,0.3455159366130829,82,240,38,0.46341460943222046,4,0.53125,0.4196428656578064,1.0671334266662598
0.25,2,9,32,0.3535415530204773,82,240,32,0.39024388790130615,4,0.484375,0.3035714328289032,1.2517964839935303
0.25,3,9,32,0.34065183997154236,82,240,40,0.4878048598766327,4,0.53125,0.4375000298023224,1.130210518836975
0.25,4,9,32,0.3716893196105957,82,240,30,0.3658536374568939,4,0.5,0.3035714328289032,1.1599829196929932
0.25,5,9,32,0.38227570056915283,82,240,34,0.4146341383457184,4,0.5,0.3660714328289032,1.2249970436096191
0.25,6,9,32,0.2967025339603424,82,240,30,0.3658536374568939,4,0.46875,0.2857142984867096,1.348300576210022
0.25,7,9,32,0.322404682636261,82,240,34,0.4146341383457184,4,0.546875,0.3482142984867096,1.2224082946777344
0.25,8,9,32,0.29213598370552063,82,240,26,0.31707316637039185,4,0.515625,0.3125,1.4497369527816772
0.25,9,9,32,0.3634640872478485,82,240,36,0.4390243887901306,4,0.546875,0.392857164144516,1.2143299579620361
0.25,10,9,32,0.3445398509502411,82,240,26,0.31707316637039185,4,0.53125,0.3035714328289032,1.170562505722046
0.25,11,9,32,0.3480369448661804,82,240,32,0.39024388790130615,4,0.515625,0.330357164144516,1.0433461666107178
0.25,12,9,32,0.36281663179397583,82,240,36,0.4390243887901306,4,0.53125,0.4196428656578064,1.3358467817306519
0.25,13,9,32,0.40449678897857666,82,240,32,0.39024388790130615,4,0.546875,0.330357164144516,1.0745813846588135
0.25,14,9,32,0.42186853289604187,82,240,48,0.5853658318519592,4,0.46875,0.4642857313156128,0.7947272658348083
0.25,15,9,32,0.362155020236969,82,240,38,0.46341460943222046,4,0.515625,0.3392857313156128,1.095007300376892
0.25,0,17,32,0.32312363386154175,290,864,128,0.4413793087005615,4,0.51953125,0.3812500238418579,1.034710168838501
0.25,1,17,32,0.3455159366130829,290,864,122,0.4206896424293518,4,0.51171875,0.37916669249534607,0.8860552310943604
0.25,2,17,32,0.3535415530204773,290,864,128,0.4413793087005615,4,0.50390625,0.3958333432674408,0.8262438774108887
0.25,3,17,32,0.34065183997154236,290,864,108,0.3724137842655182,4,0.50390625,0.34791669249534607,0.8922497630119324
0.25,4,17,32,0.3716893196105957,290,864,134,0.46206897497177124,4,0.4921875,0.37708336114883423,0.9268444776535034
0.25,5,17,32,0.38227570056915283,290,864,130,0.4482758641242981,4,0.48046875,0.3854166865348816,0.8552581071853638
0.25,6,17,32,0.2967025339603424,290,864,128,0.4413793087005615,4,0.4921875,0.4166666865348816,0.980455219745636
0.25,7,17,32,0.322404682636261,290,864,124,0.4275861978530884,4,0.5234375,0.37708336114883423,1.0576443672180176
0.25,8,17,32,0.29213598370552063,290,864,116,0.4000000059604645,4,0.51171875,0.3645833432674408,1.0338025093078613
0.25,9,17,32,0.3634640872478485,290,864,140,0.48275861144065857,4,0.53125,0.40000003576278687,0.8262755870819092
0.25,10,17,32,0.3445398509502411,290,864,108,0.3724137842655182,4,0.51953125,0.3604166805744171,0.8444093465805054
0.25,11,17,32,0.3480369448661804,290,864,110,0.37931033968925476,4,0.4921875,0.33541667461395264,0.8426033854484558
0.25,12,17,32,0.36281663179397583,290,864,118,0.40689656138420105,4,0.47265625,0.37708336114883423,1.0121281147003174
0.25,13,17,32,0.40449678897857666,290,864,106,0.3655172288417816,4,0.4609375,0.37291669845581055,0.8243192434310913
0.25,14,17,32,0.42186853289604187,290,864,128,0.4413793087005615,4,0.5078125,0.3750000298023224,0.7603863477706909
0.25,15,17,32,0.362155020236969,290,864,114,0.3931034505367279,4,0.4921875,0.3291666805744171,0.7805831432342529
0.25,0,33,32,0.32312363386154175,1090,3264,548,0.5027523040771484,4,0.4892578125,0.4521169364452362,0.590300440788269
0.25,1,33,32,0.3455159366130829,1090,3264,524,0.4807339608669281,4,0.5048828125,0.4183467626571655,0.5761107206344604
0.25,2,33,32,0.3535415530204773,1090,3264,486,0.4458715617656708,4,0.4970703125,0.41532257199287415,0.5299680233001709
0.25,3,33,32,0.34065183997154236,1090,3264,504,0.4623853266239166,4,0.4990234375,0.41633063554763794,0.5492345094680786
0.25,4,33,32,0.3716893196105957,1090,3264,526,0.48256880044937134,4,0.4873046875,0.43145158886909485,0.5365523099899292
0.25,5,33,32,0.38227570056915283,1090,3264,514,0.47155964374542236,4,0.5029296875,0.41431450843811035,0.5051859021186829
0.25,6,33,32,0.2967025339603424,1090,3264,500,0.4587155878543854,4,0.505859375,0.44556450843811035,0.5972681641578674
0.25,7,33,32,0.322404682636261,1090,3264,516,0.473394513130188,4,0.5126953125,0.41885077953338623,0.61226487159729
0.25,8,33,32,0.29213598370552063,1090,3264,516,0.473394513130188,4,0.486328125,0.4400201439857483,0.6228752136230469
0.25,9,33,32,0.3634640872478485,1090,3264,540,0.4954128563404083,4,0.5126953125,0.4551411271095276,0.5084153413772583
0.25,10,33,32,0.3445398509502411,1090,3264,502,0.460550457239151,4,0.48828125,0.41885077953338623,0.5199963450431824
0.25,11,33,32,0.3480369448661804,1090,3264,526,0.48256880044937134,4,0.4931640625,0.4107862710952759,0.5276921987533569
0.25,12,33,32,0.36281663179397583,1090,3264,472,0.4330275356769562,4,0.498046875,0.41280239820480347,0.5628777742385864
0.25,13,33,32,0.40449678897857666,1090,3264,504,0.4623853266239166,4,0.5068359375,0.4183467626571655,0.48878541588783264
0.25,14,33,32,0.42186853289604187,1090,3264,476,0.43669724464416504,4,0.486328125,0.4228830635547638,0.45754608511924744
0.25,15,33,32,0.362155020236969,1090,3264,482,0.4422018527984619,4,0.4990234375,0.4264112710952759,0.5188558101654053
0.75,0,9,32,0.5883175134658813,82,240,36,0.4390243887901306,4,0.5,0.4017857313156128,0.7548496127128601
0.75,1,9,32,0.6435348987579346,82,240,28,0.3414633870124817,4,0.5,0.3214285969734192,0.6327407360076904
0.75,2,9,32,0.6678568124771118,82,240,38,0.46341460943222046,4,0.625,0.5089285969734192,0.5961065292358398
0.75,3,9,32,0.5669296979904175,82,240,42,0.5121951103210449,4,0.546875,0.4910714626312256,0.7870364785194397
0.75,4,9,32,0.625599205493927,82,240,40,0.4878048598766327,4,0.53125,0.4285714626312256,0.9314117431640625
0.75,5,9,32,0.6110751628875732,82,240,30,0.3658536374568939,4,0.546875,0.3750000298023224,0.6461300849914551
0.75,6,9,32,0.6384288668632507,82,240,40,0.4878048598766327,4,0.515625,0.3839285969734192,0.6260249018669128
0.75,7,9,32,0.49988576769828796,82,240,44,0.5365853309631348,4,0.53125,0.4375000298023224,1.2703406810760498
0.75,8,9,32,0.5753523111343384,82,240,36,0.4390243887901306,4,0.484375,0.3750000298023224,0.950274646282196
0.75,9,9,32,0.6042564511299133,82,240,40,0.4878048598766327,4,0.453125,0.4375000298023224,0.7772549390792847
0.75,10,9,32,0.6871447563171387,82,240,36,0.4390243887901306,4,0.5625,0.455357164144516,0.5930760502815247
0.75,11,9,32,0.7227275371551514,82,240,34,0.4146341383457184,4,0.484375,0.392857164144516,0.6430736184120178
0.75,12,9,32,0.5370916724205017,82,240,36,0.4390243887901306,4,0.5,0.3839285969734192,0.990832507610321
0.75,13,9,32,0.709729790687561,82,240,26,0.31707316637039185,4,0.5625,0.3839285969734192,0.6238455176353455
0.75,14,9,32,0.6858707666397095,82,240,32,0.39024388790130615,4,0.5,0.4017857313156128,0.7526923418045044
0.75,15,9,32,0.7196535468101501,82,240,34,0.4146341383457184,4,0.515625,0.4285714626312256,0.5579140782356262
0.75,0,17,32,0.5883175134658813,290,864,148,0.5103448033332825,4,0.4921875,0.45625001192092896,0.44026923179626465
0.75,1,17,32,0.6435348987579346,290,864,148,0.5103448033332825,4,0.53125,0.4125000238418579,0.405381441116333
0.75,2,17,32,0.6678568124771118,290,864,132,0.45517241954803467,4,0.49609375,0.43125003576278687,0.34963688254356384
0.75,3,17,32,0.5669296979904175,290,864,138,0.475862056016922,4,0.515625,0.42916667461395264,0.5280942916870117
0.75,4,17,32,0.625599205493927,290,864,146,0.5034482479095459,4,0.4921875,0.43958336114883423,0.5035794377326965
0.75,5,17,32,0.6110751628875732,290,864,122,0.4206896424293518,4,0.4921875,0.3958333432674408,0.40012848377227783
0.75,6,17,32,0.6384288668632507,290,864,130,0.4482758641242981,4,0.51953125,0.37708336114883423,0.3667451739311218
0.75,7,17,32,0.49988576769828796,290,864,148,0.5103448033332825,4,0.48046875,0.42500001192092896,0.6913766860961914
0.75,8,17,32,0.5753523111343384,290,864,148,0.5103448033332825,4,0.5078125,0.4437500238418579,0.5279900431632996
0.75,9,17,32,0.6042564511299133,290,864,132,0.45517241954803467,4,0.49609375,0.43125003576278687,0.4769505262374878
0.75,10,17,32,0.6871447563171387,290,864,140,0.48275861144065857,4,0.52734375,0.460416704416275,0.32491177320480347
0.75,11,17,32,0.7227275371551514,290,864,122,0.4206896424293518,4,0.47265625,0.44583335518836975,0.34786754846572876
0.75,12,17,32,0.5370916724205017,290,864,142,0.48965516686439514,4,0.51953125,0.45000001788139343,0.5463230609893799
0.75,13,17,32,0.709729790687561,290,864,138,0.475862056016922,4,0.51953125,0.43958336114883423,0.31320008635520935
0.75,14,17,32,0.6858707666397095,290,864,126,0.43448275327682495,4,0.48046875,0.43958336114883423,0.4053537845611572
0.75,15,17,32,0.7196535468101501,290,864,134,0.46206897497177124,4,0.50390625,0.4375000298023224,0.29543009400367737
0.75,0,33,32,0.5883175134658813,1090,3264,546,0.5009174346923828,4,0.4951171875,0.47933465242385864,0.2373574674129486
0.75,1,33,32,0.6435348987579346,1090,3264,554,0.5082569122314453,4,0.4970703125,0.4964717626571655,0.19702090322971344
0.75,2,33,32,0.6678568124771118,1090,3264,556,0.5100917220115662,4,0.4921875,0.484375,0.17502199113368988
0.75,3,33,32,0.5669296979904175,1090,3264,542,0.49724769592285156,4,0.5029296875,0.49042338132858276,0.25903916358947754
0.75,4,33,32,0.625599205493927,1090,3264,514,0.47155964374542236,4,0.50390625,0.48135077953338623,0.23714259266853333
0.75,5,33,32,0.6110751628875732,1090,3264,552,0.5064220428466797,4,0.51171875,0.47731852531433105,0.20445933938026428
0.75,6,33,32,0.6384288668632507,1090,3264,528,0.48440366983413696,4,0.484375,0.4838709533214569,0.19309380650520325
0.75,7,33,32,0.49988576769828796,1090,3264,542,0.49724769592285156,4,0.482421875,0.49697577953338623,0.31760910153388977
0.75,8,33,32,0.5753523111343384,1090,3264,554,0.5082569122314453,4,0.4873046875,0.4692540168762207,0.24805358052253723
0.75,9,33,32,0.6042564511299133,1090,3264,566,0.5192660689353943,4,0.5068359375,0.47782257199287415,0.2305472195148468
0.75,10,33,32,0.6871447563171387,1090,3264,532,0.4880734086036682,4,0.5,0.46421369910240173,0.16967809200286865
0.75,11,33,32,0.7227275371551514,1090,3264,526,0.48256880044937134,4,0.498046875,0.4879032075405121,0.15870051085948944
0.75,12,33,32,0.5370916724205017,1090,3264,528,0.48440366983413696,4,0.5,0.4682459533214569,0.27969202399253845
0.75,13,33,32,0.709729790687561,1090,3264,538,0.4935779869556427,4,0.49609375,0.4853830635547638,0.1537484973669052
0.75,14,33,32,0.6858707666397095,1090,3264,552,0.5064220428466797,4,0.513671875,0.5065523982048035,0.18338724970817566
0.75,15,33,32,0.7196535468101501,1090,3264,552,0.5064220428466797,4,0.5048828125,0.4994959533214569,0.14536228775978088
