atlas_index,vertex_count,edge_count,observable,spectrum_minimum,negative_coefficient_count,translation_kernel_psd
1,1,0,2^nullity,2,0,True
1,1,0,3^nullity,3,0,True
1,1,0,strict_maximum_indicator,1,0,True
3,2,1,2^nullity,2,0,True
3,2,1,3^nullity,6,0,True
3,2,1,strict_maximum_indicator,1,0,True
6,3,2,2^nullity,2,0,True
6,3,2,3^nullity,12,0,True
6,3,2,strict_maximum_indicator,1,0,True
7,3,3,2^nullity,0,0,True
7,3,3,3^nullity,6,0,True
7,3,3,strict_maximum_indicator,1,0,True
13,4,3,2^nullity,2,0,True
13,4,3,3^nullity,24,0,True
13,4,3,strict_maximum_indicator,1,0,True
14,4,3,2^nullity,2,0,True
14,4,3,3^nullity,24,0,True
14,4,3,strict_maximum_indicator,1,0,True
15,4,4,2^nullity,0,0,True
15,4,4,3^nullity,12,0,True
15,4,4,strict_maximum_indicator,1,0,True
16,4,4,2^nullity,0,0,True
16,4,4,3^nullity,24,0,True
16,4,4,strict_maximum_indicator,0,0,True
17,4,5,2^nullity,0,0,True
17,4,5,3^nullity,6,0,True
17,4,5,strict_maximum_indicator,1,0,True
18,4,6,2^nullity,0,0,True
18,4,6,3^nullity,6,0,True
18,4,6,strict_maximum_indicator,0,0,True
29,5,4,2^nullity,2,0,True
29,5,4,3^nullity,48,0,True
29,5,4,strict_maximum_indicator,1,0,True
30,5,4,2^nullity,2,0,True
30,5,4,3^nullity,48,0,True
30,5,4,strict_maximum_indicator,1,0,True
31,5,4,2^nullity,2,0,True
31,5,4,3^nullity,48,0,True
31,5,4,strict_maximum_indicator,1,0,True
34,5,5,2^nullity,0,0,True
34,5,5,3^nullity,24,0,True
34,5,5,strict_maximum_indicator,1,0,True
35,5,5,2^nullity,0,0,True
35,5,5,3^nullity,24,0,True
35,5,5,strict_maximum_indicator,1,0,True
36,5,5,2^nullity,0,0,True
36,5,5,3^nullity,24,0,True
36,5,5,strict_maximum_indicator,1,0,True
37,5,5,2^nullity,0,0,True
37,5,5,3^nullity,48,0,True
37,5,5,strict_maximum_indicator,0,0,True
38,5,5,2^nullity,0,0,True
38,5,5,3^nullity,30,0,True
38,5,5,strict_maximum_indicator,1,0,True
40,5,6,2^nullity,0,0,True
40,5,6,3^nullity,12,0,True
40,5,6,strict_maximum_indicator,1,0,True
41,5,6,2^nullity,0,0,True
41,5,6,3^nullity,12,0,True
41,5,6,strict_maximum_indicator,1,0,True
42,5,6,2^nullity,0,0,True
42,5,6,3^nullity,12,0,True
42,5,6,strict_maximum_indicator,1,0,True
43,5,6,2^nullity,0,0,True
43,5,6,3^nullity,24,0,True
43,5,6,strict_maximum_indicator,0,0,True
44,5,6,2^nullity,0,0,True
44,5,6,3^nullity,24,0,True
44,5,6,strict_maximum_indicator,-1,24,False
45,5,7,2^nullity,0,0,True
45,5,7,3^nullity,12,0,True
45,5,7,strict_maximum_indicator,0,0,True
46,5,7,2^nullity,0,0,True
46,5,7,3^nullity,6,0,True
46,5,7,strict_maximum_indicator,1,0,True
47,5,7,2^nullity,0,0,True
47,5,7,3^nullity,6,0,True
47,5,7,strict_maximum_indicator,1,0,True
48,5,7,2^nullity,0,0,True
48,5,7,3^nullity,-6,2,False
48,5,7,strict_maximum_indicator,-2,16,False
49,5,8,2^nullity,0,0,True
49,5,8,3^nullity,-30,2,False
49,5,8,strict_maximum_indicator,0,0,True
50,5,8,2^nullity,0,0,True
50,5,8,3^nullity,-12,4,False
50,5,8,strict_maximum_indicator,-2,32,False
51,5,9,2^nullity,0,0,True
51,5,9,3^nullity,-30,24,False
51,5,9,strict_maximum_indicator,0,0,True
77,6,5,2^nullity,2,0,True
77,6,5,3^nullity,96,0,True
77,6,5,strict_maximum_indicator,1,0,True
78,6,5,2^nullity,2,0,True
78,6,5,3^nullity,96,0,True
78,6,5,strict_maximum_indicator,1,0,True
79,6,5,2^nullity,2,0,True
79,6,5,3^nullity,96,0,True
79,6,5,strict_maximum_indicator,1,0,True
80,6,5,2^nullity,2,0,True
80,6,5,3^nullity,96,0,True
80,6,5,strict_maximum_indicator,1,0,True
81,6,5,2^nullity,2,0,True
81,6,5,3^nullity,96,0,True
81,6,5,strict_maximum_indicator,1,0,True
83,6,5,2^nullity,2,0,True
83,6,5,3^nullity,96,0,True
83,6,5,strict_maximum_indicator,1,0,True
92,6,6,2^nullity,0,0,True
92,6,6,3^nullity,48,0,True
92,6,6,strict_maximum_indicator,1,0,True
93,6,6,2^nullity,0,0,True
93,6,6,3^nullity,48,0,True
93,6,6,strict_maximum_indicator,1,0,True
94,6,6,2^nullity,0,0,True
94,6,6,3^nullity,48,0,True
94,6,6,strict_maximum_indicator,1,0,True
95,6,6,2^nullity,0,0,True
95,6,6,3^nullity,48,0,True
95,6,6,strict_maximum_indicator,1,0,True
96,6,6,2^nullity,0,0,True
96,6,6,3^nullity,96,0,True
96,6,6,strict_maximum_indicator,0,0,True
97,6,6,2^nullity,0,0,True
97,6,6,3^nullity,48,0,True
97,6,6,strict_maximum_indicator,1,0,True
98,6,6,2^nullity,0,0,True
98,6,6,3^nullity,96,0,True
98,6,6,strict_maximum_indicator,0,0,True
99,6,6,2^nullity,0,0,True
99,6,6,3^nullity,96,0,True
99,6,6,strict_maximum_indicator,0,0,True
100,6,6,2^nullity,0,0,True
100,6,6,3^nullity,48,0,True
100,6,6,strict_maximum_indicator,1,0,True
102,6,6,2^nullity,0,0,True
102,6,6,3^nullity,48,0,True
102,6,6,strict_maximum_indicator,1,0,True
103,6,6,2^nullity,0,0,True
103,6,6,3^nullity,96,0,True
103,6,6,strict_maximum_indicator,0,0,True
104,6,6,2^nullity,0,0,True
104,6,6,3^nullity,60,0,True
104,6,6,strict_maximum_indicator,1,0,True
105,6,6,2^nullity,0,0,True
105,6,6,3^nullity,72,0,True
105,6,6,strict_maximum_indicator,0,0,True
111,6,7,2^nullity,0,0,True
111,6,7,3^nullity,24,0,True
111,6,7,strict_maximum_indicator,1,0,True
112,6,7,2^nullity,0,0,True
112,6,7,3^nullity,24,0,True
112,6,7,strict_maximum_indicator,1,0,True
113,6,7,2^nullity,0,0,True
113,6,7,3^nullity,24,0,True
113,6,7,strict_maximum_indicator,1,0,True
114,6,7,2^nullity,0,0,True
114,6,7,3^nullity,24,0,True
114,6,7,strict_maximum_indicator,1,0,True
115,6,7,2^nullity,0,0,True
115,6,7,3^nullity,24,0,True
115,6,7,strict_maximum_indicator,1,0,True
117,6,7,2^nullity,0,0,True
117,6,7,3^nullity,24,0,True
117,6,7,strict_maximum_indicator,1,0,True
118,6,7,2^nullity,0,0,True
118,6,7,3^nullity,48,0,True
118,6,7,strict_maximum_indicator,0,0,True
119,6,7,2^nullity,0,0,True
119,6,7,3^nullity,24,0,True
119,6,7,strict_maximum_indicator,1,0,True
120,6,7,2^nullity,0,0,True
120,6,7,3^nullity,24,0,True
120,6,7,strict_maximum_indicator,1,0,True
121,6,7,2^nullity,0,0,True
121,6,7,3^nullity,48,0,True
121,6,7,strict_maximum_indicator,-1,48,False
122,6,7,2^nullity,0,0,True
122,6,7,3^nullity,48,0,True
122,6,7,strict_maximum_indicator,0,0,True
123,6,7,2^nullity,0,0,True
123,6,7,3^nullity,24,0,True
123,6,7,strict_maximum_indicator,1,0,True
124,6,7,2^nullity,0,0,True
124,6,7,3^nullity,48,0,True
124,6,7,strict_maximum_indicator,0,0,True
125,6,7,2^nullity,0,0,True
125,6,7,3^nullity,48,0,True
125,6,7,strict_maximum_indicator,-1,48,False
126,6,7,2^nullity,0,0,True
126,6,7,3^nullity,48,0,True
126,6,7,strict_maximum_indicator,0,0,True
127,6,7,2^nullity,0,0,True
127,6,7,3^nullity,30,0,True
127,6,7,strict_maximum_indicator,1,0,True
128,6,7,2^nullity,0,0,True
128,6,7,3^nullity,48,0,True
128,6,7,strict_maximum_indicator,0,0,True
129,6,7,2^nullity,0,0,True
129,6,7,3^nullity,54,0,True
129,6,7,strict_maximum_indicator,0,0,True
130,6,7,2^nullity,0,0,True
130,6,7,3^nullity,24,0,True
130,6,7,strict_maximum_indicator,1,0,True
133,6,8,2^nullity,0,0,True
133,6,8,3^nullity,24,0,True
133,6,8,strict_maximum_indicator,0,0,True
134,6,8,2^nullity,0,0,True
134,6,8,3^nullity,24,0,True
134,6,8,strict_maximum_indicator,0,0,True
135,6,8,2^nullity,0,0,True
135,6,8,3^nullity,12,0,True
135,6,8,strict_maximum_indicator,1,0,True
136,6,8,2^nullity,0,0,True
136,6,8,3^nullity,12,0,True
136,6,8,strict_maximum_indicator,1,0,True
137,6,8,2^nullity,0,0,True
137,6,8,3^nullity,12,0,True
137,6,8,strict_maximum_indicator,1,0,True
138,6,8,2^nullity,0,0,True
138,6,8,3^nullity,12,0,True
138,6,8,strict_maximum_indicator,1,0,True
139,6,8,2^nullity,0,0,True
139,6,8,3^nullity,12,0,True
139,6,8,strict_maximum_indicator,1,0,True
140,6,8,2^nullity,0,0,True
140,6,8,3^nullity,-24,4,False
140,6,8,strict_maximum_indicator,-2,32,False
141,6,8,2^nullity,0,0,True
141,6,8,3^nullity,-24,4,False
141,6,8,strict_maximum_indicator,-2,32,False
142,6,8,2^nullity,0,0,True
142,6,8,3^nullity,24,0,True
142,6,8,strict_maximum_indicator,0,0,True
143,6,8,2^nullity,0,0,True
143,6,8,3^nullity,-24,4,False
143,6,8,strict_maximum_indicator,-2,32,False
144,6,8,2^nullity,0,0,True
144,6,8,3^nullity,12,0,True
144,6,8,strict_maximum_indicator,1,0,True
145,6,8,2^nullity,0,0,True
145,6,8,3^nullity,24,0,True
145,6,8,strict_maximum_indicator,0,0,True
146,6,8,2^nullity,0,0,True
146,6,8,3^nullity,24,0,True
146,6,8,strict_maximum_indicator,-2,64,False
147,6,8,2^nullity,0,0,True
147,6,8,3^nullity,24,0,True
147,6,8,strict_maximum_indicator,0,0,True
148,6,8,2^nullity,0,0,True
148,6,8,3^nullity,24,0,True
148,6,8,strict_maximum_indicator,0,0,True
149,6,8,2^nullity,0,0,True
149,6,8,3^nullity,24,0,True
149,6,8,strict_maximum_indicator,-1,96,False
150,6,8,2^nullity,0,0,True
150,6,8,3^nullity,12,0,True
150,6,8,strict_maximum_indicator,1,0,True
151,6,8,2^nullity,0,0,True
151,6,8,3^nullity,24,0,True
151,6,8,strict_maximum_indicator,-1,64,False
152,6,8,2^nullity,0,0,True
152,6,8,3^nullity,24,0,True
152,6,8,strict_maximum_indicator,0,0,True
153,6,8,2^nullity,0,0,True
153,6,8,3^nullity,18,0,True
153,6,8,strict_maximum_indicator,0,0,True
154,6,8,2^nullity,0,0,True
154,6,8,3^nullity,-24,4,False
154,6,8,strict_maximum_indicator,-2,56,False
156,6,9,2^nullity,0,0,True
156,6,9,3^nullity,-120,4,False
156,6,9,strict_maximum_indicator,0,0,True
157,6,9,2^nullity,0,0,True
157,6,9,3^nullity,-120,4,False
157,6,9,strict_maximum_indicator,0,0,True
158,6,9,2^nullity,0,0,True
158,6,9,3^nullity,-48,8,False
158,6,9,strict_maximum_indicator,-2,64,False
159,6,9,2^nullity,0,0,True
159,6,9,3^nullity,-48,8,False
159,6,9,strict_maximum_indicator,-2,64,False
160,6,9,2^nullity,0,0,True
160,6,9,3^nullity,-120,4,False
160,6,9,strict_maximum_indicator,0,0,True
161,6,9,2^nullity,0,0,True
161,6,9,3^nullity,6,0,True
161,6,9,strict_maximum_indicator,1,0,True
162,6,9,2^nullity,0,0,True
162,6,9,3^nullity,6,0,True
162,6,9,strict_maximum_indicator,1,0,True
163,6,9,2^nullity,0,0,True
163,6,9,3^nullity,6,0,True
163,6,9,strict_maximum_indicator,1,0,True
164,6,9,2^nullity,0,0,True
164,6,9,3^nullity,6,0,True
164,6,9,strict_maximum_indicator,1,0,True
165,6,9,2^nullity,0,0,True
165,6,9,3^nullity,12,0,True
165,6,9,strict_maximum_indicator,0,0,True
166,6,9,2^nullity,0,0,True
166,6,9,3^nullity,-30,8,False
166,6,9,strict_maximum_indicator,-2,64,False
167,6,9,2^nullity,0,0,True
167,6,9,3^nullity,6,0,True
167,6,9,strict_maximum_indicator,1,0,True
168,6,9,2^nullity,0,0,True
168,6,9,3^nullity,-30,12,False
168,6,9,strict_maximum_indicator,-2,64,False
169,6,9,2^nullity,0,0,True
169,6,9,3^nullity,12,0,True
169,6,9,strict_maximum_indicator,0,0,True
170,6,9,2^nullity,0,0,True
170,6,9,3^nullity,-30,12,False
170,6,9,strict_maximum_indicator,-3,192,False
171,6,9,2^nullity,0,0,True
171,6,9,3^nullity,6,0,True
171,6,9,strict_maximum_indicator,-2,64,False
172,6,9,2^nullity,0,0,True
172,6,9,3^nullity,-30,7,False
172,6,9,strict_maximum_indicator,-2,64,False
173,6,9,2^nullity,0,0,True
173,6,9,3^nullity,-30,16,False
173,6,9,strict_maximum_indicator,-3,192,False
174,6,9,2^nullity,0,0,True
174,6,9,3^nullity,12,0,True
174,6,9,strict_maximum_indicator,-2,64,False
177,6,10,2^nullity,0,0,True
177,6,10,3^nullity,-120,48,False
177,6,10,strict_maximum_indicator,0,0,True
178,6,10,2^nullity,0,0,True
178,6,10,3^nullity,-120,48,False
178,6,10,strict_maximum_indicator,0,0,True
179,6,10,2^nullity,0,0,True
179,6,10,3^nullity,-150,12,False
179,6,10,strict_maximum_indicator,0,0,True
180,6,10,2^nullity,0,0,True
180,6,10,3^nullity,-150,16,False
180,6,10,strict_maximum_indicator,0,0,True
181,6,10,2^nullity,0,0,True
181,6,10,3^nullity,-150,16,False
181,6,10,strict_maximum_indicator,0,0,True
182,6,10,2^nullity,0,0,True
182,6,10,3^nullity,-60,20,False
182,6,10,strict_maximum_indicator,-2,128,False
183,6,10,2^nullity,0,0,True
183,6,10,3^nullity,-150,8,False
183,6,10,strict_maximum_indicator,0,0,True
184,6,10,2^nullity,0,0,True
184,6,10,3^nullity,-60,15,False
184,6,10,strict_maximum_indicator,-2,128,False
185,6,10,2^nullity,0,0,True
185,6,10,3^nullity,-150,32,False
185,6,10,strict_maximum_indicator,-4,64,False
186,6,10,2^nullity,0,0,True
186,6,10,3^nullity,-60,28,False
186,6,10,strict_maximum_indicator,-5,384,False
187,6,10,2^nullity,0,0,True
187,6,10,3^nullity,-18,5,False
187,6,10,strict_maximum_indicator,-4,192,False
188,6,10,2^nullity,0,0,True
188,6,10,3^nullity,-30,45,False
188,6,10,strict_maximum_indicator,-5,352,False
190,6,10,2^nullity,0,0,True
190,6,10,3^nullity,-60,24,False
190,6,10,strict_maximum_indicator,-3,384,False
270,7,6,2^nullity,2,0,True
270,7,6,3^nullity,192,0,True
270,7,6,strict_maximum_indicator,1,0,True
271,7,6,2^nullity,2,0,True
271,7,6,3^nullity,192,0,True
271,7,6,strict_maximum_indicator,1,0,True
272,7,6,2^nullity,2,0,True
272,7,6,3^nullity,192,0,True
272,7,6,strict_maximum_indicator,1,0,True
273,7,6,2^nullity,2,0,True
273,7,6,3^nullity,192,0,True
273,7,6,strict_maximum_indicator,1,0,True
274,7,6,2^nullity,2,0,True
274,7,6,3^nullity,192,0,True
274,7,6,strict_maximum_indicator,1,0,True
276,7,6,2^nullity,2,0,True
276,7,6,3^nullity,192,0,True
276,7,6,strict_maximum_indicator,1,0,True
278,7,6,2^nullity,2,0,True
278,7,6,3^nullity,192,0,True
278,7,6,strict_maximum_indicator,1,0,True
279,7,6,2^nullity,2,0,True
279,7,6,3^nullity,192,0,True
279,7,6,strict_maximum_indicator,1,0,True
280,7,6,2^nullity,2,0,True
280,7,6,3^nullity,192,0,True
280,7,6,strict_maximum_indicator,1,0,True
284,7,6,2^nullity,2,0,True
284,7,6,3^nullity,192,0,True
284,7,6,strict_maximum_indicator,1,0,True
286,7,6,2^nullity,2,0,True
286,7,6,3^nullity,192,0,True
286,7,6,strict_maximum_indicator,1,0,True
314,7,7,2^nullity,0,0,True
314,7,7,3^nullity,96,0,True
314,7,7,strict_maximum_indicator,1,0,True
315,7,7,2^nullity,0,0,True
315,7,7,3^nullity,96,0,True
315,7,7,strict_maximum_indicator,1,0,True
316,7,7,2^nullity,0,0,True
316,7,7,3^nullity,96,0,True
316,7,7,strict_maximum_indicator,1,0,True
317,7,7,2^nullity,0,0,True
317,7,7,3^nullity,96,0,True
317,7,7,strict_maximum_indicator,1,0,True
318,7,7,2^nullity,0,0,True
318,7,7,3^nullity,96,0,True
318,7,7,strict_maximum_indicator,1,0,True
319,7,7,2^nullity,0,0,True
319,7,7,3^nullity,192,0,True
319,7,7,strict_maximum_indicator,0,0,True
320,7,7,2^nullity,0,0,True
320,7,7,3^nullity,96,0,True
320,7,7,strict_maximum_indicator,1,0,True
321,7,7,2^nullity,0,0,True
321,7,7,3^nullity,96,0,True
321,7,7,strict_maximum_indicator,1,0,True
322,7,7,2^nullity,0,0,True
322,7,7,3^nullity,192,0,True
322,7,7,strict_maximum_indicator,0,0,True
324,7,7,2^nullity,0,0,True
324,7,7,3^nullity,96,0,True
324,7,7,strict_maximum_indicator,1,0,True
325,7,7,2^nullity,0,0,True
325,7,7,3^nullity,192,0,True
325,7,7,strict_maximum_indicator,0,0,True
326,7,7,2^nullity,0,0,True
326,7,7,3^nullity,96,0,True
326,7,7,strict_maximum_indicator,1,0,True
327,7,7,2^nullity,0,0,True
327,7,7,3^nullity,192,0,True
327,7,7,strict_maximum_indicator,0,0,True
328,7,7,2^nullity,0,0,True
328,7,7,3^nullity,96,0,True
328,7,7,strict_maximum_indicator,1,0,True
329,7,7,2^nullity,0,0,True
329,7,7,3^nullity,96,0,True
329,7,7,strict_maximum_indicator,1,0,True
331,7,7,2^nullity,0,0,True
331,7,7,3^nullity,96,0,True
331,7,7,strict_maximum_indicator,1,0,True
332,7,7,2^nullity,0,0,True
332,7,7,3^nullity,192,0,True
332,7,7,strict_maximum_indicator,0,0,True
333,7,7,2^nullity,0,0,True
333,7,7,3^nullity,96,0,True
333,7,7,strict_maximum_indicator,1,0,True
334,7,7,2^nullity,0,0,True
334,7,7,3^nullity,120,0,True
334,7,7,strict_maximum_indicator,1,0,True
336,7,7,2^nullity,0,0,True
336,7,7,3^nullity,96,0,True
336,7,7,strict_maximum_indicator,1,0,True
337,7,7,2^nullity,0,0,True
337,7,7,3^nullity,192,0,True
337,7,7,strict_maximum_indicator,0,0,True
338,7,7,2^nullity,0,0,True
338,7,7,3^nullity,96,0,True
338,7,7,strict_maximum_indicator,1,0,True
339,7,7,2^nullity,0,0,True
339,7,7,3^nullity,96,0,True
339,7,7,strict_maximum_indicator,1,0,True
340,7,7,2^nullity,0,0,True
340,7,7,3^nullity,120,0,True
340,7,7,strict_maximum_indicator,1,0,True
341,7,7,2^nullity,0,0,True
341,7,7,3^nullity,192,0,True
341,7,7,strict_maximum_indicator,0,0,True
342,7,7,2^nullity,0,0,True
342,7,7,3^nullity,120,0,True
342,7,7,strict_maximum_indicator,1,0,True
343,7,7,2^nullity,0,0,True
343,7,7,3^nullity,96,0,True
343,7,7,strict_maximum_indicator,1,0,True
344,7,7,2^nullity,0,0,True
344,7,7,3^nullity,192,0,True
344,7,7,strict_maximum_indicator,0,0,True
348,7,7,2^nullity,0,0,True
348,7,7,3^nullity,144,0,True
348,7,7,strict_maximum_indicator,0,0,True
349,7,7,2^nullity,0,0,True
349,7,7,3^nullity,96,0,True
349,7,7,strict_maximum_indicator,1,0,True
350,7,7,2^nullity,0,0,True
350,7,7,3^nullity,192,0,True
350,7,7,strict_maximum_indicator,0,0,True
351,7,7,2^nullity,0,0,True
351,7,7,3^nullity,120,0,True
351,7,7,strict_maximum_indicator,1,0,True
353,7,7,2^nullity,0,0,True
353,7,7,3^nullity,126,0,True
353,7,7,strict_maximum_indicator,1,0,True
379,7,8,2^nullity,0,0,True
379,7,8,3^nullity,48,0,True
379,7,8,strict_maximum_indicator,1,0,True
380,7,8,2^nullity,0,0,True
380,7,8,3^nullity,48,0,True
380,7,8,strict_maximum_indicator,1,0,True
381,7,8,2^nullity,0,0,True
381,7,8,3^nullity,48,0,True
381,7,8,strict_maximum_indicator,1,0,True
382,7,8,2^nullity,0,0,True
382,7,8,3^nullity,48,0,True
382,7,8,strict_maximum_indicator,1,0,True
383,7,8,2^nullity,0,0,True
383,7,8,3^nullity,48,0,True
383,7,8,strict_maximum_indicator,1,0,True
384,7,8,2^nullity,0,0,True
384,7,8,3^nullity,48,0,True
384,7,8,strict_maximum_indicator,1,0,True
385,7,8,2^nullity,0,0,True
385,7,8,3^nullity,48,0,True
385,7,8,strict_maximum_indicator,1,0,True
386,7,8,2^nullity,0,0,True
386,7,8,3^nullity,48,0,True
386,7,8,strict_maximum_indicator,1,0,True
388,7,8,2^nullity,0,0,True
388,7,8,3^nullity,48,0,True
388,7,8,strict_maximum_indicator,1,0,True
389,7,8,2^nullity,0,0,True
389,7,8,3^nullity,48,0,True
389,7,8,strict_maximum_indicator,1,0,True
390,7,8,2^nullity,0,0,True
390,7,8,3^nullity,96,0,True
390,7,8,strict_maximum_indicator,0,0,True
391,7,8,2^nullity,0,0,True
391,7,8,3^nullity,48,0,True
391,7,8,strict_maximum_indicator,1,0,True
392,7,8,2^nullity,0,0,True
392,7,8,3^nullity,96,0,True
392,7,8,strict_maximum_indicator,-1,96,False
393,7,8,2^nullity,0,0,True
393,7,8,3^nullity,96,0,True
393,7,8,strict_maximum_indicator,0,0,True
394,7,8,2^nullity,0,0,True
394,7,8,3^nullity,48,0,True
394,7,8,strict_maximum_indicator,1,0,True
395,7,8,2^nullity,0,0,True
395,7,8,3^nullity,48,0,True
395,7,8,strict_maximum_indicator,1,0,True
396,7,8,2^nullity,0,0,True
396,7,8,3^nullity,96,0,True
396,7,8,strict_maximum_indicator,-1,96,False
398,7,8,2^nullity,0,0,True
398,7,8,3^nullity,96,0,True
398,7,8,strict_maximum_indicator,0,0,True
399,7,8,2^nullity,0,0,True
399,7,8,3^nullity,48,0,True
399,7,8,strict_maximum_indicator,1,0,True
400,7,8,2^nullity,0,0,True
400,7,8,3^nullity,48,0,True
400,7,8,strict_maximum_indicator,1,0,True
401,7,8,2^nullity,0,0,True
401,7,8,3^nullity,96,0,True
401,7,8,strict_maximum_indicator,0,0,True
402,7,8,2^nullity,0,0,True
402,7,8,3^nullity,96,0,True
402,7,8,strict_maximum_indicator,0,0,True
403,7,8,2^nullity,0,0,True
403,7,8,3^nullity,48,0,True
403,7,8,strict_maximum_indicator,1,0,True
404,7,8,2^nullity,0,0,True
404,7,8,3^nullity,48,0,True
404,7,8,strict_maximum_indicator,1,0,True
405,7,8,2^nullity,0,0,True
405,7,8,3^nullity,96,0,True
405,7,8,strict_maximum_indicator,-1,96,False
406,7,8,2^nullity,0,0,True
406,7,8,3^nullity,96,0,True
406,7,8,strict_maximum_indicator,0,0,True
408,7,8,2^nullity,0,0,True
408,7,8,3^nullity,48,0,True
408,7,8,strict_maximum_indicator,1,0,True
409,7,8,2^nullity,0,0,True
409,7,8,3^nullity,48,0,True
409,7,8,strict_maximum_indicator,1,0,True
410,7,8,2^nullity,0,0,True
410,7,8,3^nullity,96,0,True
410,7,8,strict_maximum_indicator,0,0,True
411,7,8,2^nullity,0,0,True
411,7,8,3^nullity,96,0,True
411,7,8,strict_maximum_indicator,-1,96,False
412,7,8,2^nullity,0,0,True
412,7,8,3^nullity,96,0,True
412,7,8,strict_maximum_indicator,0,0,True
413,7,8,2^nullity,0,0,True
413,7,8,3^nullity,48,0,True
413,7,8,strict_maximum_indicator,1,0,True
414,7,8,2^nullity,0,0,True
414,7,8,3^nullity,96,0,True
414,7,8,strict_maximum_indicator,0,0,True
415,7,8,2^nullity,0,0,True
415,7,8,3^nullity,48,0,True
415,7,8,strict_maximum_indicator,1,0,True
416,7,8,2^nullity,0,0,True
416,7,8,3^nullity,96,0,True
416,7,8,strict_maximum_indicator,-1,96,False
419,7,8,2^nullity,0,0,True
419,7,8,3^nullity,96,0,True
419,7,8,strict_maximum_indicator,0,0,True
420,7,8,2^nullity,0,0,True
420,7,8,3^nullity,48,0,True
420,7,8,strict_maximum_indicator,1,0,True
421,7,8,2^nullity,0,0,True
421,7,8,3^nullity,60,0,True
421,7,8,strict_maximum_indicator,1,0,True
422,7,8,2^nullity,0,0,True
422,7,8,3^nullity,96,0,True
422,7,8,strict_maximum_indicator,0,0,True
423,7,8,2^nullity,0,0,True
423,7,8,3^nullity,48,0,True
423,7,8,strict_maximum_indicator,1,0,True
424,7,8,2^nullity,0,0,True
424,7,8,3^nullity,48,0,True
424,7,8,strict_maximum_indicator,1,0,True
425,7,8,2^nullity,0,0,True
425,7,8,3^nullity,96,0,True
425,7,8,strict_maximum_indicator,0,0,True
426,7,8,2^nullity,0,0,True
426,7,8,3^nullity,96,0,True
426,7,8,strict_maximum_indicator,0,0,True
427,7,8,2^nullity,0,0,True
427,7,8,3^nullity,96,0,True
427,7,8,strict_maximum_indicator,0,0,True
428,7,8,2^nullity,0,0,True
428,7,8,3^nullity,108,0,True
428,7,8,strict_maximum_indicator,0,0,True
429,7,8,2^nullity,0,0,True
429,7,8,3^nullity,48,0,True
429,7,8,strict_maximum_indicator,1,0,True
430,7,8,2^nullity,0,0,True
430,7,8,3^nullity,96,0,True
430,7,8,strict_maximum_indicator,0,0,True
431,7,8,2^nullity,0,0,True
431,7,8,3^nullity,96,0,True
431,7,8,strict_maximum_indicator,-1,96,False
432,7,8,2^nullity,0,0,True
432,7,8,3^nullity,96,0,True
432,7,8,strict_maximum_indicator,0,0,True
433,7,8,2^nullity,0,0,True
433,7,8,3^nullity,60,0,True
433,7,8,strict_maximum_indicator,1,0,True
434,7,8,2^nullity,0,0,True
434,7,8,3^nullity,96,0,True
434,7,8,strict_maximum_indicator,0,0,True
435,7,8,2^nullity,0,0,True
435,7,8,3^nullity,48,0,True
435,7,8,strict_maximum_indicator,1,0,True
436,7,8,2^nullity,0,0,True
436,7,8,3^nullity,48,0,True
436,7,8,strict_maximum_indicator,1,0,True
437,7,8,2^nullity,0,0,True
437,7,8,3^nullity,60,0,True
437,7,8,strict_maximum_indicator,1,0,True
438,7,8,2^nullity,0,0,True
438,7,8,3^nullity,60,0,True
438,7,8,strict_maximum_indicator,1,0,True
439,7,8,2^nullity,0,0,True
439,7,8,3^nullity,96,0,True
439,7,8,strict_maximum_indicator,0,0,True
440,7,8,2^nullity,0,0,True
440,7,8,3^nullity,108,0,True
440,7,8,strict_maximum_indicator,0,0,True
441,7,8,2^nullity,0,0,True
441,7,8,3^nullity,108,0,True
441,7,8,strict_maximum_indicator,0,0,True
442,7,8,2^nullity,0,0,True
442,7,8,3^nullity,96,0,True
442,7,8,strict_maximum_indicator,-1,96,False
443,7,8,2^nullity,0,0,True
443,7,8,3^nullity,60,0,True
443,7,8,strict_maximum_indicator,1,0,True
444,7,8,2^nullity,0,0,True
444,7,8,3^nullity,192,0,True
444,7,8,strict_maximum_indicator,0,0,True
445,7,8,2^nullity,0,0,True
445,7,8,3^nullity,120,0,True
445,7,8,strict_maximum_indicator,0,0,True
446,7,8,2^nullity,0,0,True
446,7,8,3^nullity,72,0,True
446,7,8,strict_maximum_indicator,0,0,True
447,7,8,2^nullity,0,0,True
447,7,8,3^nullity,96,0,True
447,7,8,strict_maximum_indicator,0,0,True
448,7,8,2^nullity,0,0,True
448,7,8,3^nullity,120,0,True
448,7,8,strict_maximum_indicator,-1,96,False
449,7,8,2^nullity,0,0,True
449,7,8,3^nullity,84,0,True
449,7,8,strict_maximum_indicator,0,0,True
450,7,8,2^nullity,0,0,True
450,7,8,3^nullity,48,0,True
450,7,8,strict_maximum_indicator,1,0,True
473,7,9,2^nullity,0,0,True
473,7,9,3^nullity,48,0,True
473,7,9,strict_maximum_indicator,0,0,True
474,7,9,2^nullity,0,0,True
474,7,9,3^nullity,48,0,True
474,7,9,strict_maximum_indicator,0,0,True
475,7,9,2^nullity,0,0,True
475,7,9,3^nullity,48,0,True
475,7,9,strict_maximum_indicator,0,0,True
476,7,9,2^nullity,0,0,True
476,7,9,3^nullity,24,0,True
476,7,9,strict_maximum_indicator,1,0,True
477,7,9,2^nullity,0,0,True
477,7,9,3^nullity,24,0,True
477,7,9,strict_maximum_indicator,1,0,True
478,7,9,2^nullity,0,0,True
478,7,9,3^nullity,24,0,True
478,7,9,strict_maximum_indicator,1,0,True
479,7,9,2^nullity,0,0,True
479,7,9,3^nullity,24,0,True
479,7,9,strict_maximum_indicator,1,0,True
480,7,9,2^nullity,0,0,True
480,7,9,3^nullity,24,0,True
480,7,9,strict_maximum_indicator,1,0,True
481,7,9,2^nullity,0,0,True
481,7,9,3^nullity,24,0,True
481,7,9,strict_maximum_indicator,1,0,True
482,7,9,2^nullity,0,0,True
482,7,9,3^nullity,24,0,True
482,7,9,strict_maximum_indicator,1,0,True
483,7,9,2^nullity,0,0,True
483,7,9,3^nullity,24,0,True
483,7,9,strict_maximum_indicator,1,0,True
484,7,9,2^nullity,0,0,True
484,7,9,3^nullity,24,0,True
484,7,9,strict_maximum_indicator,1,0,True
485,7,9,2^nullity,0,0,True
485,7,9,3^nullity,-96,8,False
485,7,9,strict_maximum_indicator,-2,64,False
486,7,9,2^nullity,0,0,True
486,7,9,3^nullity,-96,8,False
486,7,9,strict_maximum_indicator,-2,64,False
487,7,9,2^nullity,0,0,True
487,7,9,3^nullity,48,0,True
487,7,9,strict_maximum_indicator,0,0,True
488,7,9,2^nullity,0,0,True
488,7,9,3^nullity,24,0,True
488,7,9,strict_maximum_indicator,1,0,True
489,7,9,2^nullity,0,0,True
489,7,9,3^nullity,24,0,True
489,7,9,strict_maximum_indicator,1,0,True
490,7,9,2^nullity,0,0,True
490,7,9,3^nullity,-96,8,False
490,7,9,strict_maximum_indicator,-2,64,False
491,7,9,2^nullity,0,0,True
491,7,9,3^nullity,48,0,True
491,7,9,strict_maximum_indicator,0,0,True
492,7,9,2^nullity,0,0,True
492,7,9,3^nullity,24,0,True
492,7,9,strict_maximum_indicator,1,0,True
493,7,9,2^nullity,0,0,True
493,7,9,3^nullity,-96,8,False
493,7,9,strict_maximum_indicator,-2,64,False
494,7,9,2^nullity,0,0,True
494,7,9,3^nullity,24,0,True
494,7,9,strict_maximum_indicator,1,0,True
495,7,9,2^nullity,0,0,True
495,7,9,3^nullity,-96,8,False
495,7,9,strict_maximum_indicator,-2,64,False
497,7,9,2^nullity,0,0,True
497,7,9,3^nullity,24,0,True
497,7,9,strict_maximum_indicator,1,0,True
498,7,9,2^nullity,0,0,True
498,7,9,3^nullity,-96,8,False
498,7,9,strict_maximum_indicator,-2,64,False
499,7,9,2^nullity,0,0,True
499,7,9,3^nullity,-96,8,False
499,7,9,strict_maximum_indicator,-2,64,False
500,7,9,2^nullity,0,0,True
500,7,9,3^nullity,-96,8,False
500,7,9,strict_maximum_indicator,-2,64,False
501,7,9,2^nullity,0,0,True
501,7,9,3^nullity,48,0,True
501,7,9,strict_maximum_indicator,0,0,True
503,7,9,2^nullity,0,0,True
503,7,9,3^nullity,24,0,True
503,7,9,strict_maximum_indicator,1,0,True
504,7,9,2^nullity,0,0,True
504,7,9,3^nullity,48,0,True
504,7,9,strict_maximum_indicator,0,0,True
505,7,9,2^nullity,0,0,True
505,7,9,3^nullity,24,0,True
505,7,9,strict_maximum_indicator,1,0,True
506,7,9,2^nullity,0,0,True
506,7,9,3^nullity,24,0,True
506,7,9,strict_maximum_indicator,1,0,True
507,7,9,2^nullity,0,0,True
507,7,9,3^nullity,48,0,True
507,7,9,strict_maximum_indicator,-2,128,False
508,7,9,2^nullity,0,0,True
508,7,9,3^nullity,48,0,True
508,7,9,strict_maximum_indicator,0,0,True
509,7,9,2^nullity,0,0,True
509,7,9,3^nullity,24,0,True
509,7,9,strict_maximum_indicator,1,0,True
510,7,9,2^nullity,0,0,True
510,7,9,3^nullity,24,0,True
510,7,9,strict_maximum_indicator,1,0,True
511,7,9,2^nullity,0,0,True
511,7,9,3^nullity,24,0,True
511,7,9,strict_maximum_indicator,1,0,True
512,7,9,2^nullity,0,0,True
512,7,9,3^nullity,48,0,True
512,7,9,strict_maximum_indicator,0,0,True
513,7,9,2^nullity,0,0,True
513,7,9,3^nullity,48,0,True
513,7,9,strict_maximum_indicator,-1,192,False
514,7,9,2^nullity,0,0,True
514,7,9,3^nullity,24,0,True
514,7,9,strict_maximum_indicator,1,0,True
515,7,9,2^nullity,0,0,True
515,7,9,3^nullity,24,0,True
515,7,9,strict_maximum_indicator,1,0,True
516,7,9,2^nullity,0,0,True
516,7,9,3^nullity,48,0,True
516,7,9,strict_maximum_indicator,0,0,True
517,7,9,2^nullity,0,0,True
517,7,9,3^nullity,48,0,True
517,7,9,strict_maximum_indicator,0,0,True
518,7,9,2^nullity,0,0,True
518,7,9,3^nullity,48,0,True
518,7,9,strict_maximum_indicator,0,0,True
519,7,9,2^nullity,0,0,True
519,7,9,3^nullity,48,0,True
519,7,9,strict_maximum_indicator,0,0,True
520,7,9,2^nullity,0,0,True
520,7,9,3^nullity,48,0,True
520,7,9,strict_maximum_indicator,0,0,True
521,7,9,2^nullity,0,0,True
521,7,9,3^nullity,24,0,True
521,7,9,strict_maximum_indicator,1,0,True
522,7,9,2^nullity,0,0,True
522,7,9,3^nullity,48,0,True
522,7,9,strict_maximum_indicator,-1,192,False
523,7,9,2^nullity,0,0,True
523,7,9,3^nullity,48,0,True
523,7,9,strict_maximum_indicator,-1,192,False
524,7,9,2^nullity,0,0,True
524,7,9,3^nullity,24,0,True
524,7,9,strict_maximum_indicator,1,0,True
525,7,9,2^nullity,0,0,True
525,7,9,3^nullity,48,0,True
525,7,9,strict_maximum_indicator,-2,128,False
526,7,9,2^nullity,0,0,True
526,7,9,3^nullity,24,0,True
526,7,9,strict_maximum_indicator,1,0,True
527,7,9,2^nullity,0,0,True
527,7,9,3^nullity,48,0,True
527,7,9,strict_maximum_indicator,0,0,True
528,7,9,2^nullity,0,0,True
528,7,9,3^nullity,48,0,True
528,7,9,strict_maximum_indicator,0,0,True
529,7,9,2^nullity,0,0,True
529,7,9,3^nullity,48,0,True
529,7,9,strict_maximum_indicator,0,0,True
530,7,9,2^nullity,0,0,True
530,7,9,3^nullity,48,0,True
530,7,9,strict_maximum_indicator,0,0,True
531,7,9,2^nullity,0,0,True
531,7,9,3^nullity,48,0,True
531,7,9,strict_maximum_indicator,-1,128,False
532,7,9,2^nullity,0,0,True
532,7,9,3^nullity,48,0,True
532,7,9,strict_maximum_indicator,-1,192,False
533,7,9,2^nullity,0,0,True
533,7,9,3^nullity,48,0,True
533,7,9,strict_maximum_indicator,0,0,True
534,7,9,2^nullity,0,0,True
534,7,9,3^nullity,-96,8,False
534,7,9,strict_maximum_indicator,-2,64,False
535,7,9,2^nullity,0,0,True
535,7,9,3^nullity,36,0,True
535,7,9,strict_maximum_indicator,0,0,True
536,7,9,2^nullity,0,0,True
536,7,9,3^nullity,24,0,True
536,7,9,strict_maximum_indicator,1,0,True
537,7,9,2^nullity,0,0,True
537,7,9,3^nullity,-96,8,False
537,7,9,strict_maximum_indicator,-2,64,False
538,7,9,2^nullity,0,0,True
538,7,9,3^nullity,36,0,True
538,7,9,strict_maximum_indicator,0,0,True
539,7,9,2^nullity,0,0,True
539,7,9,3^nullity,48,0,True
539,7,9,strict_maximum_indicator,-1,128,False
540,7,9,2^nullity,0,0,True
540,7,9,3^nullity,48,0,True
540,7,9,strict_maximum_indicator,-1,192,False
541,7,9,2^nullity,0,0,True
541,7,9,3^nullity,48,0,True
541,7,9,strict_maximum_indicator,0,0,True
542,7,9,2^nullity,0,0,True
542,7,9,3^nullity,-96,8,False
542,7,9,strict_maximum_indicator,-2,112,False
543,7,9,2^nullity,0,0,True
543,7,9,3^nullity,48,0,True
543,7,9,strict_maximum_indicator,-1,128,False
544,7,9,2^nullity,0,0,True
544,7,9,3^nullity,24,0,True
544,7,9,strict_maximum_indicator,1,0,True
545,7,9,2^nullity,0,0,True
545,7,9,3^nullity,48,0,True
545,7,9,strict_maximum_indicator,0,0,True
546,7,9,2^nullity,0,0,True
546,7,9,3^nullity,48,0,True
546,7,9,strict_maximum_indicator,-1,128,False
547,7,9,2^nullity,0,0,True
547,7,9,3^nullity,36,0,True
547,7,9,strict_maximum_indicator,0,0,True
548,7,9,2^nullity,0,0,True
548,7,9,3^nullity,48,0,True
548,7,9,strict_maximum_indicator,0,0,True
549,7,9,2^nullity,0,0,True
549,7,9,3^nullity,-96,8,False
549,7,9,strict_maximum_indicator,-2,64,False
550,7,9,2^nullity,0,0,True
550,7,9,3^nullity,-96,8,False
550,7,9,strict_maximum_indicator,-2,112,False
551,7,9,2^nullity,0,0,True
551,7,9,3^nullity,24,0,True
551,7,9,strict_maximum_indicator,1,0,True
552,7,9,2^nullity,0,0,True
552,7,9,3^nullity,48,0,True
552,7,9,strict_maximum_indicator,0,0,True
553,7,9,2^nullity,0,0,True
553,7,9,3^nullity,48,0,True
553,7,9,strict_maximum_indicator,0,0,True
554,7,9,2^nullity,0,0,True
554,7,9,3^nullity,48,0,True
554,7,9,strict_maximum_indicator,-1,192,False
555,7,9,2^nullity,0,0,True
555,7,9,3^nullity,72,0,True
555,7,9,strict_maximum_indicator,0,0,True
556,7,9,2^nullity,0,0,True
556,7,9,3^nullity,30,0,True
556,7,9,strict_maximum_indicator,1,0,True
557,7,9,2^nullity,0,0,True
557,7,9,3^nullity,24,0,True
557,7,9,strict_maximum_indicator,1,0,True
558,7,9,2^nullity,0,0,True
558,7,9,3^nullity,66,0,True
558,7,9,strict_maximum_indicator,-1,192,False
559,7,9,2^nullity,0,0,True
559,7,9,3^nullity,30,0,True
559,7,9,strict_maximum_indicator,1,0,True
560,7,9,2^nullity,0,0,True
560,7,9,3^nullity,54,0,True
560,7,9,strict_maximum_indicator,0,0,True
561,7,9,2^nullity,0,0,True
561,7,9,3^nullity,48,0,True
561,7,9,strict_maximum_indicator,0,0,True
562,7,9,2^nullity,0,0,True
562,7,9,3^nullity,48,0,True
562,7,9,strict_maximum_indicator,0,0,True
563,7,9,2^nullity,0,0,True
563,7,9,3^nullity,30,0,True
563,7,9,strict_maximum_indicator,1,0,True
564,7,9,2^nullity,0,0,True
564,7,9,3^nullity,54,0,True
564,7,9,strict_maximum_indicator,0,0,True
565,7,9,2^nullity,0,0,True
565,7,9,3^nullity,48,0,True
565,7,9,strict_maximum_indicator,-2,96,False
566,7,9,2^nullity,0,0,True
566,7,9,3^nullity,96,0,True
566,7,9,strict_maximum_indicator,0,0,True
567,7,9,2^nullity,0,0,True
567,7,9,3^nullity,24,0,True
567,7,9,strict_maximum_indicator,1,0,True
568,7,9,2^nullity,0,0,True
568,7,9,3^nullity,48,0,True
568,7,9,strict_maximum_indicator,0,0,True
569,7,9,2^nullity,0,0,True
569,7,9,3^nullity,48,0,True
569,7,9,strict_maximum_indicator,0,0,True
570,7,9,2^nullity,0,0,True
570,7,9,3^nullity,48,0,True
570,7,9,strict_maximum_indicator,-1,192,False
571,7,9,2^nullity,0,0,True
571,7,9,3^nullity,78,0,True
571,7,9,strict_maximum_indicator,-1,128,False
572,7,9,2^nullity,0,0,True
572,7,9,3^nullity,42,0,True
572,7,9,strict_maximum_indicator,-2,64,False
573,7,9,2^nullity,0,0,True
573,7,9,3^nullity,66,0,True
573,7,9,strict_maximum_indicator,0,0,True
574,7,9,2^nullity,0,0,True
574,7,9,3^nullity,48,0,True
574,7,9,strict_maximum_indicator,0,0,True
575,7,9,2^nullity,0,0,True
575,7,9,3^nullity,30,0,True
575,7,9,strict_maximum_indicator,1,0,True
576,7,9,2^nullity,0,0,True
576,7,9,3^nullity,24,0,True
576,7,9,strict_maximum_indicator,1,0,True
577,7,9,2^nullity,0,0,True
577,7,9,3^nullity,42,0,True
577,7,9,strict_maximum_indicator,-2,64,False
578,7,9,2^nullity,0,0,True
578,7,9,3^nullity,42,0,True
578,7,9,strict_maximum_indicator,-1,192,False
579,7,9,2^nullity,0,0,True
579,7,9,3^nullity,54,0,True
579,7,9,strict_maximum_indicator,0,0,True
580,7,9,2^nullity,0,0,True
580,7,9,3^nullity,36,0,True
580,7,9,strict_maximum_indicator,1,0,True
581,7,9,2^nullity,0,0,True
581,7,9,3^nullity,96,0,True
581,7,9,strict_maximum_indicator,-3,208,False
598,7,10,2^nullity,0,0,True
598,7,10,3^nullity,-480,8,False
598,7,10,strict_maximum_indicator,0,0,True
599,7,10,2^nullity,0,0,True
599,7,10,3^nullity,-480,8,False
599,7,10,strict_maximum_indicator,0,0,True
600,7,10,2^nullity,0,0,True
600,7,10,3^nullity,-480,8,False
600,7,10,strict_maximum_indicator,0,0,True
601,7,10,2^nullity,0,0,True
601,7,10,3^nullity,-480,8,False
601,7,10,strict_maximum_indicator,0,0,True
602,7,10,2^nullity,0,0,True
602,7,10,3^nullity,-480,8,False
602,7,10,strict_maximum_indicator,0,0,True
603,7,10,2^nullity,0,0,True
603,7,10,3^nullity,-192,16,False
603,7,10,strict_maximum_indicator,-2,128,False
604,7,10,2^nullity,0,0,True
604,7,10,3^nullity,-192,16,False
604,7,10,strict_maximum_indicator,-2,128,False
605,7,10,2^nullity,0,0,True
605,7,10,3^nullity,-480,8,False
605,7,10,strict_maximum_indicator,0,0,True
606,7,10,2^nullity,0,0,True
606,7,10,3^nullity,-192,16,False
606,7,10,strict_maximum_indicator,-2,128,False
607,7,10,2^nullity,0,0,True
607,7,10,3^nullity,-192,16,False
607,7,10,strict_maximum_indicator,-2,128,False
608,7,10,2^nullity,0,0,True
608,7,10,3^nullity,-480,8,False
608,7,10,strict_maximum_indicator,0,0,True
609,7,10,2^nullity,0,0,True
609,7,10,3^nullity,-192,16,False
609,7,10,strict_maximum_indicator,-2,128,False
610,7,10,2^nullity,0,0,True
610,7,10,3^nullity,-480,8,False
610,7,10,strict_maximum_indicator,0,0,True
612,7,10,2^nullity,0,0,True
612,7,10,3^nullity,12,0,True
612,7,10,strict_maximum_indicator,1,0,True
613,7,10,2^nullity,0,0,True
613,7,10,3^nullity,12,0,True
613,7,10,strict_maximum_indicator,1,0,True
614,7,10,2^nullity,0,0,True
614,7,10,3^nullity,12,0,True
614,7,10,strict_maximum_indicator,1,0,True
615,7,10,2^nullity,0,0,True
615,7,10,3^nullity,12,0,True
615,7,10,strict_maximum_indicator,1,0,True
616,7,10,2^nullity,0,0,True
616,7,10,3^nullity,12,0,True
616,7,10,strict_maximum_indicator,1,0,True
617,7,10,2^nullity,0,0,True
617,7,10,3^nullity,12,0,True
617,7,10,strict_maximum_indicator,1,0,True
618,7,10,2^nullity,0,0,True
618,7,10,3^nullity,12,0,True
618,7,10,strict_maximum_indicator,1,0,True
619,7,10,2^nullity,0,0,True
619,7,10,3^nullity,24,0,True
619,7,10,strict_maximum_indicator,0,0,True
620,7,10,2^nullity,0,0,True
620,7,10,3^nullity,-120,16,False
620,7,10,strict_maximum_indicator,-2,128,False
621,7,10,2^nullity,0,0,True
621,7,10,3^nullity,12,0,True
621,7,10,strict_maximum_indicator,1,0,True
622,7,10,2^nullity,0,0,True
622,7,10,3^nullity,12,0,True
622,7,10,strict_maximum_indicator,1,0,True
623,7,10,2^nullity,0,0,True
623,7,10,3^nullity,12,0,True
623,7,10,strict_maximum_indicator,1,0,True
624,7,10,2^nullity,0,0,True
624,7,10,3^nullity,-120,16,False
624,7,10,strict_maximum_indicator,-2,128,False
625,7,10,2^nullity,0,0,True
625,7,10,3^nullity,-480,8,False
625,7,10,strict_maximum_indicator,0,0,True
626,7,10,2^nullity,0,0,True
626,7,10,3^nullity,24,0,True
626,7,10,strict_maximum_indicator,0,0,True
627,7,10,2^nullity,0,0,True
627,7,10,3^nullity,12,0,True
627,7,10,strict_maximum_indicator,1,0,True
628,7,10,2^nullity,0,0,True
628,7,10,3^nullity,12,0,True
628,7,10,strict_maximum_indicator,1,0,True
629,7,10,2^nullity,0,0,True
629,7,10,3^nullity,-120,24,False
629,7,10,strict_maximum_indicator,-2,128,False
630,7,10,2^nullity,0,0,True
630,7,10,3^nullity,24,0,True
630,7,10,strict_maximum_indicator,0,0,True
631,7,10,2^nullity,0,0,True
631,7,10,3^nullity,-120,24,False
631,7,10,strict_maximum_indicator,-3,384,False
632,7,10,2^nullity,0,0,True
632,7,10,3^nullity,12,0,True
632,7,10,strict_maximum_indicator,1,0,True
633,7,10,2^nullity,0,0,True
633,7,10,3^nullity,-120,16,False
633,7,10,strict_maximum_indicator,-2,128,False
634,7,10,2^nullity,0,0,True
634,7,10,3^nullity,-120,16,False
634,7,10,strict_maximum_indicator,-2,128,False
635,7,10,2^nullity,0,0,True
635,7,10,3^nullity,-120,24,False
635,7,10,strict_maximum_indicator,-2,128,False
636,7,10,2^nullity,0,0,True
636,7,10,3^nullity,-480,8,False
636,7,10,strict_maximum_indicator,0,0,True
637,7,10,2^nullity,0,0,True
637,7,10,3^nullity,24,0,True
637,7,10,strict_maximum_indicator,0,0,True
638,7,10,2^nullity,0,0,True
638,7,10,3^nullity,12,0,True
638,7,10,strict_maximum_indicator,1,0,True
639,7,10,2^nullity,0,0,True
639,7,10,3^nullity,-120,24,False
639,7,10,strict_maximum_indicator,-3,384,False
640,7,10,2^nullity,0,0,True
640,7,10,3^nullity,12,0,True
640,7,10,strict_maximum_indicator,1,0,True
641,7,10,2^nullity,0,0,True
641,7,10,3^nullity,-120,32,False
641,7,10,strict_maximum_indicator,-3,384,False
642,7,10,2^nullity,0,0,True
642,7,10,3^nullity,12,0,True
642,7,10,strict_maximum_indicator,-2,128,False
643,7,10,2^nullity,0,0,True
643,7,10,3^nullity,-120,14,False
643,7,10,strict_maximum_indicator,-2,128,False
644,7,10,2^nullity,0,0,True
644,7,10,3^nullity,24,0,True
644,7,10,strict_maximum_indicator,0,0,True
645,7,10,2^nullity,0,0,True
645,7,10,3^nullity,-192,16,False
645,7,10,strict_maximum_indicator,-2,128,False
646,7,10,2^nullity,0,0,True
646,7,10,3^nullity,12,0,True
646,7,10,strict_maximum_indicator,1,0,True
647,7,10,2^nullity,0,0,True
647,7,10,3^nullity,-120,16,False
647,7,10,strict_maximum_indicator,-2,128,False
648,7,10,2^nullity,0,0,True
648,7,10,3^nullity,12,0,True
648,7,10,strict_maximum_indicator,-2,128,False
649,7,10,2^nullity,0,0,True
649,7,10,3^nullity,-120,16,False
649,7,10,strict_maximum_indicator,-2,128,False
650,7,10,2^nullity,0,0,True
650,7,10,3^nullity,12,0,True
650,7,10,strict_maximum_indicator,-2,128,False
651,7,10,2^nullity,0,0,True
651,7,10,3^nullity,-120,32,False
651,7,10,strict_maximum_indicator,-3,384,False
652,7,10,2^nullity,0,0,True
652,7,10,3^nullity,-120,14,False
652,7,10,strict_maximum_indicator,-2,128,False
653,7,10,2^nullity,0,0,True
653,7,10,3^nullity,24,0,True
653,7,10,strict_maximum_indicator,0,0,True
654,7,10,2^nullity,0,0,True
654,7,10,3^nullity,-192,16,False
654,7,10,strict_maximum_indicator,-2,128,False
655,7,10,2^nullity,0,0,True
655,7,10,3^nullity,-120,32,False
655,7,10,strict_maximum_indicator,-3,384,False
656,7,10,2^nullity,0,0,True
656,7,10,3^nullity,-120,32,False
656,7,10,strict_maximum_indicator,-3,384,False
657,7,10,2^nullity,0,0,True
657,7,10,3^nullity,-120,14,False
657,7,10,strict_maximum_indicator,-2,128,False
658,7,10,2^nullity,0,0,True
658,7,10,3^nullity,-120,14,False
658,7,10,strict_maximum_indicator,-2,128,False
659,7,10,2^nullity,0,0,True
659,7,10,3^nullity,-480,8,False
659,7,10,strict_maximum_indicator,0,0,True
660,7,10,2^nullity,0,0,True
660,7,10,3^nullity,-120,24,False
660,7,10,strict_maximum_indicator,-2,128,False
661,7,10,2^nullity,0,0,True
661,7,10,3^nullity,-120,24,False
661,7,10,strict_maximum_indicator,-2,128,False
662,7,10,2^nullity,0,0,True
662,7,10,3^nullity,-120,24,False
662,7,10,strict_maximum_indicator,-3,384,False
663,7,10,2^nullity,0,0,True
663,7,10,3^nullity,12,0,True
663,7,10,strict_maximum_indicator,-2,128,False
664,7,10,2^nullity,0,0,True
664,7,10,3^nullity,-120,32,False
664,7,10,strict_maximum_indicator,-3,384,False
665,7,10,2^nullity,0,0,True
665,7,10,3^nullity,-120,14,False
665,7,10,strict_maximum_indicator,-2,128,False
666,7,10,2^nullity,0,0,True
666,7,10,3^nullity,24,0,True
666,7,10,strict_maximum_indicator,-2,128,False
668,7,10,2^nullity,0,0,True
668,7,10,3^nullity,12,0,True
668,7,10,strict_maximum_indicator,1,0,True
669,7,10,2^nullity,0,0,True
669,7,10,3^nullity,24,0,True
669,7,10,strict_maximum_indicator,0,0,True
670,7,10,2^nullity,0,0,True
670,7,10,3^nullity,24,0,True
670,7,10,strict_maximum_indicator,-3,480,False
671,7,10,2^nullity,0,0,True
671,7,10,3^nullity,12,0,True
671,7,10,strict_maximum_indicator,1,0,True
672,7,10,2^nullity,0,0,True
672,7,10,3^nullity,12,0,True
672,7,10,strict_maximum_indicator,1,0,True
673,7,10,2^nullity,0,0,True
673,7,10,3^nullity,24,0,True
673,7,10,strict_maximum_indicator,0,0,True
674,7,10,2^nullity,0,0,True
674,7,10,3^nullity,24,0,True
674,7,10,strict_maximum_indicator,0,0,True
675,7,10,2^nullity,0,0,True
675,7,10,3^nullity,12,0,True
675,7,10,strict_maximum_indicator,1,0,True
676,7,10,2^nullity,0,0,True
676,7,10,3^nullity,24,0,True
676,7,10,strict_maximum_indicator,0,0,True
677,7,10,2^nullity,0,0,True
677,7,10,3^nullity,24,0,True
677,7,10,strict_maximum_indicator,-1,384,False
678,7,10,2^nullity,0,0,True
678,7,10,3^nullity,24,0,True
678,7,10,strict_maximum_indicator,-2,256,False
679,7,10,2^nullity,0,0,True
679,7,10,3^nullity,24,0,True
679,7,10,strict_maximum_indicator,0,0,True
680,7,10,2^nullity,0,0,True
680,7,10,3^nullity,24,0,True
680,7,10,strict_maximum_indicator,-1,384,False
681,7,10,2^nullity,0,0,True
681,7,10,3^nullity,12,0,True
681,7,10,strict_maximum_indicator,1,0,True
682,7,10,2^nullity,0,0,True
682,7,10,3^nullity,24,0,True
682,7,10,strict_maximum_indicator,0,0,True
683,7,10,2^nullity,0,0,True
683,7,10,3^nullity,24,0,True
683,7,10,strict_maximum_indicator,0,0,True
684,7,10,2^nullity,0,0,True
684,7,10,3^nullity,24,0,True
684,7,10,strict_maximum_indicator,-1,384,False
685,7,10,2^nullity,0,0,True
685,7,10,3^nullity,24,0,True
685,7,10,strict_maximum_indicator,-1,384,False
686,7,10,2^nullity,0,0,True
686,7,10,3^nullity,-132,16,False
686,7,10,strict_maximum_indicator,-2,128,False
687,7,10,2^nullity,0,0,True
687,7,10,3^nullity,-132,16,False
687,7,10,strict_maximum_indicator,-2,128,False
688,7,10,2^nullity,0,0,True
688,7,10,3^nullity,12,0,True
688,7,10,strict_maximum_indicator,1,0,True
689,7,10,2^nullity,0,0,True
689,7,10,3^nullity,48,0,True
689,7,10,strict_maximum_indicator,0,0,True
690,7,10,2^nullity,0,0,True
690,7,10,3^nullity,24,0,True
690,7,10,strict_maximum_indicator,0,0,True
691,7,10,2^nullity,0,0,True
691,7,10,3^nullity,18,0,True
691,7,10,strict_maximum_indicator,0,0,True
692,7,10,2^nullity,0,0,True
692,7,10,3^nullity,24,0,True
692,7,10,strict_maximum_indicator,-1,256,False
693,7,10,2^nullity,0,0,True
693,7,10,3^nullity,-120,16,False
693,7,10,strict_maximum_indicator,-4,64,False
694,7,10,2^nullity,0,0,True
694,7,10,3^nullity,24,0,True
694,7,10,strict_maximum_indicator,0,0,True
695,7,10,2^nullity,0,0,True
695,7,10,3^nullity,24,0,True
695,7,10,strict_maximum_indicator,-1,256,False
696,7,10,2^nullity,0,0,True
696,7,10,3^nullity,12,0,True
696,7,10,strict_maximum_indicator,1,0,True
697,7,10,2^nullity,0,0,True
697,7,10,3^nullity,36,0,True
697,7,10,strict_maximum_indicator,-1,256,False
698,7,10,2^nullity,0,0,True
698,7,10,3^nullity,24,0,True
698,7,10,strict_maximum_indicator,-1,384,False
699,7,10,2^nullity,0,0,True
699,7,10,3^nullity,24,0,True
699,7,10,strict_maximum_indicator,0,0,True
700,7,10,2^nullity,0,0,True
700,7,10,3^nullity,-120,16,False
700,7,10,strict_maximum_indicator,-2,224,False
701,7,10,2^nullity,0,0,True
701,7,10,3^nullity,24,0,True
701,7,10,strict_maximum_indicator,-2,192,False
702,7,10,2^nullity,0,0,True
702,7,10,3^nullity,24,0,True
702,7,10,strict_maximum_indicator,-1,384,False
703,7,10,2^nullity,0,0,True
703,7,10,3^nullity,18,0,True
703,7,10,strict_maximum_indicator,0,0,True
704,7,10,2^nullity,0,0,True
704,7,10,3^nullity,18,0,True
704,7,10,strict_maximum_indicator,0,0,True
705,7,10,2^nullity,0,0,True
705,7,10,3^nullity,-120,16,False
705,7,10,strict_maximum_indicator,-4,64,False
706,7,10,2^nullity,0,0,True
706,7,10,3^nullity,24,0,True
706,7,10,strict_maximum_indicator,0,0,True
707,7,10,2^nullity,0,0,True
707,7,10,3^nullity,-150,14,False
707,7,10,strict_maximum_indicator,-3,320,False
708,7,10,2^nullity,0,0,True
708,7,10,3^nullity,-120,24,False
708,7,10,strict_maximum_indicator,-5,480,False
709,7,10,2^nullity,0,0,True
709,7,10,3^nullity,30,0,True
709,7,10,strict_maximum_indicator,-1,256,False
710,7,10,2^nullity,0,0,True
710,7,10,3^nullity,24,0,True
710,7,10,strict_maximum_indicator,0,0,True
711,7,10,2^nullity,0,0,True
711,7,10,3^nullity,24,0,True
711,7,10,strict_maximum_indicator,-1,256,False
712,7,10,2^nullity,0,0,True
712,7,10,3^nullity,12,0,True
712,7,10,strict_maximum_indicator,-3,448,False
713,7,10,2^nullity,0,0,True
713,7,10,3^nullity,24,0,True
713,7,10,strict_maximum_indicator,-1,256,False
714,7,10,2^nullity,0,0,True
714,7,10,3^nullity,12,0,True
714,7,10,strict_maximum_indicator,-2,128,False
715,7,10,2^nullity,0,0,True
715,7,10,3^nullity,-120,16,False
715,7,10,strict_maximum_indicator,-3,320,False
716,7,10,2^nullity,0,0,True
716,7,10,3^nullity,18,0,True
716,7,10,strict_maximum_indicator,0,0,True
717,7,10,2^nullity,0,0,True
717,7,10,3^nullity,12,0,True
717,7,10,strict_maximum_indicator,-4,96,False
718,7,10,2^nullity,0,0,True
718,7,10,3^nullity,-132,16,False
718,7,10,strict_maximum_indicator,-4,64,False
719,7,10,2^nullity,0,0,True
719,7,10,3^nullity,36,0,True
719,7,10,strict_maximum_indicator,-2,128,False
720,7,10,2^nullity,0,0,True
720,7,10,3^nullity,-132,16,False
720,7,10,strict_maximum_indicator,-2,224,False
721,7,10,2^nullity,0,0,True
721,7,10,3^nullity,30,0,True
721,7,10,strict_maximum_indicator,-1,384,False
722,7,10,2^nullity,0,0,True
722,7,10,3^nullity,12,0,True
722,7,10,strict_maximum_indicator,-4,96,False
723,7,10,2^nullity,0,0,True
723,7,10,3^nullity,-120,32,False
723,7,10,strict_maximum_indicator,-6,360,False
724,7,10,2^nullity,0,0,True
724,7,10,3^nullity,12,0,True
724,7,10,strict_maximum_indicator,1,0,True
725,7,10,2^nullity,0,0,True
725,7,10,3^nullity,-132,16,False
725,7,10,strict_maximum_indicator,-2,128,False
726,7,10,2^nullity,0,0,True
726,7,10,3^nullity,24,0,True
726,7,10,strict_maximum_indicator,0,0,True
727,7,10,2^nullity,0,0,True
727,7,10,3^nullity,12,0,True
727,7,10,strict_maximum_indicator,-4,224,False
728,7,10,2^nullity,0,0,True
728,7,10,3^nullity,18,0,True
728,7,10,strict_maximum_indicator,0,0,True
729,7,10,2^nullity,0,0,True
729,7,10,3^nullity,12,0,True
729,7,10,strict_maximum_indicator,-2,128,False
