size,field_of_view,center_extent,channel,threshold,samples,realized_blue_fraction,mean_neighbor_agreement,blue_crossing_probability,yellow_crossing_probability,both_winners,neither_winners,u1_board_mismatch_count
6,1.0,2.0,h_x,-0.6,100000,0.7550741666666667,0.9772403529411764,0.76133,0.23867,0,0,0
6,1.0,2.0,h_x,-0.4,100000,0.6618019444444444,0.9757840000000001,0.66611,0.33389,0,0,0
6,1.0,2.0,h_x,-0.2,100000,0.5768041666666667,0.9759332941176472,0.57887,0.42113,0,0,0
6,1.0,2.0,h_x,-0.1,100000,0.5380438888888889,0.9760042352941175,0.53835,0.46165,0,0,0
6,1.0,2.0,h_x,0.0,100000,0.49990416666666665,0.9758915294117649,0.49973,0.50027,0,0,0
6,1.0,2.0,h_x,0.1,100000,0.46158333333333335,0.9758282352941177,0.46099,0.53901,0,0,0
6,1.0,2.0,h_x,0.2,100000,0.42258194444444447,0.9759004705882354,0.42085,0.57915,0,0,0
6,1.0,2.0,h_x,0.4,100000,0.3377819444444444,0.9757350588235294,0.33375,0.66625,0,0,0
6,1.0,2.0,h_x,0.6,100000,0.24382444444444445,0.9770054117647061,0.2369,0.7631,0,0,0
6,1.0,2.0,h_y,-0.6,100000,0.7543358333333333,0.9771360000000002,0.75984,0.24016,0,0,0
6,1.0,2.0,h_y,-0.4,100000,0.6604144444444444,0.9758645882352942,0.66464,0.33536,0,0,0
6,1.0,2.0,h_y,-0.2,100000,0.5759544444444444,0.9759517647058824,0.57752,0.42248,0,0,0
6,1.0,2.0,h_y,-0.1,100000,0.5374561111111111,0.9759858823529409,0.53829,0.46171,0,0,0
6,1.0,2.0,h_y,0.0,100000,0.49966777777777777,0.9759370588235297,0.49979,0.50021,0,0,0
6,1.0,2.0,h_y,0.1,100000,0.46187055555555556,0.9758857647058823,0.46117,0.53883,0,0,0
6,1.0,2.0,h_y,0.2,100000,0.42306333333333335,0.9757417647058827,0.42203,0.57797,0,0,0
6,1.0,2.0,h_y,0.4,100000,0.33665555555555554,0.9751245882352939,0.33262,0.66738,0,0,0
6,1.0,2.0,h_y,0.6,100000,0.24068972222222224,0.9769384705882354,0.23387,0.76613,0,0,0
6,1.0,2.0,h_z,-0.6,100000,0.9142352777777778,0.9802084705882353,0.92863,0.07137,0,0,0
6,1.0,2.0,h_z,-0.4,100000,0.8426894444444445,0.9723471764705884,0.85781,0.14219,0,0,0
6,1.0,2.0,h_z,-0.2,100000,0.74254,0.9663530588235294,0.75568,0.24432,0,0,0
6,1.0,2.0,h_z,-0.1,100000,0.6822152777777778,0.9650240000000001,0.69374,0.30626,0,0,0
6,1.0,2.0,h_z,0.0,100000,0.6170380555555556,0.9644550588235297,0.62746,0.37254,0,0,0
6,1.0,2.0,h_z,0.1,100000,0.5479027777777777,0.9647969411764707,0.55502,0.44498,0,0,0
6,1.0,2.0,h_z,0.2,100000,0.47592388888888887,0.9656801176470586,0.48001,0.51999,0,0,0
6,1.0,2.0,h_z,0.4,100000,0.322765,0.9665157647058825,0.32296,0.67704,0,0,0
6,1.0,2.0,h_z,0.6,100000,0.14118694444444443,0.9723372941176471,0.13453,0.86547,0,0,0
6,2.0,2.0,h_x,-0.6,100000,0.7615402777777778,0.9549469411764707,0.77932,0.22068,0,0,0
6,2.0,2.0,h_x,-0.4,100000,0.6671013888888889,0.9524125882352943,0.67856,0.32144,0,0,0
6,2.0,2.0,h_x,-0.2,100000,0.5823280555555556,0.9519156470588233,0.58634,0.41366,0,0,0
6,2.0,2.0,h_x,-0.1,100000,0.5426016666666666,0.9519310588235294,0.54414,0.45586,0,0,0
6,2.0,2.0,h_x,0.0,100000,0.5035591666666667,0.9520029411764707,0.50322,0.49678,0,0,0
6,2.0,2.0,h_x,0.1,100000,0.46467833333333336,0.9519625882352938,0.46157,0.53843,0,0,0
6,2.0,2.0,h_x,0.2,100000,0.42475972222222225,0.9517938823529407,0.41943,0.58057,0,0,0
6,2.0,2.0,h_x,0.4,100000,0.33873055555555553,0.9517898823529414,0.32697,0.67303,0,0,0
6,2.0,2.0,h_x,0.6,100000,0.24267333333333332,0.954117882352941,0.22365,0.77635,0,0,0
6,2.0,2.0,h_y,-0.6,100000,0.7602436111111112,0.9547302352941176,0.78086,0.21914,0,0,0
6,2.0,2.0,h_y,-0.4,100000,0.6647458333333334,0.9522308235294119,0.67908,0.32092,0,0,0
6,2.0,2.0,h_y,-0.2,100000,0.5791619444444445,0.9517997647058825,0.58609,0.41391,0,0,0
6,2.0,2.0,h_y,-0.1,100000,0.5392094444444444,0.9518731764705881,0.54214,0.45786,0,0,0
6,2.0,2.0,h_y,0.0,100000,0.5002538888888889,0.9520363529411763,0.49968,0.50032,0,0,0
6,2.0,2.0,h_y,0.1,100000,0.46132805555555556,0.9519077647058819,0.4577,0.5423,0,0,0
6,2.0,2.0,h_y,0.2,100000,0.421375,0.951706705882353,0.41455,0.58545,0,0,0
6,2.0,2.0,h_y,0.4,100000,0.33525083333333333,0.9520437647058824,0.3227,0.6773,0,0,0
6,2.0,2.0,h_y,0.6,100000,0.2399236111111111,0.9547677647058823,0.22113,0.77887,0,0,0
6,2.0,2.0,h_z,-0.6,100000,0.9145416666666667,0.9610083529411764,0.95788,0.04212,0,0,0
6,2.0,2.0,h_z,-0.4,100000,0.8466127777777778,0.9475808235294122,0.89465,0.10535,0,0,0
6,2.0,2.0,h_z,-0.2,100000,0.7541011111111111,0.9360137647058825,0.80038,0.19962,0,0,0
6,2.0,2.0,h_z,-0.1,100000,0.6975075,0.9319207058823532,0.73929,0.26071,0,0,0
6,2.0,2.0,h_z,0.0,100000,0.6342477777777777,0.9296344705882355,0.67014,0.32986,0,0,0
6,2.0,2.0,h_z,0.1,100000,0.5653252777777777,0.9291377647058827,0.59319,0.40681,0,0,0
6,2.0,2.0,h_z,0.2,100000,0.4913075,0.9300149411764707,0.51202,0.48798,0,0,0
6,2.0,2.0,h_z,0.4,100000,0.33142055555555555,0.934118470588235,0.33764,0.66236,0,0,0
6,2.0,2.0,h_z,0.6,100000,0.16343805555555554,0.9487696470588235,0.14979,0.85021,0,0,0
6,4.0,2.0,h_x,-0.6,100000,0.7719813888888889,0.9155692941176471,0.82185,0.17815,0,0,0
6,4.0,2.0,h_x,-0.4,100000,0.6730947222222222,0.9102932941176471,0.70387,0.29613,0,0,0
6,4.0,2.0,h_x,-0.2,100000,0.5841061111111111,0.9082216470588231,0.59887,0.40113,0,0,0
6,4.0,2.0,h_x,-0.1,100000,0.5421905555555555,0.9079239999999998,0.54958,0.45042,0,0,0
6,4.0,2.0,h_x,0.0,100000,0.5007333333333334,0.907802823529412,0.501,0.499,0,0,0
6,4.0,2.0,h_x,0.1,100000,0.4594536111111111,0.9078614117647056,0.45262,0.54738,0,0,0
6,4.0,2.0,h_x,0.2,100000,0.4173383333333333,0.9081304705882354,0.40204,0.59796,0,0,0
6,4.0,2.0,h_x,0.4,100000,0.3283675,0.9099611764705883,0.2962,0.7038,0,0,0
6,4.0,2.0,h_x,0.6,100000,0.22848722222222223,0.9150824705882354,0.17632,0.82368,0,0,0
6,4.0,2.0,h_y,-0.6,100000,0.7712055555555556,0.9152649411764705,0.8219,0.1781,0,0,0
6,4.0,2.0,h_y,-0.4,100000,0.6719133333333334,0.9101035294117648,0.70291,0.29709,0,0,0
6,4.0,2.0,h_y,-0.2,100000,0.583135,0.9080315294117649,0.59788,0.40212,0,0,0
6,4.0,2.0,h_y,-0.1,100000,0.5409716666666666,0.907790117647059,0.5486,0.4514,0,0,0
6,4.0,2.0,h_y,0.0,100000,0.4995825,0.9076914117647061,0.50055,0.49945,0,0,0
6,4.0,2.0,h_y,0.1,100000,0.45816305555555553,0.9076537647058822,0.45172,0.54828,0,0,0
6,4.0,2.0,h_y,0.2,100000,0.41581583333333333,0.9080795294117648,0.4015,0.5985,0,0,0
6,4.0,2.0,h_y,0.4,100000,0.32710666666666666,0.9101099999999999,0.29506,0.70494,0,0,0
6,4.0,2.0,h_y,0.6,100000,0.22778055555555554,0.9154509411764705,0.17661,0.82339,0,0,0
6,4.0,2.0,h_z,-0.6,100000,0.9226077777777778,0.9307410588235298,0.98717,0.01283,0,0,0
6,4.0,2.0,h_z,-0.4,100000,0.8640386111111111,0.9081276470588237,0.95819,0.04181,0,0,0
6,4.0,2.0,h_z,-0.2,100000,0.7858666666666667,0.8878322352941177,0.90306,0.09694,0,0,0
6,4.0,2.0,h_z,-0.1,100000,0.7376775,0.8791368235294118,0.86071,0.13929,0,0,0
6,4.0,2.0,h_z,0.0,100000,0.6821997222222222,0.8720117647058823,0.80453,0.19547,0,0,0
6,4.0,2.0,h_z,0.1,100000,0.6191911111111111,0.867533294117647,0.72777,0.27223,0,0,0
6,4.0,2.0,h_z,0.2,100000,0.5485944444444445,0.866707411764706,0.63282,0.36718,0,0,0
6,4.0,2.0,h_z,0.4,100000,0.3878211111111111,0.8781950588235296,0.41461,0.58539,0,0,0
6,4.0,2.0,h_z,0.6,100000,0.2188138888888889,0.9062514117647058,0.19665,0.80335,0,0,0
7,1.0,2.0,h_x,-0.6,100000,0.7583595918367347,0.9808567500000002,0.76491,0.23509,0,0,0
7,1.0,2.0,h_x,-0.4,100000,0.6634867346938775,0.9797022499999999,0.66716,0.33284,0,0,0
7,1.0,2.0,h_x,-0.2,100000,0.5778606122448979,0.9797309166666668,0.57941,0.42059,0,0,0
7,1.0,2.0,h_x,-0.1,100000,0.5385108163265306,0.9799027499999998,0.53994,0.46006,0,0,0
7,1.0,2.0,h_x,0.0,100000,0.500475918367347,0.9800409999999999,0.50035,0.49965,0,0,0
7,1.0,2.0,h_x,0.1,100000,0.46281877551020406,0.9800827499999999,0.46133,0.53867,0,0,0
7,1.0,2.0,h_x,0.2,100000,0.42423285714285713,0.9799534999999996,0.42272,0.57728,0,0,0
7,1.0,2.0,h_x,0.4,100000,0.33994816326530614,0.9798674999999999,0.33644,0.66356,0,0,0
7,1.0,2.0,h_x,0.6,100000,0.24567408163265306,0.9809208333333336,0.24013,0.75987,0,0,0
7,1.0,2.0,h_y,-0.6,100000,0.7546689795918368,0.9809240833333333,0.76193,0.23807,0,0,0
7,1.0,2.0,h_y,-0.4,100000,0.6605116326530612,0.9798225000000002,0.6643,0.3357,0,0,0
7,1.0,2.0,h_y,-0.2,100000,0.5756138775510204,0.9798570000000001,0.57811,0.42189,0,0,0
7,1.0,2.0,h_y,-0.1,100000,0.5363540816326531,0.9799050833333335,0.53726,0.46274,0,0,0
7,1.0,2.0,h_y,0.0,100000,0.49824183673469385,0.9799057499999998,0.49762,0.50238,0,0,0
7,1.0,2.0,h_y,0.1,100000,0.4600769387755102,0.9799412500000001,0.45859,0.54141,0,0,0
7,1.0,2.0,h_y,0.2,100000,0.42137755102040814,0.979943,0.41958,0.58042,0,0,0
7,1.0,2.0,h_y,0.4,100000,0.33710102040816325,0.9799810000000001,0.33292,0.66708,0,0,0
7,1.0,2.0,h_y,0.6,100000,0.24358877551020408,0.9809860833333334,0.23746,0.76254,0,0,0
7,1.0,2.0,h_z,-0.6,100000,0.9143877551020408,0.9834178333333334,0.9281,0.0719,0,0,0
7,1.0,2.0,h_z,-0.4,100000,0.8430844897959183,0.9771969166666666,0.8577,0.1423,0,0,0
7,1.0,2.0,h_z,-0.2,100000,0.7433014285714286,0.97190975,0.75637,0.24363,0,0,0
7,1.0,2.0,h_z,-0.1,100000,0.6831975510204081,0.9707976666666669,0.69425,0.30575,0,0,0
7,1.0,2.0,h_z,0.0,100000,0.6180385714285714,0.9703240833333334,0.62595,0.37405,0,0,0
7,1.0,2.0,h_z,0.1,100000,0.5488744897959184,0.9705417499999998,0.55442,0.44558,0,0,0
7,1.0,2.0,h_z,0.2,100000,0.4766665306122449,0.9712223333333334,0.48104,0.51896,0,0,0
7,1.0,2.0,h_z,0.4,100000,0.3234661224489796,0.9719235833333332,0.32545,0.67455,0,0,0
7,1.0,2.0,h_z,0.6,100000,0.14032551020408163,0.9766269999999997,0.13504,0.86496,0,0,0
7,2.0,2.0,h_x,-0.6,100000,0.758284081632653,0.9621174999999998,0.77625,0.22375,0,0,0
7,2.0,2.0,h_x,-0.4,100000,0.6625824489795918,0.9599873333333335,0.67417,0.32583,0,0,0
7,2.0,2.0,h_x,-0.2,100000,0.5770757142857142,0.9599104166666665,0.58241,0.41759,0,0,0
7,2.0,2.0,h_x,-0.1,100000,0.5375851020408163,0.9600823333333335,0.54003,0.45997,0,0,0
7,2.0,2.0,h_x,0.0,100000,0.4989944897959184,0.9602163333333333,0.49842,0.50158,0,0,0
7,2.0,2.0,h_x,0.1,100000,0.4605955102040816,0.9602534999999999,0.45794,0.54206,0,0,0
7,2.0,2.0,h_x,0.2,100000,0.42099183673469387,0.9600565000000001,0.41444,0.58556,0,0,0
7,2.0,2.0,h_x,0.4,100000,0.3357312244897959,0.9602051666666668,0.32406,0.67594,0,0,0
7,2.0,2.0,h_x,0.6,100000,0.24068816326530612,0.962147,0.22162,0.77838,0,0,0
7,2.0,2.0,h_y,-0.6,100000,0.761445918367347,0.9620547500000001,0.78064,0.21936,0,0,0
7,2.0,2.0,h_y,-0.4,100000,0.6659110204081633,0.9599925000000001,0.67773,0.32227,0,0,0
7,2.0,2.0,h_y,-0.2,100000,0.579814693877551,0.9598990833333331,0.58608,0.41392,0,0,0
7,2.0,2.0,h_y,-0.1,100000,0.5401202040816326,0.9599548333333331,0.54439,0.45561,0,0,0
7,2.0,2.0,h_y,0.0,100000,0.5011210204081633,0.9599495833333335,0.5022,0.4978,0,0,0
7,2.0,2.0,h_y,0.1,100000,0.46202,0.9599225833333334,0.45944,0.54056,0,0,0
7,2.0,2.0,h_y,0.2,100000,0.4221334693877551,0.9597602500000001,0.41708,0.58292,0,0,0
7,2.0,2.0,h_y,0.4,100000,0.33596489795918366,0.9599104166666664,0.32309,0.67691,0,0,0
7,2.0,2.0,h_y,0.6,100000,0.24011897959183673,0.9620760833333334,0.22088,0.77912,0,0,0
7,2.0,2.0,h_z,-0.6,100000,0.9150957142857142,0.9677197500000001,0.95771,0.04229,0,0,0
7,2.0,2.0,h_z,-0.4,100000,0.8469989795918368,0.9565444166666666,0.8951,0.1049,0,0,0
7,2.0,2.0,h_z,-0.2,100000,0.7543148979591837,0.9467681666666666,0.8011,0.1989,0,0,0
7,2.0,2.0,h_z,-0.1,100000,0.6975477551020408,0.94336425,0.7407,0.2593,0,0,0
7,2.0,2.0,h_z,0.0,100000,0.6341263265306123,0.9413295000000004,0.67073,0.32927,0,0,0
7,2.0,2.0,h_z,0.1,100000,0.5647861224489796,0.9408799166666669,0.59435,0.40565,0,0,0
7,2.0,2.0,h_z,0.2,100000,0.49088489795918366,0.9415837500000003,0.51228,0.48772,0,0,0
7,2.0,2.0,h_z,0.4,100000,0.3316351020408163,0.9448093333333332,0.33948,0.66052,0,0,0
7,2.0,2.0,h_z,0.6,100000,0.16235122448979591,0.9570394166666664,0.15074,0.84926,0,0,0
7,4.0,2.0,h_x,-0.6,100000,0.7699681632653061,0.9285220833333335,0.82219,0.17781,0,0,0
7,4.0,2.0,h_x,-0.4,100000,0.67014,0.9246067499999999,0.70166,0.29834,0,0,0
7,4.0,2.0,h_x,-0.2,100000,0.5816848979591837,0.9232968333333333,0.59506,0.40494,0,0,0
7,4.0,2.0,h_x,-0.1,100000,0.5398781632653061,0.9230973333333332,0.54633,0.45367,0,0,0
7,4.0,2.0,h_x,0.0,100000,0.4987218367346939,0.9230262500000004,0.49803,0.50197,0,0,0
7,4.0,2.0,h_x,0.1,100000,0.45753163265306124,0.9231250833333333,0.44881,0.55119,0,0,0
7,4.0,2.0,h_x,0.2,100000,0.41570632653061224,0.9234781666666668,0.39959,0.60041,0,0,0
7,4.0,2.0,h_x,0.4,100000,0.32778326530612245,0.9251309166666665,0.29527,0.70473,0,0,0
7,4.0,2.0,h_x,0.6,100000,0.2289377551020408,0.9290929999999998,0.17651,0.82349,0,0,0
7,4.0,2.0,h_y,-0.6,100000,0.7726030612244899,0.9291059166666668,0.82526,0.17474,0,0,0
7,4.0,2.0,h_y,-0.4,100000,0.6733373469387756,0.9247317499999999,0.70587,0.29413,0,0,0
7,4.0,2.0,h_y,-0.2,100000,0.5843955102040816,0.9230821666666664,0.59955,0.40045,0,0,0
7,4.0,2.0,h_y,-0.1,100000,0.5421877551020409,0.9228659166666668,0.54942,0.45058,0,0,0
7,4.0,2.0,h_y,0.0,100000,0.5007485714285714,0.9228401666666666,0.49997,0.50003,0,0,0
7,4.0,2.0,h_y,0.1,100000,0.4594318367346939,0.9228905833333333,0.45095,0.54905,0,0,0
7,4.0,2.0,h_y,0.2,100000,0.417465306122449,0.923155,0.40163,0.59837,0,0,0
7,4.0,2.0,h_y,0.4,100000,0.3287034693877551,0.9245418333333336,0.29543,0.70457,0,0,0
7,4.0,2.0,h_y,0.6,100000,0.22926673469387754,0.9286716666666666,0.17614,0.82386,0,0,0
7,4.0,2.0,h_z,-0.6,100000,0.9224077551020409,0.9417388333333332,0.98681,0.01319,0,0,0
7,4.0,2.0,h_z,-0.4,100000,0.8636889795918368,0.9230656666666663,0.95927,0.04073,0,0,0
7,4.0,2.0,h_z,-0.2,100000,0.7847559183673469,0.9059605833333331,0.90529,0.09471,0,0,0
7,4.0,2.0,h_z,-0.1,100000,0.7359297959183674,0.8985960833333332,0.86352,0.13648,0,0,0
7,4.0,2.0,h_z,0.0,100000,0.6799379591836735,0.8926918333333335,0.80548,0.19452,0,0,0
7,4.0,2.0,h_z,0.1,100000,0.616209387755102,0.8891095,0.72729,0.27271,0,0,0
7,4.0,2.0,h_z,0.2,100000,0.5450522448979592,0.888530166666667,0.63428,0.36572,0,0,0
7,4.0,2.0,h_z,0.4,100000,0.3844530612244898,0.8983399166666668,0.41633,0.58367,0,0,0
7,4.0,2.0,h_z,0.6,100000,0.21616142857142856,0.9213886666666666,0.19704,0.80296,0,0,0
