config_id,cycles,twist,guide_field,center_offset,diffusion_time,field_line_count,integration_step_count,endpoint_displacement_mean,endpoint_displacement_max,maximum_squashing_factor,p95_squashing_factor,mean_log10_squashing_factor,maximum_unconstrained_squashing_factor,maximum_mapping_stretch,mean_log_mapping_stretch,maximum_finite_length_lyapunov,minimum_mapping_jacobian_abs_determinant,mean_area_preservation_residual,maximum_area_preservation_residual,mean_absolute_neighbor_winding,maximum_absolute_neighbor_winding,neighbor_winding_over_quarter_turn_rate,mean_direction_sphere_path_length,maximum_direction_sphere_path_length,mean_integrated_parallel_current_abs,maximum_integrated_parallel_current_abs,finite_trajectory,maximum_numerical_divergence_abs,mean_magnetic_energy_density,mean_free_energy_density_above_guide,mean_current_density,maximum_current_density,mean_lorentz_force_density,maximum_lorentz_force_density,mean_force_free_misalignment_sine
n1_k0.5_b0.75_s0.75_rho0,1,0.5,0.75,0.75,0.0,169,128,1.015854835510254,2.8517091274261475,21.81836700439453,16.86562156677246,0.7811439037322998,71.12432861328125,4.631016731262207,0.8715350031852722,0.09579852968454361,0.17498907446861267,0.3643595278263092,2.5138120651245117,0.13083839416503906,0.6433089375495911,0.1666666716337204,1.0725229978561401,2.8977127075195312,0.9904056787490845,5.293272972106934,True,7.450580596923828e-06,0.28611716628074646,0.00486716628074646,0.06622911244630814,1.4142135381698608,0.023589177057147026,0.30714863538742065,0.5062884092330933
n1_k0.5_b0.75_s0.75_rho0.25,1,0.5,0.75,0.75,0.25,169,128,0.6528995037078857,1.6971185207366943,5.343084812164307,4.670759677886963,0.4792064428329468,6.049293041229248,2.2621757984161377,0.46763086318969727,0.05102044343948364,0.7997903823852539,0.043793804943561554,0.2002096176147461,0.07444782555103302,0.28684189915657043,0.01923076994717121,0.6414567232131958,1.179429054260254,0.516130268573761,2.1435439586639404,True,7.450580596923828e-06,0.2831527590751648,0.001902759075164795,0.0420321524143219,0.5621825456619263,0.014023654162883759,0.06618442386388779,0.5587835311889648
n1_k0.5_b0.75_s0.75_rho1,1,0.5,0.75,0.75,1.0,169,128,0.2248121201992035,0.4898049831390381,2.1124095916748047,2.105739116668701,0.31247109174728394,2.115133285522461,1.1829242706298828,0.11081153154373169,0.010499347932636738,0.9974523782730103,0.0012280921218916774,0.0033968687057495117,0.020575886592268944,0.05952398106455803,0.0,0.22573618590831757,0.28627291321754456,0.16730646789073944,0.40986794233322144,True,1.3969838619232178e-06,0.2815903127193451,0.0003403127193450928,0.016857760027050972,0.1110951229929924,0.005917144939303398,0.01380427461117506,0.6080977320671082
n1_k0.5_b0.75_s1.25_rho0,1,0.5,0.75,1.25,0.0,169,128,1.19831120967865,3.4519145488739014,25.451236724853516,20.03228187561035,0.7978721857070923,143.69830322265625,5.043363571166992,0.8905069828033447,0.10112957656383514,0.06752566248178482,0.3066450357437134,2.155003070831299,0.15657882392406464,0.5987716317176819,0.21794871985912323,0.9990172386169434,2.4355149269104004,1.1265591382980347,5.46840763092041,True,1.1175870895385742e-05,0.28609275817871094,0.0048427581787109375,0.0635581910610199,1.3278682231903076,0.023635655641555786,0.3407253324985504,0.500792384147644
n1_k0.5_b0.75_s1.25_rho0.25,1,0.5,0.75,1.25,0.25,169,128,0.8503465056419373,2.1023950576782227,6.750665664672852,5.791095733642578,0.5274606347084045,7.715461730957031,2.5708858966827393,0.5372110605239868,0.0590156614780426,0.8273898363113403,0.04588286206126213,0.17261016368865967,0.09311895072460175,0.3088010251522064,0.044871795922517776,0.5820627808570862,1.13699471950531,0.6561369895935059,2.514181613922119,True,1.1175870895385742e-05,0.2831129729747772,0.0018629729747772217,0.040413450449705124,0.5391212701797485,0.013582775369286537,0.06520087271928787,0.5421190857887268
n1_k0.5_b0.75_s1.25_rho1,1,0.5,0.75,1.25,1.0,169,128,0.32736319303512573,0.6953665018081665,2.225205421447754,2.208841323852539,0.3224313259124756,2.227456569671631,1.265852689743042,0.1516142189502716,0.014734121970832348,0.9961749315261841,0.001772179501131177,0.004451155662536621,0.028538163751363754,0.07977988570928574,0.0,0.20491361618041992,0.27499550580978394,0.2339438945055008,0.5669233798980713,True,2.444721758365631e-06,0.2815715968608856,0.0003215968608856201,0.016437290236353874,0.10881706327199936,0.005501218140125275,0.013489090837538242,0.5813981890678406
n1_k0.5_b1.25_s0.75_rho0,1,0.5,1.25,0.75,0.0,169,128,0.6367577910423279,2.027484178543091,9.166683197021484,7.6480183601379395,0.5563349723815918,16.140039443969727,3.005967617034912,0.5789425373077393,0.06878747045993805,0.3371632695198059,0.11755239963531494,0.6628367304801941,0.08413729071617126,0.4127703309059143,0.06730769574642181,0.6058209538459778,1.5303616523742676,0.999036431312561,5.120418548583984,True,7.450580596923828e-06,0.7861171364784241,0.004867136478424072,0.06622911244630814,1.4142135381698608,0.03411183878779411,0.30714869499206543,0.4934006631374359
n1_k0.5_b1.25_s0.75_rho0.25,1,0.5,1.25,0.75,0.25,169,128,0.39539825916290283,1.0569381713867188,3.081604242324829,2.9345803260803223,0.3740350902080536,3.1260299682617188,1.6495425701141357,0.28413262963294983,0.03128112852573395,0.9560489058494568,0.013980054296553135,0.04762732982635498,0.04454214498400688,0.17819181084632874,0.0,0.3736412525177002,0.6756831407546997,0.514948844909668,2.0801286697387695,True,7.450580596923828e-06,0.78315269947052,0.0019026994705200195,0.0420321561396122,0.5621825456619263,0.02191615290939808,0.09307873994112015,0.5487345457077026
n1_k0.5_b1.25_s0.75_rho1,1,0.5,1.25,0.75,1.0,169,128,0.13493366539478302,0.2958224415779114,2.040815591812134,2.0369510650634766,0.3051801919937134,2.040902614593506,1.1058549880981445,0.06655686348676682,0.0062886737287044525,0.9985556602478027,0.0006266625132411718,0.0015739202499389648,0.0122697614133358,0.03581029549241066,0.0,0.13441555202007294,0.17064020037651062,0.1674206256866455,0.40533265471458435,True,1.3969838619232178e-06,0.7815903425216675,0.00034034252166748047,0.016857760027050972,0.1110951229929924,0.009711990132927895,0.022953296080231667,0.6034106612205505
n1_k0.5_b1.25_s1.25_rho0,1,0.5,1.25,1.25,0.0,169,128,0.7772372961044312,2.1508970260620117,9.485803604125977,7.7413249015808105,0.573432445526123,12.537140846252441,3.0666697025299072,0.6011838316917419,0.07003700733184814,0.689464271068573,0.0847042128443718,0.33436620235443115,0.09785506874322891,0.3862949311733246,0.08974359184503555,0.5605207681655884,1.3433051109313965,1.1304173469543457,5.468422889709473,True,1.1175870895385742e-05,0.7860928177833557,0.004842817783355713,0.0635581910610199,1.3278682231903076,0.03398604318499565,0.3407253324985504,0.4879978895187378
n1_k0.5_b1.25_s1.25_rho0.25,1,0.5,1.25,1.25,0.25,169,128,0.5185123682022095,1.2743743658065796,3.582754135131836,3.3065857887268066,0.39913830161094666,3.6846299171447754,1.8136552572250366,0.33184656500816345,0.03720901906490326,0.9593906402587891,0.014000753872096539,0.04060935974121094,0.05622739717364311,0.19311921298503876,0.0,0.33901089429855347,0.6543113589286804,0.656271755695343,2.5141828060150146,True,1.1175870895385742e-05,0.7831129431724548,0.001862943172454834,0.040413446724414825,0.5391212701797485,0.02111918479204178,0.09431848675012589,0.532416045665741
n1_k0.5_b1.25_s1.25_rho1,1,0.5,1.25,1.25,1.0,169,128,0.19658900797367096,0.4160211682319641,2.0804131031036377,2.0735435485839844,0.30888551473617554,2.082059383392334,1.1525418758392334,0.09136693179607391,0.008873114362359047,0.9982568025588989,0.0008458470110781491,0.0019516944885253906,0.017061108723282814,0.04800935089588165,0.0,0.12230601161718369,0.16632366180419922,0.23373156785964966,0.5680064558982849,True,2.444721758365631e-06,0.7815716862678528,0.0003216862678527832,0.016437290236353874,0.10881706327199936,0.009018938057124615,0.022444559261202812,0.5769719481468201
n1_k1_b0.75_s0.75_rho0,1,1.0,0.75,0.75,0.0,169,128,1.675204873085022,3.9609248638153076,50.5977897644043,30.257532119750977,1.0767643451690674,258.11907958984375,7.0692620277404785,1.2026082277297974,0.1222347542643547,0.015649927780032158,1.87179434299469,11.174772262573242,0.23001350462436676,1.1092830896377563,0.33974358439445496,2.407094717025757,7.298260688781738,2.0079143047332764,10.665742874145508,True,1.4901161193847656e-05,0.3007185459136963,0.01946854591369629,0.13245822489261627,2.8284270763397217,0.06369438022375107,1.228594422340393,0.532368540763855
n1_k1_b0.75_s0.75_rho0.25,1,1.0,0.75,0.75,0.25,169,128,1.261637806892395,2.8153133392333984,17.567279815673828,14.667218208312988,0.7673036456108093,120.23956298828125,4.181400775909424,0.8537731170654297,0.08941539376974106,0.06353208422660828,0.28669416904449463,1.6111338138580322,0.14249397814273834,0.538634717464447,0.18269230425357819,1.3825503587722778,2.6839895248413086,1.0385128259658813,4.2680983543396,True,1.4901161193847656e-05,0.2888610064983368,0.007611006498336792,0.0840643048286438,1.1243650913238525,0.0326981395483017,0.26473549008369446,0.582563042640686
n1_k1_b0.75_s0.75_rho1,1,1.0,0.75,0.75,1.0,169,128,0.44875282049179077,0.9659025073051453,2.470374822616577,2.443094491958618,0.345237672328949,2.4707741737365723,1.399267315864563,0.22050724923610687,0.02099679782986641,0.9909189343452454,0.004103591665625572,0.01217031478881836,0.04206099361181259,0.11900670826435089,0.0,0.45942723751068115,0.5875384211540222,0.3343140184879303,0.8278740644454956,True,2.7939677238464355e-06,0.28261131048202515,0.0013613104820251465,0.033715520054101944,0.2221902459859848,0.012308414094150066,0.0278855599462986,0.620018482208252
n1_k1_b0.75_s1.25_rho0,1,1.0,0.75,1.25,0.0,169,128,1.769027829170227,5.032266616821289,70.67252349853516,40.52510452270508,1.0864728689193726,442.85406494140625,8.37648868560791,1.2217845916748047,0.13283930718898773,0.03443744033575058,1.4903157949447632,10.986557960510254,0.2964381277561188,1.1406306028366089,0.42628204822540283,2.259366273880005,5.4343109130859375,2.2823526859283447,10.936677932739258,True,2.2351741790771484e-05,0.3006209433078766,0.019370943307876587,0.1271163821220398,2.6557364463806152,0.06445508450269699,1.3629013299942017,0.5267224311828613
n1_k1_b0.75_s1.25_rho0.25,1,1.0,0.75,1.25,0.25,169,128,1.578829050064087,3.8049018383026123,24.980453491210938,21.35927963256836,0.8333507180213928,2060.535888671875,4.993574619293213,0.9354743361473083,0.10050950199365616,0.008764388039708138,0.31676942110061646,2.146418333053589,0.17297349870204926,0.5892524123191833,0.25,1.2579156160354614,2.533747434616089,1.306168794631958,5.028353214263916,True,2.2351741790771484e-05,0.2887018620967865,0.007451862096786499,0.08082690089941025,1.078242540359497,0.03201363980770111,0.26080289483070374,0.5650877356529236
n1_k1_b0.75_s1.25_rho1,1,1.0,0.75,1.25,1.0,169,128,0.6520748138427734,1.3596822023391724,2.9345269203186035,2.854530096054077,0.3797597289085388,2.9665143489837646,1.5970022678375244,0.29834040999412537,0.029258018359541893,0.9841146469116211,0.0063415588811039925,0.017296910285949707,0.05786964297294617,0.15846994519233704,0.0,0.4169687032699585,0.5627515316009521,0.4666384160518646,1.1307200193405151,True,4.889443516731262e-06,0.2825363874435425,0.0012863874435424805,0.03287458047270775,0.21763412654399872,0.011476600542664528,0.027321623638272285,0.5927034616470337
n1_k1_b1.25_s0.75_rho0,1,1.0,1.25,0.75,0.0,169,128,1.1759368181228638,3.1371796131134033,29.541765213012695,20.91461753845215,0.8561477661132812,146.56512451171875,5.433192253112793,0.9600950479507446,0.10578292608261108,0.06647512316703796,0.6097913980484009,4.327528476715088,0.15285460650920868,0.6988599300384521,0.1955128163099289,1.334275722503662,3.700641632080078,2.0155301094055176,10.356788635253906,True,1.4901161193847656e-05,0.8007185459136963,0.01946854591369629,0.13245822489261627,2.8284270763397217,0.08397449553012848,1.2285945415496826,0.5122044086456299
n1_k1_b1.25_s0.75_rho0.25,1,1.0,1.25,0.75,0.25,169,128,0.779177188873291,1.9911116361618042,6.912802219390869,6.261186599731445,0.5386440753936768,8.952614784240723,2.5939784049987793,0.5550984740257263,0.05957454815506935,0.6988300085067749,0.07332082837820053,0.31528162956237793,0.08805835992097855,0.3327212929725647,0.05128205195069313,0.7816606163978577,1.448086142539978,1.0316798686981201,4.205465316772461,True,1.4901161193847656e-05,0.7888610363006592,0.00761103630065918,0.0840643122792244,1.1243650913238525,0.04824404790997505,0.26473695039749146,0.5637246370315552
n1_k1_b1.25_s0.75_rho1,1,1.0,1.25,0.75,1.0,169,128,0.26970359683036804,0.5874900817871094,2.1629130840301514,2.155470848083496,0.3174201250076294,2.1662042140960693,1.2230219841003418,0.1328619420528412,0.012582802213728428,0.996897280216217,0.0016155671328306198,0.004655122756958008,0.02478659152984619,0.07127048075199127,0.0,0.2715926468372345,0.3455401659011841,0.33383530378341675,0.8202411532402039,True,2.7939677238464355e-06,0.7826112508773804,0.001361250877380371,0.033715520054101944,0.2221902459859848,0.019877275452017784,0.046082835644483566,0.6104626059532166
n1_k1_b1.25_s1.25_rho0,1,1.0,1.25,1.25,0.0,169,128,1.3667161464691162,3.8832874298095703,37.01547622680664,26.707996368408203,0.8954384326934814,368.6440124511719,6.044590950012207,1.0084980726242065,0.11244773864746094,0.017366748303174973,0.5235099792480469,3.434206962585449,0.18504047393798828,0.70076584815979,0.2756410241127014,1.2342514991760254,2.936508893966675,2.2506048679351807,10.936795234680176,True,2.2351741790771484e-05,0.800620973110199,0.019370973110198975,0.1271163821220398,2.6557364463806152,0.08434388786554337,1.3629013299942017,0.5066715478897095
n1_k1_b1.25_s1.25_rho0.25,1,1.0,1.25,1.25,0.25,169,128,1.009263277053833,2.4346001148223877,9.129708290100098,7.8089118003845215,0.595834493637085,10.852596282958984,3.0085747241973877,0.6332157254219055,0.06884165108203888,0.6454933285713196,0.07727942615747452,0.3545066714286804,0.10972723364830017,0.37193650007247925,0.07371795177459717,0.710402250289917,1.3941774368286133,1.3138736486434937,5.028361797332764,True,2.2351741790771484e-05,0.7887018322944641,0.007451832294464111,0.08082689344882965,1.078242540359497,0.04683844745159149,0.2608032822608948,0.5468916893005371
n1_k1_b1.25_s1.25_rho1,1,1.0,1.25,1.25,1.0,169,128,0.39260098338127136,0.8335721492767334,2.32830810546875,2.30251145362854,0.331449955701828,2.3335328102111816,1.3281290531158447,0.18140172958374023,0.01773570105433464,0.9947301149368286,0.0023734169080853462,0.006175041198730469,0.03431684523820877,0.09581757336854935,0.0,0.24663850665092468,0.33130350708961487,0.4673728346824646,1.1323299407958984,True,4.889443516731262e-06,0.7825363278388977,0.001286327838897705,0.03287458047270775,0.21763412654399872,0.018490776419639587,0.04501765966415405,0.5836368203163147
n1_k1.5_b0.75_s0.75_rho0,1,1.5,0.75,0.75,0.0,169,128,1.915897011756897,4.244538307189941,61.503074645996094,39.08616256713867,1.1687333583831787,217.08216857910156,7.511057376861572,1.3103575706481934,0.12602351605892181,0.03471074625849724,2.7675135135650635,16.463884353637695,0.32750260829925537,1.4251301288604736,0.4711538553237915,3.8708465099334717,12.19999885559082,2.913220167160034,15.308380126953125,True,4.470348358154297e-05,0.32505419850349426,0.04380419850349426,0.198687344789505,4.242640495300293,0.12178066372871399,2.7643368244171143,0.5514655113220215
n1_k1.5_b0.75_s0.75_rho0.25,1,1.5,0.75,0.75,0.25,169,128,1.7941663265228271,3.6132962703704834,37.47113037109375,29.32970428466797,0.9661587476730347,467.41558837890625,6.1202263832092285,1.092228889465332,0.11322493851184845,0.015633024275302887,0.6899919509887695,4.675551414489746,0.19849196076393127,0.7410641312599182,0.31089743971824646,2.2014057636260986,4.456365585327148,1.5573716163635254,6.154297828674316,True,1.3969838619232178e-05,0.2983747124671936,0.017124712467193604,0.1260964721441269,1.6865475177764893,0.05653747543692589,0.5956531763076782,0.6034518480300903
n1_k1.5_b0.75_s0.75_rho1,1,1.5,0.75,0.75,1.0,169,128,0.6713778972625732,1.4147976636886597,3.1069586277008057,3.04474139213562,0.39517274498939514,3.14160418510437,1.6558728218078613,0.328318327665329,0.03152051568031311,0.9707169532775879,0.009829333983361721,0.031346917152404785,0.06454106420278549,0.1776115894317627,0.0,0.7038162350654602,0.9027071595191956,0.4999077618122101,1.2270087003707886,True,6.05359673500061e-06,0.284312903881073,0.003062903881072998,0.05057327449321747,0.3332853615283966,0.019223565235733986,0.042490750551223755,0.6320792436599731
n1_k1.5_b0.75_s1.25_rho0,1,1.5,0.75,1.25,0.0,169,128,2.00349497795105,5.420188903808594,64.2015380859375,45.964576721191406,1.2625789642333984,529.1261596679688,7.9470696449279785,1.4109410047531128,0.12955020368099213,0.07323497533798218,3.306551694869995,17.324729919433594,0.42956268787384033,1.6166383028030396,0.5128205418586731,3.5265583992004395,8.503674507141113,3.351396322250366,16.431657791137695,True,4.470348358154297e-05,0.3248346149921417,0.043584614992141724,0.1906745880842209,3.983604907989502,0.12396592646837234,3.066527843475342,0.5456688404083252
n1_k1.5_b0.75_s1.25_rho0.25,1,1.5,0.75,1.25,0.25,169,128,2.124136447906494,4.819225311279297,45.85650634765625,35.03289031982422,1.0297232866287231,939.8406372070312,6.7542314529418945,1.164765477180481,0.11938557773828506,0.006334720179438591,0.7880963683128357,6.807765483856201,0.2479390949010849,0.830852210521698,0.39743590354919434,2.0015926361083984,4.036414623260498,1.9682188034057617,7.54250431060791,True,2.9802322387695312e-05,0.2980166971683502,0.01676669716835022,0.12124034017324448,1.6173639297485352,0.05581853538751602,0.5868059992790222,0.5852473378181458
n1_k1.5_b0.75_s1.25_rho1,1,1.5,0.75,1.25,1.0,169,128,0.9716327786445618,2.030935525894165,4.2261552810668945,4.023076057434082,0.4581487476825714,4.32637357711792,1.9967008829116821,0.4359077215194702,0.04321851581335068,0.950978696346283,0.016298502683639526,0.04902130365371704,0.08796948194503784,0.2333061844110489,0.0,0.6378735303878784,0.8666873574256897,0.6990389227867126,1.7027132511138916,True,5.587935447692871e-06,0.2841443419456482,0.0028943419456481934,0.049311865121126175,0.32645121216773987,0.017976632341742516,0.04179327189922333,0.604181170463562
n1_k1.5_b1.25_s0.75_rho0,1,1.5,1.25,0.75,0.0,169,128,1.5907360315322876,3.730372905731201,35.14311981201172,27.549266815185547,1.0583181381225586,1750.2530517578125,5.73868989944458,1.1846829652786255,0.10920193791389465,0.006721723824739456,1.6824373006820679,9.755572319030762,0.21163615584373474,0.9870603680610657,0.29807692766189575,2.1354825496673584,6.3417558670043945,2.9541280269622803,15.97067928314209,True,4.470348358154297e-05,0.8250541687011719,0.043804168701171875,0.198687344789505,4.242640495300293,0.15075252950191498,2.7643370628356934,0.5278120040893555
n1_k1.5_b1.25_s0.75_rho0.25,1,1.5,1.25,0.75,0.25,169,128,1.1460059881210327,2.6400749683380127,14.61109733581543,12.630878448486328,0.7149490118026733,69.26993560791016,3.8067433834075928,0.7874013185501099,0.08354838192462921,0.10734953731298447,0.21911850571632385,1.1831529140472412,0.13006415963172913,0.4988827407360077,0.16346153616905212,1.2260870933532715,2.3701844215393066,1.5434868335723877,6.319856643676758,True,1.3969838619232178e-05,0.7983746528625488,0.017124652862548828,0.1260964572429657,1.6865475177764893,0.07934528589248657,0.5956553816795349,0.5780152082443237
n1_k1.5_b1.25_s0.75_rho1,1,1.5,1.25,0.75,1.0,169,128,0.4040800929069519,0.8737069368362427,2.37455415725708,2.3551673889160156,0.3371485769748688,2.3784072399139404,1.3510382175445557,0.1986684799194336,0.018804583698511124,0.9929666519165039,0.0033399339299649,0.009902715682983398,0.03764139860868454,0.10695267468690872,0.0,0.4119461476802826,0.5257568359375,0.5016328692436218,1.2406425476074219,True,6.05359673500061e-06,0.784312903881073,0.003062903881072998,0.05057327821850777,0.3332853615283966,0.03052717261016369,0.06953411549329758,0.6176179051399231
n1_k1.5_b1.25_s1.25_rho0,1,1.5,1.25,1.25,0.0,169,128,1.6988847255706787,4.799323081970215,62.77436065673828,37.22221755981445,1.0625662803649902,731.7311401367188,7.896853446960449,1.1949071884155273,0.1291540265083313,0.0341196246445179,1.300396203994751,10.957740783691406,0.26991498470306396,1.0698686838150024,0.39743590354919434,1.9911677837371826,4.641619682312012,3.4290103912353516,16.40506935119629,True,4.470348358154297e-05,0.8248346447944641,0.04358464479446411,0.1906745880842209,3.983604907989502,0.15231135487556458,3.066527843475342,0.5221918225288391
n1_k1.5_b1.25_s1.25_rho0.25,1,1.5,1.25,1.25,0.25,169,128,1.4476118087768555,3.5497937202453613,21.206710815429688,16.819732666015625,0.778179943561554,134.40695190429688,4.601721286773682,0.8666922450065613,0.09540189802646637,0.11882031708955765,0.23861511051654816,1.2628405094146729,0.15896527469158173,0.5410294532775879,0.21153846383094788,1.1166176795959473,2.2467668056488037,1.9586478471755981,7.5425333976745605,True,2.9802322387695312e-05,0.7980166673660278,0.016766667366027832,0.12124035507440567,1.6173639297485352,0.07753317803144455,0.58680659532547,0.5606956481933594
n1_k1.5_b1.25_s1.25_rho1,1,1.5,1.25,1.25,1.0,169,128,0.5874680876731873,1.2333141565322876,2.7531135082244873,2.672941207885742,0.3661026656627655,2.778254985809326,1.5270979404449463,0.26960131525993347,0.026460573077201843,0.9878839254379272,0.005083667114377022,0.013628244400024414,0.05186815187335014,0.1431545466184616,0.0,0.37392356991767883,0.5051447153091431,0.6995636820793152,1.698686122894287,True,5.587935447692871e-06,0.7841443419456482,0.0028943419456481934,0.049311865121126175,0.32645121216773987,0.028447497636079788,0.06808386743068695,0.5904231667518616
n2_k0.5_b0.75_s0.75_rho0,2,0.5,0.75,0.75,0.0,169,256,1.6347006559371948,3.7549874782562256,44.726688385009766,35.34356689453125,1.0801469087600708,400.5151672363281,6.683748722076416,1.2058095932006836,0.05936497077345848,0.023446323350071907,1.6649030447006226,8.498736381530762,0.21448321640491486,1.0103870630264282,0.29487180709838867,2.1497316360473633,4.755565643310547,1.65655517578125,7.779994964599609,True,1.1641532182693481e-06,0.28640323877334595,0.005153238773345947,0.07002097368240356,1.4142135381698608,0.02493794821202755,0.30714863538742065,0.5016127824783325
n2_k0.5_b0.75_s0.75_rho0.25,2,0.5,0.75,0.75,0.25,169,256,1.2300076484680176,2.7916860580444336,15.173264503479004,12.922070503234863,0.6844788193702698,52.189571380615234,3.883192777633667,0.7425649166107178,0.04239555448293686,0.15379518270492554,0.18495498597621918,0.8598190546035767,0.13541293144226074,0.43448659777641296,0.16346153616905212,1.2919481992721558,2.1513497829437256,0.9900355935096741,3.900014877319336,True,3.026798367500305e-06,0.2832639515399933,0.002013951539993286,0.04437575489282608,0.5621825456619263,0.014818614348769188,0.06618442386388779,0.5532701015472412
n2_k0.5_b0.75_s0.75_rho1,2,0.5,0.75,0.75,1.0,169,256,0.453325480222702,0.9853276610374451,2.4718589782714844,2.4294114112854004,0.34465813636779785,2.4806406497955322,1.402528166770935,0.21922096610069275,0.010571138933300972,0.9918661713600159,0.0033443027641624212,0.008441448211669922,0.04094436764717102,0.11670827120542526,0.0,0.4640832543373108,0.584829568862915,0.3380826413631439,0.824159562587738,True,1.2996679288335145e-06,0.28160804510116577,0.0003580451011657715,0.017734166234731674,0.1110951229929924,0.006287024822086096,0.01380427461117506,0.6024096608161926
n2_k0.5_b0.75_s1.25_rho0,2,0.5,0.75,1.25,0.0,169,256,1.726337194442749,4.2585768699646,72.95736694335938,37.55036926269531,1.0898057222366333,1185.4561767578125,8.534802436828613,1.220464825630188,0.06700475513935089,0.03166012093424797,1.7833702564239502,11.534961700439453,0.28630727529525757,1.1342527866363525,0.39423078298568726,2.009815216064453,3.8156490325927734,2.1679069995880127,10.27177619934082,True,3.725290298461914e-06,0.2863776981830597,0.005127698183059692,0.06720376014709473,1.3278682231903076,0.024958541616797447,0.3407253623008728,0.49956580996513367
n2_k0.5_b0.75_s1.25_rho0.25,2,0.5,0.75,1.25,0.25,169,256,1.551988959312439,3.1501667499542236,22.760574340820312,17.807476043701172,0.7511271834373474,429.90924072265625,4.768227577209473,0.8197035789489746,0.04881170764565468,0.03782569617033005,0.2514422535896301,1.5039854049682617,0.17038191854953766,0.5109677314758301,0.2660256326198578,1.1671587228775024,1.961566686630249,1.2937219142913818,4.794891357421875,True,7.450580596923828e-06,0.28322258591651917,0.001972585916519165,0.04267027601599693,0.5391214489936829,0.014302536845207214,0.06520087271928787,0.5360705852508545
n2_k0.5_b0.75_s1.25_rho1,2,0.5,0.75,1.25,1.0,169,256,0.6578601598739624,1.3704636096954346,2.9413809776306152,2.8770318031311035,0.3779124617576599,2.9713473320007324,1.599483847618103,0.29406774044036865,0.014677530154585838,0.9864416718482971,0.005061644595116377,0.01355832815170288,0.05632724612951279,0.15131160616874695,0.0,0.4170874357223511,0.5492517948150635,0.47211551666259766,1.1491450071334839,True,2.153683453798294e-06,0.2815895676612854,0.0003395676612854004,0.017297854647040367,0.10881980508565903,0.005793152377009392,0.013489090837538242,0.5723958611488342
n2_k0.5_b1.25_s0.75_rho0,2,0.5,1.25,0.75,0.0,169,256,1.1359148025512695,2.8302969932556152,25.096660614013672,20.05931282043457,0.8085450530052185,64.0049057006836,4.9912614822387695,0.8994134068489075,0.05024027079343796,0.18946030735969543,0.4726896584033966,4.158109188079834,0.15181893110275269,0.7336817383766174,0.18589743971824646,1.2187559604644775,2.6309022903442383,1.847673773765564,9.188309669494629,True,1.1641532182693481e-06,0.7864031791687012,0.005153179168701172,0.07002096623182297,1.4142135381698608,0.036053720861673355,0.30714869499206543,0.48796722292900085
n2_k0.5_b1.25_s0.75_rho0.25,2,0.5,1.25,0.75,0.25,169,256,0.775656521320343,1.936735987663269,6.3779425621032715,5.60670280456543,0.5124026536941528,6.4475507736206055,2.494053602218628,0.5154325366020203,0.028559666126966476,0.8489999771118164,0.04238686338067055,0.1510000228881836,0.08440129458904266,0.30353307723999023,0.03846153989434242,0.7527379989624023,1.2671235799789429,1.0241584777832031,4.128683090209961,True,3.026798367500305e-06,0.7832639217376709,0.0020139217376708984,0.04437575489282608,0.5621825456619263,0.02315545827150345,0.09307873994112015,0.5426309704780579
n2_k0.5_b1.25_s0.75_rho1,2,0.5,1.25,0.75,1.0,169,256,0.27268150448799133,0.5965694785118103,2.1664175987243652,2.1552982330322266,0.31757670640945435,2.16723370552063,1.2241671085357666,0.1335606426000595,0.0063206469640135765,0.9965994954109192,0.001539339660666883,0.0035920143127441406,0.02464301511645317,0.07109834253787994,0.0,0.2766479551792145,0.34997645020484924,0.3385804295539856,0.8220796585083008,True,1.2996679288335145e-06,0.7816080451011658,0.0003580451011657715,0.017734166234731674,0.1110951229929924,0.010319732129573822,0.022953296080231667,0.5974549055099487
n2_k0.5_b1.25_s1.25_rho0,2,0.5,1.25,1.25,0.0,169,256,1.3453145027160645,3.038515567779541,33.343017578125,22.770427703857422,0.8468198776245117,183.67091369628906,5.772703170776367,0.9481441378593445,0.05478563904762268,0.06338415294885635,0.41583383083343506,3.5133347511291504,0.1816907376050949,0.7289348840713501,0.2660256326198578,1.12453031539917,2.1626577377319336,2.2147228717803955,10.584766387939453,True,3.725290298461914e-06,0.7863776683807373,0.005127668380737305,0.06720376014709473,1.3278682231903076,0.03587277978658676,0.3407253623008728,0.4860183894634247
n2_k0.5_b1.25_s1.25_rho0.25,2,0.5,1.25,1.25,0.25,169,256,1.0048468112945557,2.2540435791015625,8.402058601379395,7.5325188636779785,0.5647857785224915,8.917804718017578,2.8791353702545166,0.5826882123947144,0.03304656222462654,0.7925571203231812,0.05034762620925903,0.20744287967681885,0.106776162981987,0.3331027626991272,0.07371795177459717,0.6808297038078308,1.2464373111724854,1.3119163513183594,4.934967994689941,True,7.450580596923828e-06,0.7832225561141968,0.0019725561141967773,0.04267027974128723,0.5391214489936829,0.02222939021885395,0.09431848675012589,0.5257953405380249
n2_k0.5_b1.25_s1.25_rho1,2,0.5,1.25,1.25,1.0,169,256,0.3967914879322052,0.8411320447921753,2.3343505859375,2.3079543113708496,0.3316109776496887,2.3381402492523193,1.3310792446136475,0.18175218999385834,0.008937190286815166,0.9944814443588257,0.002245369367301464,0.005518555641174316,0.0341510996222496,0.0949745699763298,0.0,0.24894003570079803,0.33011311292648315,0.47254320979118347,1.1500309705734253,True,2.153683453798294e-06,0.7815896272659302,0.0003396272659301758,0.017297854647040367,0.10881980508565903,0.009496639482676983,0.022444559261202812,0.5677123069763184
n2_k1_b0.75_s0.75_rho0,2,1.0,0.75,0.75,0.0,169,256,2.2488608360290527,4.727015972137451,60.954078674316406,46.33299255371094,1.2401410341262817,433.4115905761719,7.807267189025879,1.389682650566101,0.06422046571969986,0.023624761030077934,3.404014825820923,15.571680068969727,0.3070344030857086,1.4553546905517578,0.4615384638309479,4.816708087921143,11.703866958618164,3.3467981815338135,11.071033477783203,True,2.3283064365386963e-06,0.3018628656864166,0.020612865686416626,0.14004194736480713,2.8284270763397217,0.06736338883638382,1.228594422340393,0.5292253494262695
n2_k1_b0.75_s0.75_rho0.25,2,1.0,0.75,0.75,0.25,169,256,2.0935540199279785,3.884608268737793,52.07926940917969,34.888126373291016,1.0531489849090576,462.336181640625,7.214019775390625,1.1802890300750732,0.06175082176923752,0.016226671636104584,1.3777416944503784,7.0311079025268555,0.23774822056293488,0.8993437886238098,0.3782051205635071,2.7737298011779785,4.565969467163086,1.7051397562026978,6.082447052001953,True,6.05359673500061e-06,0.28930580615997314,0.008055806159973145,0.08875150978565216,1.1243650913238525,0.034561336040496826,0.26473549008369446,0.5784434080123901
n2_k1_b0.75_s0.75_rho1,2,1.0,0.75,0.75,1.0,169,256,0.8951253890991211,1.8755708932876587,3.917091131210327,3.7743775844573975,0.44208669662475586,3.9764585494995117,1.910561203956604,0.4100226163864136,0.020231157541275024,0.9653581976890564,0.012911908328533173,0.034641802310943604,0.0813165083527565,0.21503882110118866,0.0,0.9411453008651733,1.171675205230713,0.6705808043479919,1.6417057514190674,True,2.599335857667029e-06,0.2826822102069855,0.0014322102069854736,0.03546833246946335,0.2221902459859848,0.013075333088636398,0.0278855599462986,0.6150352954864502
n2_k1_b0.75_s1.25_rho0,2,1.0,0.75,1.25,0.0,169,256,2.404195785522461,5.254781246185303,67.93645477294922,54.63138198852539,1.2667526006698608,1307.4395751953125,8.20920181274414,1.412988543510437,0.06578923761844635,0.016903284937143326,4.115195274353027,24.904178619384766,0.48245474696159363,2.1064727306365967,0.5416666865348816,4.36271858215332,8.992738723754883,4.325856685638428,19.81719207763672,True,7.450580596923828e-06,0.30176079273223877,0.02051079273223877,0.13440752029418945,2.6557364463806152,0.06811177730560303,1.3629014492034912,0.5270219445228577
n2_k1_b0.75_s1.25_rho0.25,2,1.0,0.75,1.25,0.25,169,256,2.329251766204834,4.8995747566223145,84.14884948730469,53.83019256591797,1.1780372858047485,1149.12841796875,9.169795036315918,1.3304526805877686,0.06924734264612198,0.01876535266637802,1.936316967010498,15.820972442626953,0.3099384307861328,1.1155303716659546,0.4743589758872986,2.476897716522217,3.972996711730957,2.5009961128234863,9.165260314941406,True,1.4901161193847656e-05,0.2891403138637543,0.007890313863754272,0.08534055203199387,1.0782428979873657,0.0337386354804039,0.26080289483070374,0.5603955984115601
n2_k1_b0.75_s1.25_rho1,2,1.0,0.75,1.25,1.0,169,256,1.282570719718933,2.57114315032959,6.014102935791016,5.479001045227051,0.5136743783950806,6.1107025146484375,2.418363571166992,0.5139489769935608,0.027596596628427505,0.9401549100875854,0.01967005990445614,0.05984508991241455,0.10989780724048615,0.269978404045105,0.03205128386616707,0.8419261574745178,1.087957501411438,0.9311504364013672,2.2855238914489746,True,4.307366907596588e-06,0.28260838985443115,0.0013583898544311523,0.034595709294080734,0.21763961017131805,0.012088232673704624,0.027321623638272285,0.5843889713287354
n2_k1_b1.25_s0.75_rho0,2,1.0,1.25,0.75,0.0,169,256,1.849022388458252,4.10448694229126,41.17416763305664,33.13577651977539,1.1425001621246338,6477.83935546875,6.261658668518066,1.274355411529541,0.057326409965753555,0.003523007035255432,2.7465341091156006,18.918872833251953,0.23569977283477783,1.1045866012573242,0.3493589758872986,2.6742427349090576,6.0580596923828125,3.3705296516418457,13.403131484985352,True,2.3283064365386963e-06,0.8018629550933838,0.02061295509338379,0.14004193246364594,2.8284270763397217,0.08878473192453384,1.2285945415496826,0.507876455783844
n2_k1_b1.25_s0.75_rho0.25,2,1.0,1.25,0.75,0.25,169,256,1.4310486316680908,3.0746946334838867,21.553743362426758,17.374752044677734,0.7592721581459045,1774.80908203125,4.638021945953369,0.8354660272598267,0.047946497797966,0.006811766419559717,0.30153748393058777,1.3889613151550293,0.15836498141288757,0.5228939652442932,0.2211538553237915,1.5713279247283936,2.602078437805176,1.9508116245269775,7.466338634490967,True,6.05359673500061e-06,0.7893058657646179,0.00805586576461792,0.08875150978565216,1.1243650913238525,0.05098198726773262,0.26473695039749146,0.558501124382019
n2_k1_b1.25_s0.75_rho1,2,1.0,1.25,0.75,1.0,169,256,0.543017566204071,1.1698843240737915,2.6837234497070312,2.617781162261963,0.3617417812347412,2.7025632858276367,1.4981157779693604,0.2605474293231964,0.012631505727767944,0.9882850050926208,0.004598061554133892,0.011870265007019043,0.04905065521597862,0.13819043338298798,0.0,0.5581038594245911,0.7018831372261047,0.6745398640632629,1.6394903659820557,True,2.599335857667029e-06,0.7826822400093079,0.0014322400093078613,0.03546833246946335,0.2221902459859848,0.02111906372010708,0.046082835644483566,0.6049522757530212
n2_k1_b1.25_s1.25_rho0,2,1.0,1.25,1.25,0.0,169,256,1.8756356239318848,4.549545764923096,70.10433959960938,40.47774887084961,1.1833994388580322,251.3907012939453,8.369817733764648,1.3326133489608765,0.06639475375413895,0.06538116186857224,2.5998446941375732,14.202221870422363,0.3378724753856659,1.3299546241760254,0.43910256028175354,2.464270830154419,4.7844719886779785,4.408771514892578,20.263565063476562,True,7.450580596923828e-06,0.8017608523368835,0.020510852336883545,0.13440752029418945,2.6557364463806152,0.08908049762248993,1.3629014492034912,0.5057909488677979
n2_k1_b1.25_s1.25_rho0.25,2,1.0,1.25,1.25,0.25,169,256,1.7712467908859253,3.513213634490967,32.73969268798828,26.40271759033203,0.8392389416694641,638.8743896484375,5.721096992492676,0.9298301935195923,0.05450501665472984,0.04095234349370003,0.3887324929237366,4.126404762268066,0.20286469161510468,0.676120936870575,0.317307710647583,1.4231147766113281,2.297271728515625,2.5454440116882324,9.509384155273438,True,1.4901161193847656e-05,0.7891403436660767,0.00789034366607666,0.08534055948257446,1.0782428979873657,0.04932964965701103,0.2608032822608948,0.5411248207092285
n2_k1_b1.25_s1.25_rho1,2,1.0,1.25,1.25,1.0,169,256,0.7865564823150635,1.6320909261703491,3.362680673599243,3.2418739795684814,0.4049868881702423,3.3985495567321777,1.7437644004821777,0.34547317028045654,0.01737644523382187,0.9812772870063782,0.006989093963056803,0.018722712993621826,0.06730909645557404,0.17650407552719116,0.0,0.501268208026886,0.6562643051147461,0.9421131610870361,2.297226905822754,True,4.307366907596588e-06,0.7826082706451416,0.0013582706451416016,0.034595709294080734,0.21763961017131805,0.01947290450334549,0.04501765966415405,0.5748202800750732
n2_k1.5_b0.75_s0.75_rho0,2,1.5,0.75,0.75,0.0,169,256,2.3324227333068848,5.265779495239258,79.60194396972656,46.665035247802734,1.250329852104187,5083.68115234375,8.827655792236328,1.387783408164978,0.0680590495467186,0.0019454254070296884,4.0456013679504395,19.870710372924805,0.43693098425865173,1.9225553274154663,0.5929487347602844,7.727331161499023,21.70866584777832,5.16792106628418,16.959455490112305,True,5.587935447692871e-06,0.3276289701461792,0.0463789701461792,0.2100628912448883,4.242640495300293,0.1288275122642517,2.7643368244171143,0.5494427680969238
n2_k1.5_b0.75_s0.75_rho0.25,2,1.5,0.75,0.75,0.25,169,256,2.638634443283081,4.665773391723633,61.143516540527344,51.65599822998047,1.2746007442474365,11293.5107421875,7.81412935256958,1.4309391975402832,0.06424792110919952,0.0011904713464900851,3.430793523788452,15.272382736206055,0.27510443329811096,1.0438741445541382,0.4615384638309479,4.330711841583252,7.560307502746582,2.076777935028076,7.260825157165527,True,1.3969838619232178e-05,0.2993755638599396,0.018125563859939575,0.13312725722789764,1.6865475177764893,0.059772226959466934,0.5956531763076782,0.6005532145500183
n2_k1.5_b0.75_s0.75_rho1,2,1.5,0.75,0.75,1.0,169,256,1.3127819299697876,2.6651010513305664,6.594197750091553,6.081294536590576,0.5404366254806519,6.374510288238525,2.535292863845825,0.5542199015617371,0.02907216176390648,0.8876420855522156,0.03341326117515564,0.11235791444778442,0.11836963891983032,0.30433109402656555,0.07692307978868484,1.43289315700531,1.7636854648590088,0.9869547486305237,2.428952217102051,True,6.05359673500061e-06,0.2844724655151367,0.0032224655151367188,0.05320249870419502,0.3332853615283966,0.02041694149374962,0.042490750551223755,0.6277945637702942
n2_k1.5_b0.75_s1.25_rho0,2,1.5,0.75,1.25,0.0,169,256,2.6545703411102295,5.620658874511719,83.06007385253906,63.19426727294922,1.4163925647735596,154.9415283203125,9.04503345489502,1.5816575288772583,0.06881924718618393,0.23932711780071259,6.577211856842041,27.833383560180664,0.6249514222145081,2.6661009788513184,0.6538461446762085,6.756852149963379,14.067093849182129,6.074382305145264,27.533830642700195,True,1.4901161193847656e-05,0.3273993134498596,0.04614931344985962,0.20161129534244537,3.983604907989502,0.1310560405254364,3.066528081893921,0.5470839142799377
n2_k1.5_b0.75_s1.25_rho0.25,2,1.5,0.75,1.25,0.25,169,256,2.7945613861083984,5.520456314086914,92.67501068115234,68.13810729980469,1.3724579811096191,209.81320190429688,9.625814437866211,1.5419881343841553,0.07076401263475418,0.07112136483192444,4.86269474029541,24.897594451904297,0.4019686281681061,1.3472541570663452,0.6089743375778198,3.85102915763855,6.48277473449707,3.4577925205230713,12.261187553405762,True,1.0710209608078003e-05,0.2990032136440277,0.01775321364402771,0.1280108243227005,1.617364525794983,0.05886533856391907,0.5868059992790222,0.5817480087280273
n2_k1.5_b0.75_s1.25_rho1,2,1.5,0.75,1.25,1.0,169,256,1.8385266065597534,3.514636993408203,11.853355407714844,10.32591724395752,0.6160255074501038,11.816046714782715,3.4303719997406006,0.6428369283676147,0.038520898669958115,0.7521984577178955,0.05732583999633789,0.2478015422821045,0.15762032568454742,0.3846479654312134,0.22435897588729858,1.2724037170410156,1.6097819805145264,1.359453558921814,3.3598411083221436,True,6.984919309616089e-06,0.2843063175678253,0.0030563175678253174,0.051893558353185654,0.32645943760871887,0.018938422203063965,0.04179327189922333,0.5965527296066284
n2_k1.5_b1.25_s0.75_rho0,2,1.5,1.25,0.75,0.0,169,256,2.125039577484131,4.196684837341309,52.606651306152344,47.32545852661133,1.2640676498413086,1074.731689453125,7.175652503967285,1.4086726903915405,0.06158417835831642,0.016470741480588913,3.592667818069458,21.188190460205078,0.296115905046463,1.2987620830535889,0.42628204822540283,4.231432914733887,10.270495414733887,4.932243824005127,16.27130126953125,True,5.587935447692871e-06,0.8276289105415344,0.046378910541534424,0.2100629061460495,4.242640495300293,0.15942606329917908,2.7643370628356934,0.5244011282920837
n2_k1.5_b1.25_s0.75_rho0.25,2,1.5,1.25,0.75,0.25,169,256,1.940756916999817,3.753366708755493,43.99519729614258,31.31332778930664,0.9811736941337585,241.6051483154297,6.632813930511475,1.101534128189087,0.05912591144442558,0.037074096500873566,0.9491171836853027,7.38851261138916,0.22285304963588715,0.8556663393974304,0.35256409645080566,2.466963291168213,3.9820973873138428,2.5947158336639404,9.768669128417969,True,1.3969838619232178e-05,0.7993755340576172,0.018125534057617188,0.13312725722789764,1.6865475177764893,0.08386227488517761,0.5956553816795349,0.5736294388771057
n2_k1.5_b1.25_s0.75_rho1,2,1.5,1.25,0.75,1.0,169,256,0.8083117604255676,1.7015355825424194,3.561093807220459,3.447136878967285,0.42113131284713745,3.613069534301758,1.8064937591552734,0.375222384929657,0.018480869010090828,0.9728288650512695,0.010299593210220337,0.02717113494873047,0.07324820756912231,0.19618795812129974,0.0,0.8446117043495178,1.054253339767456,1.0079981088638306,2.4669036865234375,True,6.05359673500061e-06,0.7844724059104919,0.0032224059104919434,0.053202494978904724,0.3332853615283966,0.03243059292435646,0.06953411549329758,0.6125486493110657
n2_k1.5_b1.25_s1.25_rho0,2,1.5,1.25,1.25,0.0,169,256,2.294008255004883,5.175631523132324,83.32819366455078,52.494598388671875,1.279550552368164,395.25030517578125,9.069077491760254,1.4288005828857422,0.06890220195055008,0.01686842553317547,4.053641319274902,19.200878143310547,0.453885942697525,1.9187636375427246,0.5320512652397156,3.9151296615600586,7.983365058898926,6.642215728759766,28.464279174804688,True,1.4901161193847656e-05,0.8273993134498596,0.04614931344985962,0.20161129534244537,3.983604907989502,0.16093380749225616,3.066528081893921,0.5222246646881104
n2_k1.5_b1.25_s1.25_rho0.25,2,1.5,1.25,1.25,0.25,169,256,2.2370448112487793,4.510757923126221,78.93635559082031,44.642391204833984,1.110469102859497,349.206787109375,8.882328033447266,1.2529325485229492,0.06825198978185654,0.016003046184778214,1.3941549062728882,8.34058666229248,0.2911601960659027,0.9140981435775757,0.4551282227039337,2.2159423828125,3.467177152633667,3.771334171295166,13.88817024230957,True,1.0710209608078003e-05,0.7990033030509949,0.017753303050994873,0.1280108392238617,1.617364525794983,0.08169838041067123,0.58680659532547,0.555743932723999
n2_k1.5_b1.25_s1.25_rho1,2,1.5,1.25,1.25,1.0,169,256,1.1619566679000854,2.3443291187286377,5.195656776428223,4.814956188201904,0.4880357086658478,5.283690452575684,2.236595392227173,0.4783942997455597,0.02515483647584915,0.956192672252655,0.015587827190756798,0.04380732774734497,0.09949533641338348,0.2437959611415863,0.0,0.7564230561256409,0.982556939125061,1.4014214277267456,3.434330940246582,True,6.984919309616089e-06,0.7843063473701477,0.003056347370147705,0.051893558353185654,0.32645943760871887,0.029962332919239998,0.06808386743068695,0.582044780254364
n3_k0.5_b0.75_s0.75_rho0,3,0.5,0.75,0.75,0.0,169,384,1.9055453538894653,4.274316787719727,48.38572692871094,39.51679992675781,1.2211452722549438,242.01466369628906,6.916781902313232,1.3608777523040771,0.04029063880443573,0.01919182576239109,3.398879051208496,15.599712371826172,0.2774026393890381,1.3339258432388306,0.4134615361690521,3.229844808578491,6.778964996337891,2.2034454345703125,11.799482345581055,True,4.656612873077393e-06,0.2865062355995178,0.005256235599517822,0.07138603925704956,1.4142135381698608,0.025423504412174225,0.30714863538742065,0.4999295175075531
n3_k0.5_b0.75_s0.75_rho0.25,3,0.5,0.75,0.75,0.25,169,384,1.6828721761703491,3.5961732864379883,32.14754867553711,21.879480361938477,0.8286803364753723,164.188232421875,5.669773578643799,0.9196030497550964,0.03614894300699234,0.10225539654493332,0.38880521059036255,3.216856002807617,0.19524791836738586,0.6628227233886719,0.28205129504203796,1.9405875205993652,3.1333537101745605,1.46121346950531,5.778803825378418,True,3.026798367500305e-06,0.28330397605895996,0.002053976058959961,0.04521944746375084,0.5621825456619263,0.015104798600077629,0.06618442386388779,0.5512852668762207
n3_k0.5_b0.75_s0.75_rho1,3,0.5,0.75,0.75,1.0,169,384,0.6787884831428528,1.4518637657165527,3.070688486099243,2.979513645172119,0.38993871212005615,3.1063525676727295,1.6462459564208984,0.3190058767795563,0.010385365225374699,0.9821292161941528,0.006338412873446941,0.017870783805847168,0.060245171189308167,0.16445091366767883,0.0,0.701241135597229,0.8742221593856812,0.508077085018158,1.234150767326355,True,1.3969838619232178e-06,0.2816144526004791,0.000364452600479126,0.01804967038333416,0.1110951229929924,0.0064201815985143185,0.01380427461117506,0.6003512144088745
n3_k0.5_b0.75_s1.25_rho0,3,0.5,0.75,1.25,0.0,169,384,1.9356404542922974,5.216039657592773,53.635406494140625,43.592926025390625,1.1753191947937012,408.5702209472656,7.3229146003723145,1.3137692213058472,0.04147934168577194,0.0052217454649508,2.8514645099639893,22.120441436767578,0.40858030319213867,1.6478517055511475,0.5064102411270142,2.9848649501800537,5.3840250968933105,3.109478235244751,15.756559371948242,True,4.190951585769653e-06,0.28648027777671814,0.00523027777671814,0.06851616501808167,1.3278682231903076,0.02543477714061737,0.3407253623008728,0.4991242289543152
n3_k0.5_b0.75_s1.25_rho0.25,3,0.5,0.75,1.25,0.25,169,384,2.0119118690490723,3.923520565032959,50.68840789794922,32.868534088134766,0.9065195918083191,171.4427490234375,7.118793964385986,1.017393708229065,0.04089038074016571,0.02571197785437107,0.4725829064846039,3.094503879547119,0.24993349611759186,0.788008451461792,0.41025641560554504,1.745449423789978,2.6450538635253906,1.9136598110198975,7.074643135070801,True,7.450580596923828e-06,0.2832620143890381,0.002012014389038086,0.04348273202776909,0.5391214489936829,0.014561651274561882,0.06520087271928787,0.5338931083679199
n3_k0.5_b0.75_s1.25_rho1,3,0.5,0.75,1.25,1.0,169,384,0.9793366193771362,2.0002880096435547,4.145031929016113,3.963196039199829,0.44598135352134705,4.209918975830078,1.9737964868545532,0.4143648147583008,0.014165809378027916,0.9716418385505676,0.0095048937946558,0.028358161449432373,0.0825161337852478,0.20568053424358368,0.0,0.6271638870239258,0.8129316568374634,0.707874596118927,1.7304151058197021,True,2.3283064365386963e-06,0.2815960645675659,0.00034606456756591797,0.017607655376195908,0.10881980508565903,0.005898248869925737,0.013489090837538242,0.5691404938697815
n3_k0.5_b1.25_s0.75_rho0,3,0.5,1.25,0.75,0.0,169,384,1.4478814601898193,3.606044292449951,48.398345947265625,30.096216201782227,0.993803083896637,132.85450744628906,6.956606864929199,1.1147271394729614,0.04041024670004845,0.040265362709760666,1.0971494913101196,8.736523628234863,0.21475310623645782,0.9507756233215332,0.28205129504203796,1.8312816619873047,3.6369991302490234,2.725294589996338,13.603090286254883,True,4.656612873077393e-06,0.786506175994873,0.005256175994873047,0.07138603925704956,1.4142135381698608,0.036752793937921524,0.30714869499206543,0.48601120710372925
n3_k0.5_b1.25_s0.75_rho0.25,3,0.5,1.25,0.75,0.25,169,384,1.1244356632232666,2.649717330932617,11.660727500915527,10.358392715454102,0.6381795406341553,15.610151290893555,3.4008564949035645,0.6814665794372559,0.025500569492578506,0.579474925994873,0.09815704822540283,0.42052507400512695,0.12170875072479248,0.40159404277801514,0.1378205120563507,1.1313092708587646,1.8862098455429077,1.5302221775054932,6.19129753112793,True,3.026798367500305e-06,0.78330397605896,0.002053976058959961,0.04521944746375084,0.5621825456619263,0.023601610213518143,0.09307873994112015,0.5404336452484131
n3_k0.5_b1.25_s0.75_rho1,3,0.5,1.25,0.75,1.0,169,384,0.40977737307548523,0.8947811722755432,2.380777597427368,2.3499979972839355,0.33699342608451843,2.3844263553619385,1.3559231758117676,0.1983601450920105,0.006343386135995388,0.9931427240371704,0.0027564128395169973,0.00685727596282959,0.036697398871183395,0.10482406616210938,0.0,0.41846877336502075,0.526075005531311,0.5094181895256042,1.2386125326156616,True,1.3969838619232178e-06,0.7816144824028015,0.00036448240280151367,0.01804967038333416,0.1110951229929924,0.01053851842880249,0.022953296080231667,0.5952929258346558
n3_k0.5_b1.25_s1.25_rho0,3,0.5,1.25,1.25,0.0,169,384,1.624103307723999,3.6952078342437744,54.382808685302734,31.915653228759766,1.0031462907791138,1710.795654296875,7.373475551605225,1.1337251663208008,0.04162269085645676,0.007334462366998196,0.9204922318458557,8.545223236083984,0.2658827006816864,1.0084673166275024,0.3878205120563507,1.6894099712371826,2.906132698059082,3.2852437496185303,15.839731216430664,True,4.190951585769653e-06,0.7864802479743958,0.005230247974395752,0.06851616501808167,1.3278682231903076,0.036552008241415024,0.3407253623008728,0.4853057563304901
n3_k0.5_b1.25_s1.25_rho0.25,3,0.5,1.25,1.25,0.25,169,384,1.4272181987762451,2.959373712539673,17.140941619873047,14.032977104187012,0.7000645995140076,29.86528778076172,4.13447904586792,0.755210280418396,0.02957002818584442,0.4281463325023651,0.12221326678991318,0.5718536376953125,0.15533210337162018,0.4585159420967102,0.22435897588729858,1.0217061042785645,1.7629029750823975,1.9608097076416016,7.171330451965332,True,7.450580596923828e-06,0.7832620143890381,0.002012014389038086,0.04348273575305939,0.5391214489936829,0.022629063576459885,0.09431848675012589,0.5234118700027466
n3_k0.5_b1.25_s1.25_rho1,3,0.5,1.25,1.25,1.0,169,384,0.5950530767440796,1.2426656484603882,2.762131929397583,2.7115001678466797,0.36515524983406067,2.782538652420044,1.530115008354187,0.26709097623825073,0.00886131078004837,0.9886647462844849,0.004171670880168676,0.011335253715515137,0.050599247217178345,0.13626371324062347,0.0,0.37529101967811584,0.49344560503959656,0.7105163335800171,1.730446219444275,True,2.3283064365386963e-06,0.7815960645675659,0.00034606456756591797,0.017607655376195908,0.10881980508565903,0.009668610990047455,0.022444559261202812,0.5643547177314758
n3_k1_b0.75_s0.75_rho0,3,1.0,0.75,0.75,0.0,169,384,2.4467368125915527,4.7652153968811035,62.78483200073242,51.99828338623047,1.3189013004302979,203.94503784179688,7.891028881072998,1.4656428098678589,0.04303596913814545,0.1470617800951004,5.271695137023926,21.753467559814453,0.3569081723690033,1.4950717687606812,0.5128205418586731,7.152553081512451,17.69784164428711,4.5814666748046875,12.639191627502441,True,9.313225746154785e-06,0.3022748529911041,0.021024852991104126,0.14277207851409912,2.8284270763397217,0.06868423521518707,1.228594422340393,0.528093695640564
n3_k1_b0.75_s0.75_rho0.25,3,1.0,0.75,0.75,0.25,169,384,2.4148523807525635,4.653390407562256,80.45999145507812,50.19277572631836,1.2726165056228638,588.8256225585938,8.957582473754883,1.4310721158981323,0.04567709192633629,0.015962928533554077,3.12076735496521,20.91394805908203,0.32286643981933594,1.176971435546875,0.5064102411270142,4.097202777862549,6.663614749908447,2.2991011142730713,9.196283340454102,True,6.05359673500061e-06,0.28946593403816223,0.008215934038162231,0.09043889492750168,1.1243650913238525,0.03523208573460579,0.26473549008369446,0.5769604444503784
n3_k1_b0.75_s0.75_rho1,3,1.0,0.75,0.75,1.0,169,384,1.3165960311889648,2.690139055252075,6.514803886413574,5.9632744789123535,0.5355812311172485,6.579028606414795,2.522031545639038,0.5466876029968262,0.019272182136774063,0.9229971170425415,0.025945642963051796,0.0770028829574585,0.11606433242559433,0.2962190806865692,0.057692307978868484,1.4145768880844116,1.7066534757614136,0.9995262026786804,2.4302148818969727,True,2.7939677238464355e-06,0.28270772099494934,0.0014577209949493408,0.03609934076666832,0.2221902459859848,0.013351425528526306,0.0278855599462986,0.6132197380065918
n3_k1_b0.75_s1.25_rho0,3,1.0,0.75,1.25,0.0,169,384,2.645066976547241,5.30869197845459,88.14008331298828,67.19764709472656,1.4004979133605957,549.1044921875,9.30536937713623,1.5662726163864136,0.046470656991004944,0.03654349595308304,6.023987293243408,28.895084381103516,0.5851283073425293,2.9930837154388428,0.6153846383094788,6.4419732093811035,12.557992935180664,6.062661647796631,27.093082427978516,True,8.381903171539307e-06,0.30217117071151733,0.020921170711517334,0.13703233003616333,2.6557364463806152,0.06942818313837051,1.3629014492034912,0.5271297693252563
n3_k1_b0.75_s1.25_rho0.25,3,1.0,0.75,1.25,0.25,169,384,2.4328458309173584,5.695734024047852,91.5003890991211,61.00457000732422,1.30729341506958,184.34829711914062,9.564118385314941,1.4634345769882202,0.04704205319285393,0.026906173676252365,4.030515670776367,28.216480255126953,0.43679624795913696,1.6283466815948486,0.6121795177459717,3.60721755027771,5.436020851135254,3.5464749336242676,13.227996826171875,True,1.4901161193847656e-05,0.2892981469631195,0.008048146963119507,0.08696546405553818,1.0782428979873657,0.034359633922576904,0.26080289483070374,0.5587064027786255
n3_k1_b0.75_s1.25_rho1,3,1.0,0.75,1.25,1.0,169,384,1.8401803970336914,3.527193069458008,11.77760124206543,9.829965591430664,0.6092207431793213,11.846525192260742,3.4195127487182617,0.6320211887359619,0.0256145428866148,0.8402021527290344,0.03894515708088875,0.15979784727096558,0.15655368566513062,0.3770963251590729,0.2339743673801422,1.250908374786377,1.5716921091079712,1.3765844106674194,3.3904523849487305,True,4.656612873077393e-06,0.28263428807258606,0.0013842880725860596,0.035215310752391815,0.21763961017131805,0.012308419682085514,0.027321623638272285,0.5813668370246887
n3_k1_b1.25_s0.75_rho0,3,1.0,1.25,0.75,0.0,169,384,2.266460418701172,4.40193510055542,53.43610763549805,47.2253303527832,1.185667634010315,400.0847473144531,7.250824451446533,1.3145042657852173,0.04127323627471924,0.05382222309708595,3.3707423210144043,18.183040618896484,0.28146040439605713,1.4687212705612183,0.42628204822540283,4.01394510269165,8.809061050415039,4.7168869972229,18.917407989501953,True,9.313225746154785e-06,0.8022748827934265,0.021024882793426514,0.14277207851409912,2.8284270763397217,0.09051641821861267,1.2285945415496826,0.5063183903694153
n3_k1_b1.25_s0.75_rho0.25,3,1.0,1.25,0.75,0.25,169,384,1.886827826499939,3.8499526977539062,43.113277435302734,31.53931427001953,0.9207642078399658,2539.72119140625,6.5659379959106445,1.0358176231384277,0.03920615464448929,0.004340974614024162,0.6771235466003418,4.491018295288086,0.23160026967525482,0.799587607383728,0.3717948794364929,2.348637819290161,3.7149734497070312,2.8699090480804443,11.198357582092285,True,6.05359673500061e-06,0.7894659042358398,0.008215904235839844,0.09043889492750168,1.1243650913238525,0.05196763947606087,0.26473695039749146,0.5566205978393555
n3_k1_b1.25_s0.75_rho1,3,1.0,1.25,0.75,1.0,169,384,0.8110323548316956,1.7196943759918213,3.5538299083709717,3.4113636016845703,0.4201040267944336,3.5966453552246094,1.803820013999939,0.37346720695495605,0.012289721518754959,0.9745382070541382,0.008867170661687851,0.025461792945861816,0.07179470360279083,0.19043675065040588,0.0,0.8428486585617065,1.0460658073425293,1.013156533241272,2.460888385772705,True,2.7939677238464355e-06,0.7827077507972717,0.0014577507972717285,0.03609934076666832,0.2221902459859848,0.021566106006503105,0.046082835644483566,0.6029326915740967
n3_k1_b1.25_s1.25_rho0,3,1.0,1.25,1.25,0.0,169,384,2.1929636001586914,5.127107620239258,59.782073974609375,48.263328552246094,1.2823652029037476,1068.3480224609375,7.715744495391846,1.4224705696105957,0.04256797954440117,0.03121163137257099,4.580446243286133,18.8676815032959,0.45506447553634644,1.936135172843933,0.5256410241127014,3.618671178817749,7.101058483123779,6.396042346954346,30.700307846069336,True,8.381903171539307e-06,0.8021711111068726,0.02092111110687256,0.13703233003616333,2.6557364463806152,0.0907856822013855,1.3629014492034912,0.5054738521575928
n3_k1_b1.25_s1.25_rho0.25,3,1.0,1.25,1.25,0.25,169,384,2.1570048332214355,4.441285133361816,68.23369598388672,44.40653610229492,1.015849232673645,68.65938568115234,8.25721549987793,1.1466624736785889,0.04398098587989807,0.09230755269527435,1.0090316534042358,10.409929275512695,0.2951434850692749,0.9249502420425415,0.4743589758872986,2.1142947673797607,3.1135637760162354,3.784100294113159,13.86116886138916,True,1.4901161193847656e-05,0.7892981171607971,0.00804811716079712,0.08696547150611877,1.0782428979873657,0.05022647976875305,0.2608032822608948,0.5390487313270569
n3_k1_b1.25_s1.25_rho1,3,1.0,1.25,1.25,1.0,169,384,1.164891242980957,2.346968412399292,5.150918006896973,4.734832763671875,0.4860062897205353,5.244035243988037,2.226263999938965,0.4749104678630829,0.016673434525728226,0.9613125324249268,0.013237600214779377,0.03868746757507324,0.0980742797255516,0.2337852418422699,0.0,0.7525283694267273,0.9625750184059143,1.4104065895080566,3.455568790435791,True,4.656612873077393e-06,0.7826343178749084,0.0013843178749084473,0.035215310752391815,0.21763961017131805,0.01982647180557251,0.04501765966415405,0.5715980529785156
n3_k1.5_b0.75_s0.75_rho0,3,1.5,0.75,0.75,0.0,169,384,2.6901729106903076,5.235752582550049,89.35160827636719,58.9478759765625,1.351963996887207,375.76446533203125,9.297987937927246,1.4996769428253174,0.04645412787795067,0.04519049823284149,5.922674179077148,26.202716827392578,0.5160371661186218,2.409203052520752,0.6666666865348816,11.031558990478516,33.27287292480469,6.316293716430664,28.064441680908203,True,1.4901161193847656e-05,0.3285558819770813,0.0473058819770813,0.21415811777114868,4.242640495300293,0.1313643902540207,2.7643368244171143,0.5487145781517029
n3_k1.5_b0.75_s0.75_rho0.25,3,1.5,0.75,0.75,0.25,169,384,2.8783180713653564,5.091244220733643,78.79161071777344,54.826656341552734,1.389846920967102,235.98841857910156,8.86079216003418,1.549480676651001,0.04545075446367264,0.15393590927124023,5.205713748931885,21.689010620117188,0.32546812295913696,1.3050174713134766,0.5352564454078674,6.331905841827393,10.976144790649414,2.374268054962158,9.590603828430176,True,1.3969838619232178e-05,0.2997358441352844,0.018485844135284424,0.13565833866596222,1.6865475177764893,0.060936737805604935,0.5956531763076782,0.5995097756385803
n3_k1.5_b0.75_s0.75_rho1,3,1.5,0.75,0.75,1.0,169,384,1.87115478515625,3.6383113861083984,12.6779146194458,11.282017707824707,0.6354374885559082,13.657529830932617,3.5494062900543213,0.6697614192962646,0.02639125846326351,0.7073559165000916,0.06655217707157135,0.29264408349990845,0.1635536104440689,0.39793917536735535,0.2532051205635071,2.1345691680908203,2.5239694118499756,1.4447928667068481,3.56650447845459,True,6.05359673500061e-06,0.2845299243927002,0.0032799243927001953,0.05414901673793793,0.3332853615283966,0.020846553146839142,0.042490750551223755,0.6262197494506836
n3_k1.5_b0.75_s1.25_rho0,3,1.5,0.75,1.25,0.0,169,384,2.7723350524902344,5.919000625610352,96.72025299072266,70.97193145751953,1.434035301208496,562.8765258789062,9.579754829406738,1.5913922786712646,0.04707608371973038,0.02740754559636116,7.751391410827637,33.43263626098633,0.7458198070526123,4.111815452575684,0.7019230723381042,9.748445510864258,20.57840347290039,8.217244148254395,38.84404754638672,True,1.4901161193847656e-05,0.3283225893974304,0.04707258939743042,0.205548495054245,3.983604907989502,0.13360849022865295,3.066528081893921,0.5475932955741882
n3_k1.5_b0.75_s1.25_rho0.25,3,1.5,0.75,1.25,0.25,169,384,3.0653154850006104,5.7919721603393555,88.21636199951172,69.87338256835938,1.4428738355636597,14440.7861328125,9.345462799072266,1.616589069366455,0.04656022787094116,0.0009503480978310108,5.650480270385742,34.066646575927734,0.5034914612770081,1.7014893293380737,0.6730769276618958,5.505151271820068,9.612054824829102,4.594761848449707,17.784944534301758,True,2.2351741790771484e-05,0.2993583679199219,0.018108367919921875,0.13044819235801697,1.617364525794983,0.059962186962366104,0.5868059992790222,0.5804882645606995
n3_k1.5_b0.75_s1.25_rho1,3,1.5,0.75,1.25,1.0,169,384,2.4644405841827393,4.569159030914307,26.846115112304688,21.935409545898438,0.7320314049720764,94.11921691894531,5.1762566566467285,0.7766437530517578,0.03425171226263046,0.19708211719989777,0.13207994401454926,0.8029178977012634,0.22615961730480194,0.5179322957992554,0.42307692766189575,1.8628751039505005,2.382805824279785,1.963262677192688,4.863072395324707,True,7.450580596923828e-06,0.28436464071273804,0.003114640712738037,0.05282296612858772,0.32645943760871887,0.01928466558456421,0.04179327189922333,0.5937608480453491
n3_k1.5_b1.25_s0.75_rho0,3,1.5,1.25,0.75,0.0,169,384,2.3115217685699463,4.693160057067871,69.98895263671875,53.68203353881836,1.3417656421661377,342.1292724609375,8.180458068847656,1.4720253944396973,0.04378642141819,0.031598277390003204,5.89119291305542,25.960968017578125,0.3453833758831024,1.6905522346496582,0.49038460850715637,6.401302814483643,15.349234580993652,6.480776309967041,25.08997344970703,True,1.4901161193847656e-05,0.8285558819770813,0.0473058819770813,0.2141581028699875,4.242640495300293,0.16254854202270508,2.7643370628356934,0.5231731534004211
n3_k1.5_b1.25_s0.75_rho0.25,3,1.5,1.25,0.75,0.25,169,384,2.3200409412384033,4.5396952629089355,80.56993865966797,46.75292205810547,1.1949067115783691,473.14166259765625,8.975992202758789,1.3453407287597656,0.04571986198425293,0.039209797978401184,2.2016189098358154,15.321491241455078,0.30915945768356323,1.0810595750808716,0.49358975887298584,3.6456480026245117,5.718313217163086,3.692298650741577,14.482259750366211,True,1.3969838619232178e-05,0.7997358441352844,0.018485844135284424,0.13565833866596222,1.6865475177764893,0.08548838645219803,0.5956553816795349,0.5720503926277161
n3_k1.5_b1.25_s0.75_rho1,3,1.5,1.25,0.75,1.0,169,384,1.194435477256775,2.4630308151245117,5.5965962409973145,5.126762390136719,0.5091435313224792,5.684275150299072,2.327587127685547,0.5106462836265564,0.01760067045688629,0.9403190016746521,0.020618196576833725,0.0596809983253479,0.10537534207105637,0.2657593786716461,0.016025641933083534,1.2709547281265259,1.5451418161392212,1.505752682685852,3.632241725921631,True,6.05359673500061e-06,0.7845299243927002,0.0032799243927001953,0.05414901301264763,0.3332853615283966,0.033115822821855545,0.06953411549329758,0.6106697916984558
n3_k1.5_b1.25_s1.25_rho0,3,1.5,1.25,1.25,0.0,169,384,2.601684331893921,5.707735061645508,79.53733825683594,64.2198486328125,1.3672126531600952,150.29087829589844,8.863153457641602,1.5222076177597046,0.045456305146217346,0.25185537338256836,5.530653476715088,23.787126541137695,0.5704336166381836,2.5811331272125244,0.6217948794364929,5.797739505767822,11.208776473999023,9.906699180603027,40.68921661376953,True,1.4901161193847656e-05,0.8283225893974304,0.04707258939743042,0.205548495054245,3.983604907989502,0.16403786838054657,3.066528081893921,0.5222364664077759
n3_k1.5_b1.25_s1.25_rho0.25,3,1.5,1.25,1.25,0.25,169,384,2.4304730892181396,5.558840274810791,102.27965545654297,58.75469207763672,1.2644928693771362,809.8825073242188,10.106645584106445,1.4175996780395508,0.04819152504205704,0.024253088980913162,3.624260425567627,23.87148094177246,0.40983107686042786,1.3657557964324951,0.5737179517745972,3.228142499923706,4.745124340057373,5.3539228439331055,20.660991668701172,True,2.2351741790771484e-05,0.7993583679199219,0.018108367919921875,0.13044820725917816,1.617364525794983,0.08319785445928574,0.58680659532547,0.5539613366127014
n3_k1.5_b1.25_s1.25_rho1,3,1.5,1.25,1.25,1.0,169,384,1.6833930015563965,3.2652909755706787,9.691423416137695,8.354626655578613,0.583989143371582,9.845503807067871,3.0968358516693115,0.6039328575134277,0.023549601435661316,0.8909363746643066,0.029810531064867973,0.10906362533569336,0.1425303965806961,0.34643393754959106,0.16346153616905212,1.127246618270874,1.4003186225891113,2.0807037353515625,5.114505767822266,True,7.450580596923828e-06,0.784364640712738,0.003114640712738037,0.05282296612858772,0.32645943760871887,0.03050767257809639,0.06808386743068695,0.5789525508880615
