fixture_id,p,q,tau_index,tau,minimal_crossing_number,projection_crossings,below_minimal_crossing,first_nonzero_mode,leading_mode_rank,effective_mode_count,normalized_clearance,spectral_dirichlet_energy,spectral_bending_energy,polygon_length,mean_curvature,maximum_curvature,geometric_bending_energy,median_edge_length,cpu_transfer_seconds
hopf_core_unknot,1,1,0,0.0,0,0,False,1,2,16,2.353361962142361,2.8284271247461925,11.313708498984777,6.903127588426338,0.9102139916686938,0.9103794538608455,5.7193302792557414,0.00949268146907846,0.00017949999892152846
hopf_core_unknot,1,1,1,0.0001,0,0,False,1,2,16,2.353301457564184,2.8261665583218276,11.291968793047745,6.902580767103205,0.9102627207068186,0.9104338769792184,5.719783181905428,0.009494776202712017,0.00013700000272365287
hopf_core_unknot,1,1,2,0.0001265177680741505,0,0,False,1,2,16,2.3532854303035204,2.8255678352510927,11.286217021973574,6.902435908669515,0.9102756371970852,0.9104860631891709,5.719903193890238,0.00949533156200163,9.610000415705144e-05
hopf_core_unknot,1,1,3,0.0001600674563846453,0,0,False,1,2,16,2.353265163314168,2.824810781051556,11.278947862414142,6.902252724784892,0.9102919756356262,0.9105537703103954,5.720054977746243,0.009496034119711652,9.7999996796716e-05
hopf_core_unknot,1,1,4,0.00020251377323091753,0,0,False,1,2,16,2.353239538540549,2.8238536713981484,11.269763629047635,6.902021104962369,0.9103126415194625,0.9106404546936142,5.72024692709722,0.00949692286725194,8.150000212481245e-05
hopf_core_unknot,1,1,5,0.0002562159059345033,0,0,False,1,2,16,2.3532071451906607,2.8226438738405513,11.258163972574717,6.901728289056571,0.9103387793104987,0.9107508797221177,5.720489642453392,0.009498047110259967,8.520000119460747e-05
hopf_core_unknot,1,1,6,0.00032415864563929844,0,0,False,1,2,16,2.3531662043767128,2.8211150481661895,11.243520307791659,6.901358183343231,0.9103718351163403,0.910890957382735,5.720796505114484,0.009499469188435661,0.0001053000014508143
hopf_core_unknot,1,1,7,0.0004101182834822349,0,0,False,1,2,16,2.3531144751380517,2.8191836592924977,11.225044427194318,6.900890506312733,0.9104136355848623,0.9110682995377779,5.721184396512189,0.009501267907440996,8.160000288626179e-05
hopf_core_unknot,1,1,8,0.000518872498725741,0,0,False,1,2,16,2.3530491377504252,2.81674465246895,11.201750312994491,6.900299725508154,0.9104664870721679,0.9112925628648139,5.72167459755682,0.009503542866183849,0.00010399999882793054
hopf_core_unknot,1,1,9,0.0006564659045383825,0,0,False,1,2,16,2.3529666496565667,2.813666119091722,11.172408206279647,6.89955374021455,0.9105333000811834,0.9115758873213137,5.722293909367871,0.009506419908094806,0.00010029999975813553
hopf_core_unknot,1,1,10,0.0008305460105897448,0,0,False,1,2,16,2.352862568918643,2.809782764384824,11.135490209963876,6.898612258629133,0.9106177450754929,0.9119332666426295,5.723076044030094,0.009510057980335588,9.160000627161935e-05
hopf_core_unknot,1,1,11,0.0010507882754270427,0,0,False,1,2,16,2.3527313401717818,2.8048879819617616,11.089107210414276,6.897424813492298,0.9107244470527951,0.9123838844347562,5.724063341083682,0.009514657751653647,8.539999544154853e-05
hopf_core_unknot,1,1,12,0.0013294338732551514,0,0,False,1,2,16,2.3525660388739347,2.798724355230034,11.030937873395857,6.895928359033883,0.9108592276964098,0.9129511813872434,5.725308871121563,0.009520472418961536,8.07999967946671e-05
hopf_core_unknot,1,1,13,0.0016819700644641483,0,0,False,1,2,16,2.3523580723060604,2.790972457826088,10.958152139914255,6.894044397687205,0.9110294054562593,0.9136642562822623,5.726878990003653,0.009527821224830658,8.999999408842996e-05
hopf_core_unknot,1,1,14,0.0021279909852353904,0,0,False,1,2,16,2.3520968414167043,2.781237938527143,10.867334316505818,6.891675602223332,0.9112441654311092,0.9145596656299085,5.728856402320455,0.009537106311203598,0.00011509999603731558
hopf_core_unknot,1,1,15,0.0026922866993389413,0,0,False,1,2,15,2.351769378992491,2.7690370835313716,10.754414855016842,6.88870193482674,0.9115150122265651,0.9156804580887419,5.731343775329055,0.009548833643246869,0.00010270000348100439
hopf_core_unknot,1,1,16,0.003406221042160843,0,0,False,1,2,15,2.351360001008491,2.753781393571527,10.614625524671814,6.884976328805777,0.9118563197069837,0.9170813714193735,5.734467906360111,0.009563638838715907,9.239999781129882e-05
hopf_core_unknot,1,1,17,0.004309474838213967,0,0,False,1,2,15,2.350850047440097,2.734762244680704,10.442499923551011,6.880320103215657,0.9122859911925121,0.9188250032855301,5.738384375834385,0.009582318806612318,8.430000161752105e-05
hopf_core_unknot,1,1,18,0.005452251381025419,0,0,False,1,2,15,2.3502178602735975,2.711137465825445,10.231949607374247,6.874518439091066,0.9128262413070027,0.9209865777464378,5.743282498803166,0.009605870083545865,7.90999984019436e-05
hopf_core_unknot,1,1,19,0.006898066757065406,0,0,False,1,2,14,2.3494392756485176,2.6819226849179354,9.976453914830923,6.867316469879629,0.913504504989034,0.9236533498809567,5.749390201366903,0.009635534559245802,8.579999848734587e-05
hopf_core_unknot,1,1,20,0.008727280101304084,0,0,False,1,2,14,2.348489140797442,2.6459915234856037,9.669405612723178,6.85841683187412,0.914354467940153,0.9269227098628823,5.756978175014492,0.009672852715282605,0.0001047000041580759
hopf_core_unknot,1,1,21,0.011041559997749386,0,0,False,1,2,14,2.3473447912806678,2.6020899949049436,9.304649626148247,6.847479869516052,0.9154171924000118,0.9308972350092406,5.766362288291651,0.009719723195346733,8.749999688006938e-05
hopf_core_unknot,1,1,22,0.013969535269720744,0,0,False,1,2,13,2.3459931999310237,2.5488714309656095,8.87723181983776,6.834128052717363,0.9167422766137825,0.9356859636167798,5.77790276411562,0.009778464759511602,9.300000237999484e-05
hopf_core_unknot,1,1,23,0.017673944233581942,0,0,False,1,2,13,2.3444449280912414,2.48495834823799,8.384333242604974,6.817956456609238,0.9183889258403006,0.9413843196764782,5.79199809610299,0.009851871037468415,0.00011580000136746094
hopf_core_unknot,1,1,24,0.022360679774997897,0,0,False,1,2,12,2.342760579908131,2.409036102324109,7.8263015196909365,6.798551256099326,0.9204267117928684,0.9480719115343633,5.809071157283048,0.00994323731394078,0.00014229999942472205
hopf_core_unknot,1,1,25,0.02829023297753531,0,0,False,1,2,12,2.3410999572126343,2.319979201467769,7.207614567036361,6.77551795603948,0.9229356339671151,0.9557819015351989,5.8295445827157,0.010056317233649553,9.129999671131372e-05
hopf_core_unknot,1,1,26,0.03579217134615496,0,0,False,1,2,11,2.339811309772047,2.217004388748637,6.53754586977951,6.748520398398491,0.9260048438546935,0.964481026372374,5.853802472257245,0.010195129598673863,9.440000576432794e-05
hopf_core_unknot,1,1,27,0.04528345633243088,0,0,False,1,2,10,2.33958728518519,2.099835586804237,5.830279717665032,6.717330443062495,0.9297290299545891,0.9740537705794285,5.882136005514844,0.010363479334294793,0.0001055999964592047
hopf_core_unknot,1,1,28,0.05729161825862411,0,0,False,1,2,10,2.3417191881048787,1.9688563722406078,5.104281787039856,6.681886745800872,0.9342009940894693,0.9842512790110064,5.914672016588797,0.010564005031730668,0.00010209999891230837
hopf_core_unknot,1,1,29,0.07248407671437371,0,0,False,1,2,9,2.348464777230901,1.8252188824728866,4.380875856225273,6.642359537826398,0.9394984571922429,0.9946730036944846,5.95128645286996,0.010796604403494831,9.589999535819516e-05
hopf_core_unknot,1,1,30,0.09170523606818065,0,0,False,1,2,8,2.3634840885107176,1.6708774119670968,3.682182466662848,6.5992170307578135,0.9456628484319314,1.0047738134052882,5.991509835837528,0.011056374461163863,0.0001798999946913682
hopf_core_unknot,1,1,31,0.11602341788059299,0,0,False,1,2,8,2.3921965639418756,1.5085227391669873,3.0287727700506446,6.553287975413713,0.9526682843174672,1.0138350932018512,6.034440871314521,0.011331806571693838,9.439999848837033e-05
hopf_core_unknot,1,1,32,0.14679023874587108,0,0,False,1,2,7,2.4418291731710435,1.3414090685454454,2.437500291264649,6.505812984059265,0.9603812189789964,1.0210451192641667,6.078699079602569,0.01160457177499954,0.00011680000170599669
hopf_core_unknot,1,1,33,0.18571573381199297,0,0,False,1,2,6,2.520894092354653,1.173085855392765,1.9199397679940815,6.4584715045946925,0.968517409753063,1.0255949606574934,6.122466460880494,0.011852095833896363,0.00010309999925084412
hopf_core_unknot,1,1,34,0.23496340138146393,0,0,False,1,2,6,2.637747217666389,1.0070668822125046,1.4816810586540337,6.413355779351558,0.976616014491404,1.02686507983696,6.163673081911428,0.012052889037994296,0.00010509999992791563
hopf_core_unknot,1,1,35,0.2972704512189358,0,0,False,1,2,5,2.7977148351383456,0.8464885589729493,1.1224394148655996,6.372831400867502,0.984070805445806,1.0247070316565932,6.2003159419001825,0.012192958069649778,9.770000178832561e-05
hopf_core_unknot,1,1,36,0.3760999400261539,0,0,False,1,2,5,2.9986826302987266,0.6938437897216257,0.8366576004802757,6.33919052189669,0.9902647687874424,1.019730960076025,6.230754139391129,0.01227072283405538,0.00012250000145286322
hopf_core_unknot,1,1,37,0.4758332498493084,0,0,False,1,2,4,3.2269204349005003,0.5509527010554822,0.6143070290659474,6.314048819505637,0.9947933125506541,1.0133866688382305,6.253867246994007,0.012297997005830097,0.00010870000551221892
hopf_core_unknot,1,1,38,0.6020136074640411,0,0,False,1,2,4,3.457206679415126,0.41938812604268677,0.44233079166491046,6.297673129476847,0.9976374367242793,1.0074874882540905,6.269319353800545,0.012295499728397693,9.239999781129882e-05
hopf_core_unknot,1,1,39,0.7616541796661821,0,0,False,1,2,3,3.660271280349315,0.30133620163764824,0.3077207598452606,6.288726554529227,0.9991339644135124,1.0033274883816024,6.277981652641065,0.012283843087707016,0.00010800000018207356
hopf_core_unknot,1,1,40,0.9636278685571338,0,0,False,1,2,3,3.81454074131318,0.20019817351143387,0.2014664430586394,6.284807561771501,0.9997715847864762,1.0011302139629972,6.281845585675125,0.012275205772400986,9.510000381851569e-05
hopf_core_unknot,1,1,41,1.2191604718389941,0,0,False,1,2,3,3.914028247465003,0.11989127983193537,0.12005547993896208,6.283504567881874,0.9999804755232073,1.0002932236845188,6.283142431141109,0.012271894819207419,0.00010209999891230837
hopf_core_unknot,1,1,42,1.5424546182129775,0,0,False,1,2,2,3.9673115178104705,0.06277808562445189,0.06279044886578737,6.283197437629248,1.0000294421774885,1.0000764268696927,6.283449188633412,0.012271433678504355,0.00010460000339662656
hopf_core_unknot,1,1,43,1.951479156519718,0,0,False,1,2,2,3.990173956018374,0.027701788426777004,0.0277022572784385,6.283150311343084,1.000036945246619,1.0000410917205245,6.283496299629777,0.012271615364392006,0.00010150000161956996
hopf_core_unknot,1,1,44,2.468967873261005,0,0,False,1,2,2,3.9976245716817087,0.0098405750854903,0.009840582551619565,6.283146079347488,1.0000376188838467,1.0000378081434755,6.283500530851148,0.012271732579026053,0.00010990000009769574
hopf_core_unknot,1,1,45,3.123683047717644,0,0,False,1,2,2,3.9993431713373386,0.002656696825397616,0.0026566968650602917,6.283145884642351,1.0000376498758565,1.0000376545497591,6.2835007255231945,0.012271764009394859,0.00012710000009974465
hopf_core_unknot,1,1,46,3.9520140736829643,0,0,False,1,2,2,3.999600155039447,0.0005068305760784691,0.0005068305761310061,6.283145880761317,1.0000376504936157,1.0000376509427724,6.2835007294035705,0.012271768855861351,9.29000016185455e-05
hopf_core_unknot,1,1,47,5.0,0,0,False,1,2,1,3.99962250710451,6.23151718853684e-05,6.23151718853804e-05,6.283145880734233,1.000037650497926,1.000037650610359,6.283500729430641,0.012271769279229724,0.00010380000458098948
trefoil_2_3,2,3,0,0.0,3,3,False,1,2,40,2.460601095498857,12.90994448735806,322.74861218395176,15.79554281968955,0.8250567547802696,1.164642124606616,16.051054911180408,0.023807409041757325,9.950000094249845e-05
trefoil_2_3,2,3,1,0.0001,3,3,False,1,2,40,2.460518040014316,12.845800810359016,318.7040065600339,15.783220737774435,0.8260471368716877,1.1643991243866936,16.061533647115297,0.02383586840992975,0.00010440000187372789
trefoil_2_3,2,3,2,0.0001265177680741505,3,3,False,1,2,40,2.46049759287749,12.828926223730237,317.6472670679458,15.77997050087839,0.8263089616582395,1.1643409191703622,16.064294032947924,0.02384339524483089,9.130000398727134e-05
trefoil_2_3,2,3,3,0.0001600674563846453,3,3,False,1,2,40,2.4604726767997405,12.80765689052193,316.31960635178626,15.775868657737206,0.8266397382320374,1.1642708889744084,16.067775461468294,0.023852906003314623,9.789999603526667e-05
trefoil_2_3,2,3,4,0.00020251377323091753,3,3,False,1,2,40,2.460442685138002,12.780874475587444,314.6545825118818,15.770695447808636,0.8270574674827245,1.1641879352668427,16.072162628402694,0.023864919514029918,0.00010819999442901462
trefoil_2_3,2,3,5,0.0002562159059345033,3,3,False,1,2,39,2.4604072038351146,12.747191343310348,312.5711943700867,15.76417636822256,0.8275847570876411,1.1640917670788349,16.077685367456674,0.023880087782070833,0.00013829999807057902
trefoil_2_3,2,3,6,0.00032415864563929844,3,3,False,1,2,38,2.460366280954259,12.704894529603607,309.9716813367685,15.755969670772,0.8282499466449702,1.1639836608706633,16.084628385779624,0.023899228613737833,0.0001033000007737428
trefoil_2_3,2,3,7,0.0004101182834822349,3,3,False,1,2,38,2.4603209052033037,12.651883149554621,306.739572619976,15.745651647899297,0.8290884766667983,1.1638676510276724,16.093342312301928,0.023923365229179344,0.00011069999891333282
trefoil_2_3,2,3,8,0.000518872498725741,3,3,False,1,2,37,2.460273837871764,12.585601603127397,302.73840683228474,15.73269968700659,0.8301445365469751,1.1637523256289968,16.104255718600754,0.02395377366599726,9.549999958835542e-05
trefoil_2_3,2,3,9,0.0006564659045383825,3,3,False,1,2,37,2.4602310408135057,12.50297326240905,297.81175041012045,15.716473320003384,0.831473020961433,1.1636534339130737,16.117887340452768,0.023992038304334894,0.0001281000004382804
trefoil_2_3,2,3,10,0.0008305460105897448,3,3,False,1,2,37,2.46020410971331,12.400342661623789,291.78538164849385,15.696193889421828,0.8331418102423399,1.1636135610351583,16.13485704521591,0.024040114775181774,0.00013970000145491213
trefoil_2_3,2,3,11,0.0010507882754270427,3,3,False,1,2,36,2.4602144063658393,12.273438656273973,284.4727302640119,15.670924031134009,0.8352343634062718,1.164020993344952,16.155893065084076,0.024100397346034336,0.00010779999865917489
trefoil_2_3,2,3,12,0.0013294338732551514,3,3,False,1,2,35,2.4603000722094195,12.117376380596808,275.68477778046827,15.639548956545521,0.8378525661444718,1.1651107966496708,16.181831562688508,0.02417578371155476,0.00011829999857582152
trefoil_2_3,2,3,13,0.0016819700644641483,3,3,False,1,2,34,2.460527946031499,11.926721394890173,265.2454844040451,15.60076248103952,0.8411197011543635,1.1669955921722095,16.21360266993458,0.024269722356806554,9.00999948498793e-05
trefoil_2_3,2,3,14,0.0021279909852353904,3,3,False,1,2,33,2.461013847587492,11.695643647002987,253.01322634569817,15.553061790877667,0.8451832923534426,1.1697793007325055,16.25219481221769,0.02438621356603459,9.899999713525176e-05
trefoil_2_3,2,3,15,0.0026922866993389413,3,3,False,1,2,31,2.461957100047004,11.418189253612656,238.9075376589003,15.494755859682613,0.8502174010242718,1.173553802039017,16.298586686064187,0.02452971035374133,0.00011819999781437218
trefoil_2_3,2,3,16,0.003406221042160843,3,3,False,1,2,31,2.463698999226541,11.08869129339869,222.9386269529597,15.423992891850133,0.8564236985567577,1.1783883121529228,16.353634346912624,0.024704824379689214,0.00016930000128922984
trefoil_2_3,2,3,17,0.004309474838213967,3,3,False,1,2,29,2.4668203565022404,10.702323468730647,205.23495151725655,15.338811782317856,0.8640302794268591,1.1843054840253646,16.417900659827623,0.024915680969857117,0.00010340000153519213
trefoil_2_3,2,3,18,0.005452251381025419,3,3,False,1,2,27,2.4722989314241555,10.255771006377355,186.06224924414997,15.237220983363818,0.8732866799161962,1.191286258233578,16.491417754941928,0.02516469954408628,0.00024530000519007444
trefoil_2_3,2,3,19,0.006898066757065406,3,3,False,1,2,26,2.4817483859004326,9.747953830947806,165.82684081630723,15.117305236260005,0.8844529153062867,1.1992709174749516,16.57338292398716,0.025450561267041,9.439999848837033e-05
trefoil_2_3,2,3,20,0.008727280101304084,3,3,False,1,2,24,2.497745624336812,9.180695816118785,145.057659685634,14.977356654524906,0.897779572639797,1.2081976455704209,16.66180860526992,0.025765306586318468,9.309999586548656e-05
trefoil_2_3,2,3,21,0.011041559997749386,3,3,False,1,2,23,2.5242121545610305,8.559204012410902,124.36564955425831,14.816022390956128,0.9134752830339785,1.2180759800728014,16.753183201747966,0.026091060212352732,0.00011210000229766592
trefoil_2_3,2,3,22,0.013969535269720744,3,3,False,1,2,21,2.566752861993395,7.892217770318784,104.38507055581842,14.632457500858125,0.9316579149177375,1.229217840357316,16.84225822582066,0.026397779436441508,0.0001249999986612238
trefoil_2_3,2,3,23,0.017673944233581942,3,3,False,1,2,20,2.632798465640349,7.19171859203785,85.70696196082643,14.426468860310575,0.952288734225957,1.2426525924345175,16.92216466756004,0.02664409442892175,9.119999594986439e-05
trefoil_2_3,2,3,24,0.022360679774997897,3,3,False,1,2,18,2.731343877430632,6.472153242313264,68.81821426204544,14.19863190917934,0.9751002140397653,1.261085597985315,16.98517321985878,0.026782821452849714,0.00013829999807057902
trefoil_2_3,2,3,25,0.02829023297753531,3,3,False,1,2,17,2.8719511376832596,5.749195228859911,54.05868325688681,13.950348817961284,0.9995561863068165,1.2895839663785484,17.024496174336107,0.02677077773152441,0.00017020000086631626
trefoil_2_3,2,3,26,0.03579217134615496,3,3,False,1,2,15,3.062520751235999,5.038129381192821,41.60281197181566,13.68377836423848,1.0249194926053935,1.3262404307946212,17.037381459992872,0.026580191761546145,0.00014089999604038894
trefoil_2_3,2,3,27,0.04528345633243088,3,3,False,1,2,14,3.3055706750408804,4.352010380196033,31.461787103961775,13.401492296019041,1.0504927244092672,1.371836457170241,17.02903786454839,0.026207857714865255,9.159999899566174e-05
trefoil_2_3,2,3,28,0.05729161825862411,3,3,False,1,2,12,3.5939582851570697,3.6999577521354183,23.492943215826056,13.105652558966955,1.075989853598784,1.4292033754701283,17.01605180495279,0.025678505826773636,0.0001227000029757619
trefoil_2_3,2,3,29,0.07248407671437371,3,3,False,1,2,11,3.9087027980623916,3.0864538196310534,17.410964494131633,12.79663390223012,1.1018883289099923,1.5031983668153024,17.02897033388158,0.025039606282315156,0.00011510000331327319
trefoil_2_3,2,3,30,0.09170523606818065,3,3,False,1,2,10,3.7870350179963252,2.5128494922401003,12.824484962112756,12.471419638014888,1.1296988068429406,1.602925802265476,17.11750463319857,0.02433042095724732,0.0001005000012810342
trefoil_2_3,2,3,31,0.11602341788059299,3,3,False,1,2,9,3.525349180814123,1.981202124131379,9.324927915578854,12.122307051548923,1.1623733627462345,1.7462077434998355,17.36579799184606,0.02360537809019563,9.100000170292333e-05
trefoil_2_3,2,3,32,0.14679023874587108,3,3,False,1,2,8,3.2596154118976757,1.498052922754748,6.594569242254256,11.735745001363082,1.2053931979084527,1.9678351998491956,17.9306504031118,0.022881886041387363,8.860000525601208e-05
trefoil_2_3,2,3,33,0.18571573381199297,3,3,False,1,2,8,2.9735325566633874,1.0747211863741089,4.454359267619125,11.28978804012836,1.269516283530057,2.336765584082735,19.133603121186535,0.022130831144089175,0.00010110000584973022
trefoil_2_3,2,3,34,0.23496340138146393,3,3,False,1,2,7,2.6419007089677593,0.7233889718860316,2.8240566191955763,10.748742071114894,1.3775789707931412,3.007185052950689,21.710093662912364,0.021278943961600582,0.00013269999908516183
trefoil_2_3,2,3,35,0.2972704512189358,3,3,False,1,2,6,2.2258374517486628,0.45183904191717744,1.6515704883909716,10.058363482724506,1.5845346026268416,4.421223166020273,27.70160170086155,0.02021131416101386,0.0001236000025528483
trefoil_2_3,2,3,36,0.3760999400261539,3,3,False,1,2,5,1.3621479845613615,0.2598961809519175,0.8731263364283346,9.157861048165056,2.061061058323017,8.441455435188617,45.30406651576541,0.018803479717914427,9.159999899566174e-05
trefoil_2_3,2,3,37,0.4758332498493084,3,3,False,1,2,5,0.8837282499801982,0.13836531098720134,0.4085193078709666,8.047597605412811,3.754273381910449,32.572403383796036,148.36945225984874,0.017026216637299325,0.00010140000085812062
trefoil_2_3,2,3,38,0.6020136074640411,3,0,True,1,2,4,0.27200152548313894,0.07054085234897313,0.16807955012298204,7.012293122057994,11.222710820282101,369.5978935888746,1445.370751089333,0.015112673709231462,0.00012579999747686088
trefoil_2_3,2,3,39,0.7616541796661821,3,0,True,1,2,4,1.4947519260211013,0.03672322153270133,0.06384070015891036,6.545641340392457,1.9609741008193002,12.099672618397804,42.64812230505987,0.013553096872263493,0.00010299999848939478
trefoil_2_3,2,3,40,0.9636278685571338,3,0,True,1,2,3,2.6336358937965465,0.020282007756793317,0.025667660560148062,6.359891945244209,1.2034151070104078,3.4664250549995526,12.216284799153824,0.012678351901129502,0.0001601999974809587
trefoil_2_3,2,3,41,1.2191604718389941,3,0,True,1,2,3,3.3884346271592687,0.011321898817842773,0.01201914682270914,6.2996268804797815,1.0402459051526889,1.7676799940184256,7.366870724364016,0.01235657217092083,0.00010340000153519213
trefoil_2_3,2,3,42,1.5424546182129775,3,0,True,1,2,3,3.7757537313389986,0.005826502531912611,0.005879000820304719,6.285512119920392,1.0057041145498062,1.2429099715191398,6.433481796384501,0.012281487807456339,0.00010009999823523685
trefoil_2_3,2,3,43,1.951479156519718,3,0,True,1,2,2,3.9351690263964243,0.0025641287291349782,0.002566119623486593,6.2833491918075435,1.0005231481288703,1.0662845468670303,6.296316259680084,0.012271749078926154,0.00010080000356538221
trefoil_2_3,2,3,44,2.468967873261005,3,0,True,1,2,2,3.9860626538308326,0.0009106415466754716,0.0009106732502520607,6.283154994531214,1.000059408317124,1.013746925113462,6.284074924533144,0.012271566193108478,0.00010569999722065404
trefoil_2_3,2,3,45,3.123683047717644,3,0,True,1,2,2,3.9977240770534834,0.0002458465650397302,0.0002458467334601553,6.283146060068713,1.0000380786271488,1.0019507003695303,6.283512027757678,0.012271734367438529,0.00010679999832063913
trefoil_2_3,2,3,46,3.9520140736829643,3,0,True,1,2,2,3.999465276697758,4.690129763946314e-05,4.6901297862552064e-05,6.283145881979347,1.000037653470538,1.0001969331808334,6.283500807877683,0.01227176630739412,0.00013279999984661117
trefoil_2_3,2,3,47,5.0,3,0,True,1,2,1,3.9996166923824954,5.766547160866121e-06,5.766547160917102e-06,6.283145880736497,1.0000376505034567,1.000044516998713,6.283500729576464,0.012271769169064202,0.0001002000062726438
cinquefoil_2_5,2,5,0,0.0,5,5,False,2,2,34,2.6170536341402046,16.565023392678935,811.6861462412685,20.107461780113038,1.1956850498010607,1.5083980440202809,35.1918002242002,0.033090303259703184,9.510000381851569e-05
cinquefoil_2_5,2,5,1,0.0001,5,5,False,2,2,32,2.618297002928056,16.404644634312923,792.2471009289185,20.06381722956171,1.1980316504011848,1.5089354691396466,35.230624026021324,0.03313817526477859,0.00014070000179344788
cinquefoil_2_5,2,5,2,0.0001265177680741505,5,5,False,2,2,32,2.618639071924843,16.362760520395906,787.2362624956261,20.05234320980449,1.1986487505468426,1.5091050066440517,35.24073722927253,0.03315067854267214,0.00010169999586651102
cinquefoil_2_5,2,5,3,0.0001600674563846453,5,5,False,2,2,32,2.6190793276131683,16.310147871350637,780.9799097136961,20.037885186816723,1.1994264285143625,1.509334636690258,35.25342407192935,0.03316638192563834,9.329999738838524e-05
cinquefoil_2_5,2,5,4,0.00020251377323091753,5,5,False,2,2,31,2.6196483544175124,16.244179901839978,773.1946257093759,20.019685967941243,1.2004054650609275,1.5096483585229783,35.26930325079074,0.03318606407283961,9.500000305706635e-05
cinquefoil_2_5,2,5,5,0.0002562159059345033,5,5,False,2,2,31,2.6203876333014033,16.161655587693737,763.5470152538662,19.996806948471765,1.2016364113014109,1.5100804621329798,35.289120429637094,0.03321066756224219,9.210000280290842e-05
cinquefoil_2_5,2,5,6,0.00032415864563929844,5,5,False,2,2,31,2.6213541565994594,16.058712623100845,751.6528720277195,19.968090596401236,1.203181588379667,1.5106798538716593,35.3137608418557,0.033241316270339105,0.00012830000196117908
cinquefoil_2_5,2,5,7,0.0004101182834822349,5,5,False,2,2,31,2.622627348660307,15.93074901749139,737.0812815372749,19.932118391448835,1.2051172946203408,1.5115159250263575,35.34425378332616,0.03327932124089709,9.719999798107892e-05
cinquefoil_2_5,2,5,8,0.000518872498725741,5,5,False,2,2,31,2.6243195881650347,15.772368361074474,719.3662973860205,19.887165431605094,1.2075361087945442,1.5126862724884118,35.381761114273274,0.03332616199794517,9.080000018002465e-05
cinquefoil_2_5,2,5,9,0.0006564659045383825,5,5,False,2,2,29,2.6265923967213514,15.577370633050126,698.0292025643694,19.83115404781821,1.2105490700302153,1.5143264799069083,35.42753738849488,0.033383420752183667,9.509999654255807e-05
cinquefoil_2_5,2,5,10,0.0008305460105897448,5,5,False,2,2,28,2.6296815643232563,15.338817828386889,672.6141881854012,19.761610247956504,1.2142873454676377,1.5166219937199201,35.48284292015096,0.033452631731209555,0.00014969999756431207
cinquefoil_2_5,2,5,11,0.0010507882754270427,5,5,False,2,2,28,2.6339363005760084,15.049209903349952,642.7390911039874,19.67562856955132,1.2189027383244415,1.5200826970799193,35.54878268509866,0.033534984769836365,0.00011799999629147351
cinquefoil_2_5,2,5,12,0.0013294338732551514,5,5,False,2,2,27,2.639880024979521,14.700808587489146,608.1601785092064,19.56985275017457,1.2245660037144346,1.5251956490124223,35.62603340356246,0.03363079067129175,9.519999730400741e-05
cinquefoil_2_5,2,5,13,0.0016819700644641483,5,5,False,2,2,25,2.6483033278004475,14.286140314851815,568.8456793712251,19.44048117373453,1.2314613779648114,1.532186105059168,35.71440896352146,0.03373858165747498,9.699999645818025e-05
cinquefoil_2_5,2,5,14,0.0021279909852353904,5,5,False,2,2,25,2.6604015156538243,13.798690449582532,525.0473285981034,19.28330689687761,1.239774932688424,1.5412999318948573,35.81220194223756,0.03385370734046685,0.00010140000085812062
cinquefoil_2_5,2,5,15,0.0026922866993389413,5,5,False,2,2,23,2.6779664576372753,13.233766399959322,477.3540776560848,19.093801923767092,1.2496732967024586,1.5528433396897183,35.91522936827868,0.033966353062302654,9.390000195708126e-05
cinquefoil_2_5,2,5,16,0.003406221042160843,5,5,False,2,2,22,2.7036293491494092,12.589459017233061,426.7097063958716,18.867254555939144,1.26126799740951,1.5672744786510724,36.01551002067375,0.03405914733360281,9.860000136541203e-05
cinquefoil_2_5,2,5,17,0.004309474838213967,5,5,False,2,2,21,2.74112242254763,11.867579000979548,374.3788529571234,18.59896851617261,1.2745595089136454,1.5853973420315874,36.099520993997736,0.034105008086662954,9.680000221123919e-05
cinquefoil_2_5,2,5,18,0.005452251381025419,5,5,False,2,2,19,2.795485167582888,11.074404640375231,321.85521594553654,18.284536365166552,1.2893552300641646,1.6088041550084433,36.14605140061051,0.03406649167253101,0.00010029999975813553
cinquefoil_2_5,2,5,19,0.006898066757065406,5,5,False,2,2,18,2.8730924278415766,10.22106953086863,270.72005159170766,17.920213027475587,1.3051601722748438,1.6402634174916253,36.12385897219997,0.033898226532280605,9.440000576432794e-05
cinquefoil_2_5,2,5,20,0.008727280101304084,5,5,False,2,2,16,2.9813286946058133,9.323458989558706,222.4745347888478,17.503445115127775,1.321054705471386,1.6805076503797527,35.989793602188385,0.03355348559295497,9.999999747378752e-05
cinquefoil_2_5,2,5,21,0.011041559997749386,5,5,False,2,2,15,3.127671565071254,8.401568179668061,178.3809517240019,17.033660840735486,1.3356083129391727,1.731029873407888,35.68901049539714,0.03299450696358447,0.0001005000012810342
cinquefoil_2_5,2,5,22,0.013969535269720744,5,5,False,2,2,14,3.31792990879712,7.478364439915643,139.3510235569115,16.513469603495256,1.3469226283530413,1.7940104196071238,35.16017963531974,0.03220460852988392,0.00010299999848939478
cinquefoil_2_5,2,5,23,0.017673944233581942,5,5,False,2,2,13,3.553527791705322,6.578205482628425,105.91069269566538,15.95036362317147,1.35288858311081,1.8720211313259252,34.34813759677352,0.03119949112190073,9.380000119563192e-05
cinquefoil_2_5,2,5,24,0.022360679774997897,5,5,False,2,2,12,3.8280569100669473,5.724716646529656,78.2406515082655,15.358684818414634,1.3516058647650533,1.9679318476004686,33.22030723524632,0.030035188600153934,0.00010210000618826598
cinquefoil_2_5,2,5,25,0.02829023297753531,5,5,False,2,2,10,3.882312285143723,4.937874524735403,56.24178012115918,14.760990278903385,1.341768351512028,2.0843957570245717,31.77340247094858,0.02879871293374538,0.00016460000188089907
cinquefoil_2_5,2,5,26,0.03579217134615496,5,5,False,2,2,9,3.6282661572239334,4.230416152017584,39.55450505827662,14.187493363649253,1.323157387389414,2.2220229909208298,30.018127288337823,0.02761236991919662,0.00012419999984558672
cinquefoil_2_5,2,5,27,0.04528345633243088,5,5,False,2,2,9,3.3808530330077775,3.6048499169408137,27.533380944774095,13.672657114602993,1.300205915302748,2.373899343612945,27.953396188491457,0.026611931524497326,0.00010369999654358253
cinquefoil_2_5,2,5,28,0.05729161825862411,5,5,False,2,2,8,3.162540533116172,3.0531493238826237,19.27583461656208,13.2489683376211,1.2697021589234274,2.513773331332296,25.57575533564549,0.02586970998135689,0.00013500000204658136
cinquefoil_2_5,2,5,29,0.07248407671437371,5,5,False,2,2,7,3.010524451013157,2.56008227019524,13.769522090862004,12.938286685834228,1.2252140628494084,2.5867641657166915,22.96726971229828,0.025384316856892235,0.00010940000356640667
cinquefoil_2_5,2,5,30,0.09170523606818065,5,5,False,2,2,6,2.9558738803242086,2.108901160299445,10.082590817464732,12.742417826172018,1.1721242660272326,2.5347446630868444,20.381670640097475,0.025094881218028654,9.499999578110874e-05
cinquefoil_2_5,2,5,31,0.11602341788059299,5,5,False,2,2,6,3.0003758284325426,1.6873808067593636,7.485962665017053,12.639797535755488,1.1223081684687497,2.3543514382210557,18.12793559590572,0.024922293723273054,0.0001173999989987351
cinquefoil_2_5,2,5,32,0.14679023874587108,5,5,False,2,2,5,2.0046122674964564,1.292619039708118,5.496691440127621,12.59569003035571,1.0828367115738664,2.1030170696863437,16.345087199487438,0.024805783370252993,0.00012260000221431255
cinquefoil_2_5,2,5,33,0.18571573381199297,5,5,False,2,2,5,0.9326122823651167,0.9324289525919557,3.8713285813595273,12.579266150326895,1.0534289852971401,1.842984190368948,14.995289834449615,0.02471559337113627,0.00010019999899668619
cinquefoil_2_5,2,5,34,0.23496340138146393,5,5,False,2,2,4,0.4079725170201473,0.6215707217428348,2.5419713614436805,12.572789414086012,1.0318993295135148,1.6090325316433596,14.004594101619011,0.024644626849963613,9.589999535819516e-05
cinquefoil_2_5,2,5,35,0.2972704512189358,5,5,False,2,2,3,0.3328162436750054,0.37446732267733385,1.5158155915764717,12.569487483399044,1.0169715227818454,1.4143973487616843,13.324168266848556,0.02459385704988263,0.00010489999840501696
cinquefoil_2_5,2,5,36,0.3760999400261539,5,5,False,2,2,3,0.4075519916731663,0.1982705877766855,0.7974179879855957,12.567596469039206,1.0077506574633865,1.2624016974666128,12.908460881528843,0.024562989049384108,0.00010119999933522195
cinquefoil_2_5,2,5,37,0.4758332498493084,5,5,False,2,2,3,0.1852082697959311,0.0890325821549344,0.3568503576350564,12.5666215166615,1.002945487569227,1.1517515377280299,12.693436152554927,0.024548054839669875,9.819999831961468e-05
cinquefoil_2_5,2,5,38,0.6020136074640411,5,5,False,2,2,3,0.16345302105620158,0.032407808090154575,0.1297055270507152,12.566215320103908,1.0009409705028256,1.0780635410629922,12.604073853381252,0.024542978262602037,9.599999611964449e-05
cinquefoil_2_5,2,5,39,0.7616541796661821,5,5,False,2,2,2,0.4763664102929668,0.009033222264234107,0.03613708664077852,12.566087633148666,1.0003106951630838,1.0344819125758604,12.57601713533174,0.02454225837838626,0.0001005000012810342
cinquefoil_2_5,2,5,40,0.9636278685571338,5,5,False,2,2,2,0.19078737940543566,0.0017950610356401693,0.007180354833054467,12.56605950710987,1.0001718528061743,1.0125197873556777,12.56983921962622,0.02454263179858066,0.00010280000424245372
cinquefoil_2_5,2,5,41,1.2191604718389941,5,5,False,2,2,2,0.05316959652757188,0.00023241442720184176,0.0009296588219098024,12.566055538736931,1.0001522629168234,1.003582222750936,12.568967627008865,0.02454293571881666,9.729999874252826e-05
cinquefoil_2_5,2,5,42,1.5424546182129775,5,5,False,2,2,2,0.010559349258558878,1.7499424788481537e-05,6.999770245950548e-05,12.566055217756887,1.0001506783945509,1.0008311751884211,12.56889712933776,0.024543047559173994,9.299999510403723e-05
cinquefoil_2_5,2,5,43,1.951479156519718,5,5,False,2,2,2,0.0013660014295824173,6.636314475709004e-07,2.654525792381478e-06,12.566055204797768,1.000150614421674,1.0002386272694608,12.568894283095233,0.02454307278928384,9.919999865815043e-05
cinquefoil_2_5,2,5,44,2.468967873261005,5,3,True,2,2,2,0.00010273644697975646,1.0567858862785313e-08,4.2271435451330235e-08,12.566055204578452,1.0001506133390157,1.0001572327699566,12.568894234926294,0.02454307628667514,0.00010119999933522195
cinquefoil_2_5,2,5,45,3.123683047717644,5,3,True,2,2,1,3.815835625948482e-06,5.614014171851036e-11,2.2456056687404285e-10,12.566055204577205,1.0001506133328675,1.0001508640158818,12.56889423465271,0.024543076560645843,9.940000018104911e-05
cinquefoil_2_5,2,5,46,3.9520140736829643,5,1,True,2,2,1,0.0,7.436297473564447e-14,2.9745189894257787e-13,12.566055204577204,1.0001506133328573,1.000150617327737,12.568894234652282,0.024543076571158933,9.220000356435776e-05
cinquefoil_2_5,2,5,47,5.0,5,0,True,2,2,1,0.0,1.699341702116635e-17,6.79736680846654e-17,12.566055204577204,1.0001506133328586,1.0001506137381555,12.568894234652316,0.024543076571429876,0.00010260000271955505
torus_knot_3_4,3,4,0,0.0,8,8,False,1,2,43,2.457622289913775,27.7803887661782,1361.2390495427323,22.440005025680684,0.8313100906072812,1.1006758924617628,21.191797591578283,0.0326150020572641,9.049999789567664e-05
torus_knot_3_4,3,4,1,0.0001,8,8,False,1,2,41,2.4572251353378265,27.511441339591048,1328.483097450246,22.408630637653523,0.8330211126283587,1.1001143960561315,21.22000777466211,0.03269480343987752,9.339999814983457e-05
torus_knot_3_4,3,4,2,0.0001265177680741505,8,8,False,1,2,40,2.457124505373189,27.44120880962582,1320.0418971113977,22.40039816105712,0.833472320053561,1.099987012040265,21.227406899266335,0.03271587867455738,0.00010449999535921961
torus_knot_3_4,3,4,3,0.0001600674563846453,8,8,False,1,2,40,2.457000040391983,27.352989244001883,1309.5038751600048,22.390033985796663,0.8340416876334029,1.0998379087207828,21.236719669754077,0.032742490479926806,9.439999848837033e-05
torus_knot_3_4,3,4,4,0.00020251377323091753,8,8,False,1,2,40,2.4568471673460692,27.242380259896798,1296.3926694631632,22.377002624859628,0.8347596756537535,1.0996677643762742,21.2484250323577,0.0327760754442557,9.680000221123919e-05
torus_knot_3_4,3,4,5,0.0002562159059345033,8,8,False,1,2,40,2.456661186844069,27.104017893635017,1280.1483546150753,22.36064345045545,0.8356643184141679,1.0994805837954116,21.263112412055463,0.03281843182414203,0.0001016000023810193
torus_knot_3_4,3,4,6,0.00032415864563929844,8,8,False,1,2,40,2.4564379298877066,26.931431242583287,1260.126337352785,22.340146652772624,0.8368029501210776,1.0992858716776612,21.281501688500626,0.03287180352553934,9.349999891128391e-05
torus_knot_3_4,3,4,7,0.0004101182834822349,8,8,False,1,2,39,2.4561750420932977,26.716911752119284,1235.6046667988899,22.31452742006025,0.8382342364957136,1.0993441963502477,21.30446347582085,0.03293897880474775,9.71000044955872e-05
torus_knot_3_4,3,4,8,0.000518872498725741,8,8,False,1,2,37,2.4558743736035487,26.451422281259376,1205.8042061116112,22.28259986248484,0.8400305168415928,1.0999591051161013,21.33303737138943,0.0330234026151941,0.00012970000534551218
torus_knot_3_4,3,4,9,0.0006564659045383825,8,8,False,1,2,37,2.455546306485831,26.12458241457129,1169.926715292684,22.24295320914464,0.8422804281173636,1.1012700818019436,21.368444297474696,0.033129297745491934,9.929999941959977e-05
torus_knot_3_4,3,4,10,0.0008305460105897448,8,8,False,1,2,36,2.4552174721507924,25.72477863001296,1127.21554761448,22.193934056089546,0.8450917273007862,1.103306447795553,21.41208698274309,0.033261782456489704,0.00011529999756021425
torus_knot_3_4,3,4,11,0.0010507882754270427,8,8,False,1,2,34,2.4549444029030196,25.23945791243043,1077.041593679795,22.13363980798634,0.8485941409955331,1.106188001551637,21.465530074556256,0.033426958134338734,0.00011539999832166359
torus_knot_3_4,3,4,12,0.0013294338732551514,8,8,False,1,2,34,2.454837566669336,24.655666130681844,1019.012573154868,22.059929665399643,0.8529419380035894,1.1100346517267714,21.53044862765482,0.03363191406386196,9.609999688109383e-05
torus_knot_3_4,3,4,13,0.0016819700644641483,8,8,False,1,2,33,2.455103468821349,23.960880951262908,953.0965179501688,21.970460122294597,0.8583157227618374,1.1149023022405473,21.60853145517567,0.03388454893275496,0.00011220000305911526
torus_knot_3_4,3,4,14,0.0021279909852353904,8,8,False,1,2,31,2.4561176385776853,23.144155809493327,879.7411870669512,21.862751383423802,0.864922661342735,1.1207898569175754,21.70132528409889,0.03419302876777844,0.00010590000601951033
torus_knot_3_4,3,4,15,0.0026922866993389413,8,8,False,1,2,30,2.4585482674926467,22.197531989204265,799.9627249691691,21.734288824812353,0.8729939514779972,1.1276596915825634,21.810008781694638,0.034564584536135895,0.00015749999874969944
torus_knot_3_4,3,4,16,0.003406221042160843,8,8,False,1,2,27,2.4635562311044072,21.11759332520691,715.3731273542426,21.58265927189069,0.88277781820429,1.1354157551020887,21.935095153128323,0.03500323618872464,9.370000043418258e-05
torus_knot_3_4,3,4,17,0.004309474838213967,8,8,False,1,2,26,2.47309318834905,19.906947433959868,628.1211618277014,21.405715584410217,0.8945256834122559,1.143959883559829,22.076082071043658,0.035506059114608225,0.00011129999620607123
torus_knot_3_4,3,4,18,0.005452251381025419,8,8,False,1,2,24,2.490289806413898,18.575345749276064,540.7372289678385,21.201755416892446,0.9084685644779114,1.1530405249589974,22.231103349418085,0.03605808373963011,0.00010520000068936497
torus_knot_3_4,3,4,19,0.006898066757065406,8,8,False,1,2,23,2.5198619768201067,17.140134193111255,455.89667828316294,20.969691683076547,0.9247806508038678,1.1624714877795057,22.39669417057336,0.036627105885659636,9.509999654255807e-05
torus_knot_3_4,3,4,20,0.008727280101304084,8,8,False,1,2,21,2.568385047887138,15.62578030642083,376.14088962957766,20.70918255158431,0.9435286040684319,1.1726017209579715,22.567865755711434,0.037161237662372525,9.800000407267362e-05
torus_knot_3_4,3,4,21,0.011041559997749386,8,8,False,1,2,19,2.6442284211870697,14.062349344721927,303.6112345970879,20.420673362408195,0.9646114390279124,1.1842542583451026,22.738790541745974,0.03759257408420605,0.00011180000001331791
torus_knot_3_4,3,4,22,0.013969535269720744,8,8,False,1,2,18,2.7568698826394735,12.482966686259513,239.85000991544763,20.105269533052187,0.9877127055405568,1.2000238875054066,22.9044764830361,0.03784843806433202,9.589999535819516e-05
torus_knot_3_4,3,4,23,0.017673944233581942,8,8,False,1,2,16,2.9151482425972297,10.92045725717205,185.70136278681565,19.764285189655705,1.0123186467542054,1.2263056093670632,23.06369191061275,0.037867730030437675,0.00014760000340174884
torus_knot_3_4,3,4,24,0.022360679774997897,8,8,False,1,2,15,3.1240096419640784,9.403508854244329,141.3054314805761,19.398178043232306,1.0378858218610179,1.2625815355311067,23.222846498867618,0.03761647833972182,0.00015630000416422263
torus_knot_3_4,3,4,25,0.02829023297753531,8,8,False,1,2,13,3.380179015581177,7.953105368649755,106.13584744534577,19.004450855274293,1.0642107466172814,1.307977651448855,23.4000032788406,0.037095725008558095,0.00011030000314349309
torus_knot_3_4,3,4,26,0.03579217134615496,8,8,False,1,2,12,3.669113715915199,6.581005420318736,79.04289448550645,18.57422655527427,1.0919379358967762,1.3661545463988032,23.629675595176614,0.03633590334889334,0.00014850000297883525
torus_knot_3_4,3,4,27,0.04528345633243088,8,8,False,1,2,11,3.9668318976540897,5.293047059663332,58.384200331101944,18.087798513844064,1.1230978368110494,1.4440704646182054,23.973090210030293,0.035374743920481524,0.0001629999969736673
torus_knot_3_4,3,4,28,0.05729161825862411,8,8,False,1,2,10,3.756246463267977,4.098133726058974,42.39356744892022,17.509989063095983,1.1618073249272278,1.5558499709737306,24.54262928244051,0.03411963289871274,0.00011180000001331791
torus_knot_3_4,3,4,29,0.07248407671437371,8,8,False,1,2,9,3.5158093782915434,3.017546489275933,29.700336314528087,16.785665953040898,1.2157840887755518,1.7311632425969663,25.558082045492768,0.03263496331043113,0.00011130000348202884
torus_knot_3_4,3,4,30,0.09170523606818065,8,8,False,1,2,8,3.256433385950725,2.0851786255849225,19.60991870734554,15.83536938317474,1.300218367847887,2.0352643664550514,27.488543559044075,0.030813054362044724,9.349999891128391e-05
torus_knot_3_4,3,4,31,0.11602341788059299,8,8,False,1,2,7,1.2749848041627054,1.3352715049430581,11.922330547032676,14.555980887459171,1.44813492602936,2.630446855541853,31.47396520881881,0.02847289326754094,9.639999916544184e-05
torus_knot_3_4,3,4,32,0.14679023874587108,8,4,True,1,2,7,2.4870194851642835,0.7853427371821042,6.52812945239344,12.84910703777783,1.742675539256443,4.030678412907546,40.94346271730667,0.025435387993977206,9.509999654255807e-05
torus_knot_3_4,3,4,33,0.18571573381199297,8,4,True,1,2,6,1.8089135293185792,0.42560597572313086,3.145897882675491,10.722796004535406,2.459553962213084,8.731832433326193,71.36673546653263,0.021716261111838157,9.129999671131372e-05
torus_knot_3_4,3,4,34,0.23496340138146393,8,4,True,1,2,5,0.8220044797828538,0.22035642544139297,1.3051236903967227,8.485164128062932,5.334357927727316,48.794976788255624,303.7867576739336,0.017817002370377324,9.760000102687627e-05
torus_knot_3_4,3,4,35,0.2972704512189358,8,0,True,1,2,4,0.8822752604415238,0.11972663469610172,0.4662321705826621,7.001726990025032,4.393296778171713,45.284377353280355,216.21375842949095,0.01469158484884961,9.590000263415277e-05
torus_knot_3_4,3,4,36,0.3760999400261539,8,0,True,1,2,4,2.264549696488581,0.0758715601225038,0.1589180302916522,6.478443004207888,1.4821346149188792,6.064962063436034,23.863204784601805,0.012979967901975205,0.00010760000441223383
torus_knot_3_4,3,4,37,0.4758332498493084,8,0,True,1,2,4,3.247723970470494,0.055383875488039726,0.06912794528009536,6.322318605514342,1.0765403683761725,2.2821737323971507,8.93491978030633,0.012391327093674614,0.00010170000314246863
torus_knot_3_4,3,4,38,0.6020136074640411,8,0,True,1,2,3,3.7372501288263553,0.04187428614579561,0.04329105528626189,6.28833533389597,1.009873642817694,1.3682817755194625,6.614791847371208,0.012275301382768824,0.00010789999942062423
torus_knot_3_4,3,4,39,0.7616541796661821,8,0,True,1,2,3,3.9281114482312103,0.03031016400171116,0.030390195726678934,6.283549203364936,1.0007989214404676,1.093949612160353,6.309040289238631,0.012268097463939797,0.0001384999995934777
torus_knot_3_4,3,4,40,0.9636278685571338,8,0,True,1,2,2,3.9855195799281016,0.02023105214964038,0.020233162547154605,6.28316180936659,1.0000677055911593,1.018209589412378,6.28450871848827,0.01227075291159086,9.270000009564683e-05
torus_knot_3_4,3,4,41,1.2191604718389941,8,0,True,1,2,2,3.9978004616169733,0.01213556784185083,0.012135589063959472,6.283146147761178,1.0000381543334187,1.0023770928316664,6.283517626880151,0.01227162969017781,9.809999755816534e-05
torus_knot_3_4,3,4,42,1.5424546182129775,8,0,True,1,2,2,3.9994862808679295,0.006356971735261099,0.006356971798284375,6.283145882248013,1.00003765335428,1.0002136588775725,6.283500825225753,0.0122717587036918,0.00010620000102790073
torus_knot_3_4,3,4,43,1.951479156519718,8,0,True,1,2,1,3.9996183099474916,0.002805279125075757,0.0028052791251157545,6.28314588073636,1.0000376505020452,1.0000443248608673,6.283500729568498,0.012271768896282427,9.14999982342124e-05
torus_knot_3_4,3,4,44,2.468967873261005,8,0,True,1,2,1,3.999623431283382,0.00099653163907806,0.0009965316390780636,6.283145880734184,1.0000376504979351,1.0000377567798582,6.283500729430726,0.01227176929190689,0.00014269999519456178
torus_knot_3_4,3,4,45,3.123683047717644,8,0,True,1,2,1,3.9996235137165,0.00026903743687009443,0.00026903743687009443,6.283145880734183,1.0000376504979358,1.000037651066142,6.2835007294307115,0.012271769298274969,9.870000212686136e-05
torus_knot_3_4,3,4,46,3.9520140736829643,8,0,True,1,2,1,3.9996235141560996,5.132554022945195e-05,5.132554022945195e-05,6.283145880734182,1.0000376504979342,1.0000376505012338,6.283500729430693,0.012271769298308926,0.0001109000004362315
torus_knot_3_4,3,4,47,5.0,8,0,True,1,2,1,3.999623514156641,6.3105108739982875e-06,6.3105108739982875e-06,6.283145880734183,1.0000376504979376,1.0000376505021447,6.283500729430736,0.012271769298308961,0.00010719999409047887
